"sample_name","y","phat","method_name","dataset"
"pat-3",1,1,"demo_logit","sim-data_n-50_p-200_j-3_beta-30_s-39"
"pat-5",0,1,"demo_logit","sim-data_n-50_p-200_j-3_beta-30_s-39"
"pat-6",0,0,"demo_logit","sim-data_n-50_p-200_j-3_beta-30_s-39"
"pat-7",0,0,"demo_logit","sim-data_n-50_p-200_j-3_beta-30_s-39"
"pat-11",0,0,"demo_logit","sim-data_n-50_p-200_j-3_beta-30_s-39"
"pat-14",0,1,"demo_logit","sim-data_n-50_p-200_j-3_beta-30_s-39"
"pat-16",0,1,"demo_logit","sim-data_n-50_p-200_j-3_beta-30_s-39"
"pat-17",1,1,"demo_logit","sim-data_n-50_p-200_j-3_beta-30_s-39"
"pat-18",1,1,"demo_logit","sim-data_n-50_p-200_j-3_beta-30_s-39"
"pat-19",0,0,"demo_logit","sim-data_n-50_p-200_j-3_beta-30_s-39"
"pat-20",1,0,"demo_logit","sim-data_n-50_p-200_j-3_beta-30_s-39"
"pat-24",0,0,"demo_logit","sim-data_n-50_p-200_j-3_beta-30_s-39"
"pat-26",0,0,"demo_logit","sim-data_n-50_p-200_j-3_beta-30_s-39"
"pat-27",1,0,"demo_logit","sim-data_n-50_p-200_j-3_beta-30_s-39"
"pat-28",1,0,"demo_logit","sim-data_n-50_p-200_j-3_beta-30_s-39"
"pat-31",0,0,"demo_logit","sim-data_n-50_p-200_j-3_beta-30_s-39"
"pat-33",0,0,"demo_logit","sim-data_n-50_p-200_j-3_beta-30_s-39"
"pat-34",1,0,"demo_logit","sim-data_n-50_p-200_j-3_beta-30_s-39"
"pat-37",0,1,"demo_logit","sim-data_n-50_p-200_j-3_beta-30_s-39"
"pat-40",1,0,"demo_logit","sim-data_n-50_p-200_j-3_beta-30_s-39"
"pat-43",0,1,"demo_logit","sim-data_n-50_p-200_j-3_beta-30_s-39"
"pat-44",0,0,"demo_logit","sim-data_n-50_p-200_j-3_beta-30_s-39"
"pat-46",1,0,"demo_logit","sim-data_n-50_p-200_j-3_beta-30_s-39"
"pat-48",1,0,"demo_logit","sim-data_n-50_p-200_j-3_beta-30_s-39"
"pat-50",0,1,"demo_logit","sim-data_n-50_p-200_j-3_beta-30_s-39"
"pat-1",0,0,"demo_logit","sim-data_n-50_p-200_j-3_beta-30_s-39"
"pat-2",1,1,"demo_logit","sim-data_n-50_p-200_j-3_beta-30_s-39"
"pat-4",1,1,"demo_logit","sim-data_n-50_p-200_j-3_beta-30_s-39"
"pat-8",1,0,"demo_logit","sim-data_n-50_p-200_j-3_beta-30_s-39"
"pat-9",0,1,"demo_logit","sim-data_n-50_p-200_j-3_beta-30_s-39"
"pat-10",1,1,"demo_logit","sim-data_n-50_p-200_j-3_beta-30_s-39"
"pat-12",0,0,"demo_logit","sim-data_n-50_p-200_j-3_beta-30_s-39"
"pat-13",1,0,"demo_logit","sim-data_n-50_p-200_j-3_beta-30_s-39"
"pat-15",0,1,"demo_logit","sim-data_n-50_p-200_j-3_beta-30_s-39"
"pat-21",0,0,"demo_logit","sim-data_n-50_p-200_j-3_beta-30_s-39"
"pat-22",1,1,"demo_logit","sim-data_n-50_p-200_j-3_beta-30_s-39"
"pat-23",1,0,"demo_logit","sim-data_n-50_p-200_j-3_beta-30_s-39"
"pat-25",1,0,"demo_logit","sim-data_n-50_p-200_j-3_beta-30_s-39"
"pat-29",1,1,"demo_logit","sim-data_n-50_p-200_j-3_beta-30_s-39"
"pat-30",1,1,"demo_logit","sim-data_n-50_p-200_j-3_beta-30_s-39"
"pat-32",0,1,"demo_logit","sim-data_n-50_p-200_j-3_beta-30_s-39"
"pat-35",1,1,"demo_logit","sim-data_n-50_p-200_j-3_beta-30_s-39"
"pat-36",1,0,"demo_logit","sim-data_n-50_p-200_j-3_beta-30_s-39"
"pat-38",0,1,"demo_logit","sim-data_n-50_p-200_j-3_beta-30_s-39"
"pat-39",1,1,"demo_logit","sim-data_n-50_p-200_j-3_beta-30_s-39"
"pat-41",1,1,"demo_logit","sim-data_n-50_p-200_j-3_beta-30_s-39"
"pat-42",0,0,"demo_logit","sim-data_n-50_p-200_j-3_beta-30_s-39"
"pat-45",1,0,"demo_logit","sim-data_n-50_p-200_j-3_beta-30_s-39"
"pat-47",1,0,"demo_logit","sim-data_n-50_p-200_j-3_beta-30_s-39"
"pat-49",0,0,"demo_logit","sim-data_n-50_p-200_j-3_beta-30_s-39"
"subject1",1,1,"demo_logit","sim-data_n-100_effect-2_sigma-indep_corr-0"
"subject7",1,1,"demo_logit","sim-data_n-100_effect-2_sigma-indep_corr-0"
"subject8",0,1,"demo_logit","sim-data_n-100_effect-2_sigma-indep_corr-0"
"subject12",1,1,"demo_logit","sim-data_n-100_effect-2_sigma-indep_corr-0"
"subject16",1,1,"demo_logit","sim-data_n-100_effect-2_sigma-indep_corr-0"
"subject21",0,0,"demo_logit","sim-data_n-100_effect-2_sigma-indep_corr-0"
"subject24",0,0,"demo_logit","sim-data_n-100_effect-2_sigma-indep_corr-0"
"subject25",1,1,"demo_logit","sim-data_n-100_effect-2_sigma-indep_corr-0"
"subject27",0,0,"demo_logit","sim-data_n-100_effect-2_sigma-indep_corr-0"
"subject28",0,0.151,"demo_logit","sim-data_n-100_effect-2_sigma-indep_corr-0"
"subject32",0,0,"demo_logit","sim-data_n-100_effect-2_sigma-indep_corr-0"
"subject38",0,1,"demo_logit","sim-data_n-100_effect-2_sigma-indep_corr-0"
"subject40",0,0,"demo_logit","sim-data_n-100_effect-2_sigma-indep_corr-0"
"subject43",0,0,"demo_logit","sim-data_n-100_effect-2_sigma-indep_corr-0"
"subject45",0,0.784,"demo_logit","sim-data_n-100_effect-2_sigma-indep_corr-0"
"subject46",1,1,"demo_logit","sim-data_n-100_effect-2_sigma-indep_corr-0"
"subject47",1,1,"demo_logit","sim-data_n-100_effect-2_sigma-indep_corr-0"
"subject51",0,1,"demo_logit","sim-data_n-100_effect-2_sigma-indep_corr-0"
"subject55",0,1,"demo_logit","sim-data_n-100_effect-2_sigma-indep_corr-0"
"subject59",1,1,"demo_logit","sim-data_n-100_effect-2_sigma-indep_corr-0"
"subject60",0,0.012,"demo_logit","sim-data_n-100_effect-2_sigma-indep_corr-0"
"subject68",1,1,"demo_logit","sim-data_n-100_effect-2_sigma-indep_corr-0"
"subject71",0,0,"demo_logit","sim-data_n-100_effect-2_sigma-indep_corr-0"
"subject72",1,1,"demo_logit","sim-data_n-100_effect-2_sigma-indep_corr-0"
"subject75",0,0,"demo_logit","sim-data_n-100_effect-2_sigma-indep_corr-0"
"subject79",0,0,"demo_logit","sim-data_n-100_effect-2_sigma-indep_corr-0"
"subject81",1,1,"demo_logit","sim-data_n-100_effect-2_sigma-indep_corr-0"
"subject82",1,1,"demo_logit","sim-data_n-100_effect-2_sigma-indep_corr-0"
"subject88",1,1,"demo_logit","sim-data_n-100_effect-2_sigma-indep_corr-0"
"subject91",1,1,"demo_logit","sim-data_n-100_effect-2_sigma-indep_corr-0"
"subject6",0,0.326,"demo_logit","sim-data_n-50_effect-2_sigma-indep_corr-1"
"subject7",1,1,"demo_logit","sim-data_n-50_effect-2_sigma-indep_corr-1"
"subject11",1,1,"demo_logit","sim-data_n-50_effect-2_sigma-indep_corr-1"
"subject22",0,0,"demo_logit","sim-data_n-50_effect-2_sigma-indep_corr-1"
"subject23",1,1,"demo_logit","sim-data_n-50_effect-2_sigma-indep_corr-1"
"subject26",1,1,"demo_logit","sim-data_n-50_effect-2_sigma-indep_corr-1"
"subject27",1,1,"demo_logit","sim-data_n-50_effect-2_sigma-indep_corr-1"
"subject30",1,1,"demo_logit","sim-data_n-50_effect-2_sigma-indep_corr-1"
"subject31",1,1,"demo_logit","sim-data_n-50_effect-2_sigma-indep_corr-1"
"subject35",1,1,"demo_logit","sim-data_n-50_effect-2_sigma-indep_corr-1"
"subject40",0,0,"demo_logit","sim-data_n-50_effect-2_sigma-indep_corr-1"
"subject42",0,0,"demo_logit","sim-data_n-50_effect-2_sigma-indep_corr-1"
"subject44",0,0,"demo_logit","sim-data_n-50_effect-2_sigma-indep_corr-1"
"subject46",0,0,"demo_logit","sim-data_n-50_effect-2_sigma-indep_corr-1"
"subject48",1,0.125,"demo_logit","sim-data_n-50_effect-2_sigma-indep_corr-1"
"subject1",0,0,"demo_logit","sim-data_n-50_effect-2_sigma-indep_corr-0.5"
"subject3",1,1,"demo_logit","sim-data_n-50_effect-2_sigma-indep_corr-0.5"
"subject7",0,0,"demo_logit","sim-data_n-50_effect-2_sigma-indep_corr-0.5"
"subject9",0,0,"demo_logit","sim-data_n-50_effect-2_sigma-indep_corr-0.5"
"subject14",1,1,"demo_logit","sim-data_n-50_effect-2_sigma-indep_corr-0.5"
"subject15",1,1,"demo_logit","sim-data_n-50_effect-2_sigma-indep_corr-0.5"
"subject17",1,1,"demo_logit","sim-data_n-50_effect-2_sigma-indep_corr-0.5"
"subject24",1,1,"demo_logit","sim-data_n-50_effect-2_sigma-indep_corr-0.5"
"subject26",0,0,"demo_logit","sim-data_n-50_effect-2_sigma-indep_corr-0.5"
"subject34",0,0,"demo_logit","sim-data_n-50_effect-2_sigma-indep_corr-0.5"
"subject37",1,1,"demo_logit","sim-data_n-50_effect-2_sigma-indep_corr-0.5"
"subject40",1,1,"demo_logit","sim-data_n-50_effect-2_sigma-indep_corr-0.5"
"subject42",0,1,"demo_logit","sim-data_n-50_effect-2_sigma-indep_corr-0.5"
"subject45",0,0,"demo_logit","sim-data_n-50_effect-2_sigma-indep_corr-0.5"
"subject49",0,0,"demo_logit","sim-data_n-50_effect-2_sigma-indep_corr-0.5"
"subject1",1,1,"demo_logit","sim-data_n-500_effect-2_sigma-indep_corr-0"
"subject2",0,0,"demo_logit","sim-data_n-500_effect-2_sigma-indep_corr-0"
"subject5",1,1,"demo_logit","sim-data_n-500_effect-2_sigma-indep_corr-0"
"subject7",1,1,"demo_logit","sim-data_n-500_effect-2_sigma-indep_corr-0"
"subject8",1,1,"demo_logit","sim-data_n-500_effect-2_sigma-indep_corr-0"
"subject10",1,1,"demo_logit","sim-data_n-500_effect-2_sigma-indep_corr-0"
"subject22",1,1,"demo_logit","sim-data_n-500_effect-2_sigma-indep_corr-0"
"subject26",0,0,"demo_logit","sim-data_n-500_effect-2_sigma-indep_corr-0"
"subject27",1,1,"demo_logit","sim-data_n-500_effect-2_sigma-indep_corr-0"
"subject31",0,0,"demo_logit","sim-data_n-500_effect-2_sigma-indep_corr-0"
"subject32",0,0,"demo_logit","sim-data_n-500_effect-2_sigma-indep_corr-0"
"subject33",1,1,"demo_logit","sim-data_n-500_effect-2_sigma-indep_corr-0"
"subject34",1,1,"demo_logit","sim-data_n-500_effect-2_sigma-indep_corr-0"
"subject36",1,1,"demo_logit","sim-data_n-500_effect-2_sigma-indep_corr-0"
"subject37",1,1,"demo_logit","sim-data_n-500_effect-2_sigma-indep_corr-0"
"subject40",0,0,"demo_logit","sim-data_n-500_effect-2_sigma-indep_corr-0"
"subject42",1,1,"demo_logit","sim-data_n-500_effect-2_sigma-indep_corr-0"
"subject44",0,0,"demo_logit","sim-data_n-500_effect-2_sigma-indep_corr-0"
"subject47",1,1,"demo_logit","sim-data_n-500_effect-2_sigma-indep_corr-0"
"subject52",0,0,"demo_logit","sim-data_n-500_effect-2_sigma-indep_corr-0"
"subject68",1,1,"demo_logit","sim-data_n-500_effect-2_sigma-indep_corr-0"
"subject69",0,0,"demo_logit","sim-data_n-500_effect-2_sigma-indep_corr-0"
"subject76",1,1,"demo_logit","sim-data_n-500_effect-2_sigma-indep_corr-0"
"subject80",0,0,"demo_logit","sim-data_n-500_effect-2_sigma-indep_corr-0"
"subject81",1,1,"demo_logit","sim-data_n-500_effect-2_sigma-indep_corr-0"
"subject83",1,1,"demo_logit","sim-data_n-500_effect-2_sigma-indep_corr-0"
"subject85",1,1,"demo_logit","sim-data_n-500_effect-2_sigma-indep_corr-0"
"subject87",1,1,"demo_logit","sim-data_n-500_effect-2_sigma-indep_corr-0"
"subject88",0,0,"demo_logit","sim-data_n-500_effect-2_sigma-indep_corr-0"
"subject96",1,1,"demo_logit","sim-data_n-500_effect-2_sigma-indep_corr-0"
"subject97",1,1,"demo_logit","sim-data_n-500_effect-2_sigma-indep_corr-0"
"subject101",1,1,"demo_logit","sim-data_n-500_effect-2_sigma-indep_corr-0"
"subject102",0,0,"demo_logit","sim-data_n-500_effect-2_sigma-indep_corr-0"
"subject112",1,1,"demo_logit","sim-data_n-500_effect-2_sigma-indep_corr-0"
"subject115",0,0,"demo_logit","sim-data_n-500_effect-2_sigma-indep_corr-0"
"subject116",1,1,"demo_logit","sim-data_n-500_effect-2_sigma-indep_corr-0"
"subject120",1,1,"demo_logit","sim-data_n-500_effect-2_sigma-indep_corr-0"
"subject122",0,0,"demo_logit","sim-data_n-500_effect-2_sigma-indep_corr-0"
"subject124",1,1,"demo_logit","sim-data_n-500_effect-2_sigma-indep_corr-0"
"subject125",0,0,"demo_logit","sim-data_n-500_effect-2_sigma-indep_corr-0"
"subject127",0,0,"demo_logit","sim-data_n-500_effect-2_sigma-indep_corr-0"
"subject132",0,0,"demo_logit","sim-data_n-500_effect-2_sigma-indep_corr-0"
"subject136",0,0,"demo_logit","sim-data_n-500_effect-2_sigma-indep_corr-0"
"subject141",1,1,"demo_logit","sim-data_n-500_effect-2_sigma-indep_corr-0"
"subject142",0,0,"demo_logit","sim-data_n-500_effect-2_sigma-indep_corr-0"
"subject143",1,1,"demo_logit","sim-data_n-500_effect-2_sigma-indep_corr-0"
"subject152",1,1,"demo_logit","sim-data_n-500_effect-2_sigma-indep_corr-0"
"subject154",0,0,"demo_logit","sim-data_n-500_effect-2_sigma-indep_corr-0"
"subject155",1,1,"demo_logit","sim-data_n-500_effect-2_sigma-indep_corr-0"
"subject158",0,0,"demo_logit","sim-data_n-500_effect-2_sigma-indep_corr-0"
"subject160",1,1,"demo_logit","sim-data_n-500_effect-2_sigma-indep_corr-0"
"subject167",1,1,"demo_logit","sim-data_n-500_effect-2_sigma-indep_corr-0"
"subject170",0,0,"demo_logit","sim-data_n-500_effect-2_sigma-indep_corr-0"
"subject171",1,1,"demo_logit","sim-data_n-500_effect-2_sigma-indep_corr-0"
"subject174",1,1,"demo_logit","sim-data_n-500_effect-2_sigma-indep_corr-0"
"subject176",0,0,"demo_logit","sim-data_n-500_effect-2_sigma-indep_corr-0"
"subject178",0,0,"demo_logit","sim-data_n-500_effect-2_sigma-indep_corr-0"
"subject183",1,1,"demo_logit","sim-data_n-500_effect-2_sigma-indep_corr-0"
"subject186",1,1,"demo_logit","sim-data_n-500_effect-2_sigma-indep_corr-0"
"subject187",0,0,"demo_logit","sim-data_n-500_effect-2_sigma-indep_corr-0"
"subject193",0,0,"demo_logit","sim-data_n-500_effect-2_sigma-indep_corr-0"
"subject195",0,0,"demo_logit","sim-data_n-500_effect-2_sigma-indep_corr-0"
"subject199",0,0,"demo_logit","sim-data_n-500_effect-2_sigma-indep_corr-0"
"subject202",0,0,"demo_logit","sim-data_n-500_effect-2_sigma-indep_corr-0"
"subject206",1,1,"demo_logit","sim-data_n-500_effect-2_sigma-indep_corr-0"
"subject215",0,0,"demo_logit","sim-data_n-500_effect-2_sigma-indep_corr-0"
"subject218",0,0,"demo_logit","sim-data_n-500_effect-2_sigma-indep_corr-0"
"subject219",0,0,"demo_logit","sim-data_n-500_effect-2_sigma-indep_corr-0"
"subject227",0,0,"demo_logit","sim-data_n-500_effect-2_sigma-indep_corr-0"
"subject230",1,1,"demo_logit","sim-data_n-500_effect-2_sigma-indep_corr-0"
"subject233",1,1,"demo_logit","sim-data_n-500_effect-2_sigma-indep_corr-0"
"subject240",1,1,"demo_logit","sim-data_n-500_effect-2_sigma-indep_corr-0"
"subject243",0,0,"demo_logit","sim-data_n-500_effect-2_sigma-indep_corr-0"
"subject248",0,0,"demo_logit","sim-data_n-500_effect-2_sigma-indep_corr-0"
"subject252",0,0,"demo_logit","sim-data_n-500_effect-2_sigma-indep_corr-0"
"subject254",0,0,"demo_logit","sim-data_n-500_effect-2_sigma-indep_corr-0"
"subject256",1,1,"demo_logit","sim-data_n-500_effect-2_sigma-indep_corr-0"
"subject262",0,0,"demo_logit","sim-data_n-500_effect-2_sigma-indep_corr-0"
"subject271",0,0,"demo_logit","sim-data_n-500_effect-2_sigma-indep_corr-0"
"subject273",0,0,"demo_logit","sim-data_n-500_effect-2_sigma-indep_corr-0"
"subject276",0,0,"demo_logit","sim-data_n-500_effect-2_sigma-indep_corr-0"
"subject277",1,1,"demo_logit","sim-data_n-500_effect-2_sigma-indep_corr-0"
"subject279",0,0,"demo_logit","sim-data_n-500_effect-2_sigma-indep_corr-0"
"subject281",0,0,"demo_logit","sim-data_n-500_effect-2_sigma-indep_corr-0"
"subject289",0,0,"demo_logit","sim-data_n-500_effect-2_sigma-indep_corr-0"
"subject292",1,1,"demo_logit","sim-data_n-500_effect-2_sigma-indep_corr-0"
"subject294",1,1,"demo_logit","sim-data_n-500_effect-2_sigma-indep_corr-0"
"subject295",0,0,"demo_logit","sim-data_n-500_effect-2_sigma-indep_corr-0"
"subject296",1,1,"demo_logit","sim-data_n-500_effect-2_sigma-indep_corr-0"
"subject297",1,1,"demo_logit","sim-data_n-500_effect-2_sigma-indep_corr-0"
"subject299",0,0,"demo_logit","sim-data_n-500_effect-2_sigma-indep_corr-0"
"subject305",0,0,"demo_logit","sim-data_n-500_effect-2_sigma-indep_corr-0"
"subject310",1,1,"demo_logit","sim-data_n-500_effect-2_sigma-indep_corr-0"
"subject312",1,1,"demo_logit","sim-data_n-500_effect-2_sigma-indep_corr-0"
"subject314",1,1,"demo_logit","sim-data_n-500_effect-2_sigma-indep_corr-0"
"subject315",0,0,"demo_logit","sim-data_n-500_effect-2_sigma-indep_corr-0"
"subject316",0,0,"demo_logit","sim-data_n-500_effect-2_sigma-indep_corr-0"
"subject317",1,1,"demo_logit","sim-data_n-500_effect-2_sigma-indep_corr-0"
"subject322",0,0,"demo_logit","sim-data_n-500_effect-2_sigma-indep_corr-0"
"subject323",1,1,"demo_logit","sim-data_n-500_effect-2_sigma-indep_corr-0"
"subject324",0,0,"demo_logit","sim-data_n-500_effect-2_sigma-indep_corr-0"
"subject325",1,1,"demo_logit","sim-data_n-500_effect-2_sigma-indep_corr-0"
"subject328",0,0,"demo_logit","sim-data_n-500_effect-2_sigma-indep_corr-0"
"subject337",1,1,"demo_logit","sim-data_n-500_effect-2_sigma-indep_corr-0"
"subject339",0,0,"demo_logit","sim-data_n-500_effect-2_sigma-indep_corr-0"
"subject346",1,1,"demo_logit","sim-data_n-500_effect-2_sigma-indep_corr-0"
"subject348",0,0,"demo_logit","sim-data_n-500_effect-2_sigma-indep_corr-0"
"subject351",1,1,"demo_logit","sim-data_n-500_effect-2_sigma-indep_corr-0"
"subject352",1,1,"demo_logit","sim-data_n-500_effect-2_sigma-indep_corr-0"
"subject363",0,0,"demo_logit","sim-data_n-500_effect-2_sigma-indep_corr-0"
"subject365",1,1,"demo_logit","sim-data_n-500_effect-2_sigma-indep_corr-0"
"subject368",1,1,"demo_logit","sim-data_n-500_effect-2_sigma-indep_corr-0"
"subject371",1,1,"demo_logit","sim-data_n-500_effect-2_sigma-indep_corr-0"
"subject372",1,1,"demo_logit","sim-data_n-500_effect-2_sigma-indep_corr-0"
"subject379",0,0,"demo_logit","sim-data_n-500_effect-2_sigma-indep_corr-0"
"subject385",0,0,"demo_logit","sim-data_n-500_effect-2_sigma-indep_corr-0"
"subject392",1,1,"demo_logit","sim-data_n-500_effect-2_sigma-indep_corr-0"
"subject393",0,0,"demo_logit","sim-data_n-500_effect-2_sigma-indep_corr-0"
"subject394",0,0,"demo_logit","sim-data_n-500_effect-2_sigma-indep_corr-0"
"subject399",0,0,"demo_logit","sim-data_n-500_effect-2_sigma-indep_corr-0"
"subject401",1,1,"demo_logit","sim-data_n-500_effect-2_sigma-indep_corr-0"
"subject404",0,0,"demo_logit","sim-data_n-500_effect-2_sigma-indep_corr-0"
"subject405",1,1,"demo_logit","sim-data_n-500_effect-2_sigma-indep_corr-0"
"subject413",1,1,"demo_logit","sim-data_n-500_effect-2_sigma-indep_corr-0"
"subject414",1,1,"demo_logit","sim-data_n-500_effect-2_sigma-indep_corr-0"
"subject420",0,0,"demo_logit","sim-data_n-500_effect-2_sigma-indep_corr-0"
"subject423",0,0,"demo_logit","sim-data_n-500_effect-2_sigma-indep_corr-0"
"subject425",0,0,"demo_logit","sim-data_n-500_effect-2_sigma-indep_corr-0"
"subject427",1,1,"demo_logit","sim-data_n-500_effect-2_sigma-indep_corr-0"
"subject429",1,1,"demo_logit","sim-data_n-500_effect-2_sigma-indep_corr-0"
"subject431",1,1,"demo_logit","sim-data_n-500_effect-2_sigma-indep_corr-0"
"subject435",0,0,"demo_logit","sim-data_n-500_effect-2_sigma-indep_corr-0"
"subject438",1,1,"demo_logit","sim-data_n-500_effect-2_sigma-indep_corr-0"
"subject439",1,1,"demo_logit","sim-data_n-500_effect-2_sigma-indep_corr-0"
"subject441",0,0,"demo_logit","sim-data_n-500_effect-2_sigma-indep_corr-0"
"subject443",0,0,"demo_logit","sim-data_n-500_effect-2_sigma-indep_corr-0"
"subject450",1,1,"demo_logit","sim-data_n-500_effect-2_sigma-indep_corr-0"
"subject456",0,0,"demo_logit","sim-data_n-500_effect-2_sigma-indep_corr-0"
"subject467",0,0,"demo_logit","sim-data_n-500_effect-2_sigma-indep_corr-0"
"subject469",0,0,"demo_logit","sim-data_n-500_effect-2_sigma-indep_corr-0"
"subject472",0,0,"demo_logit","sim-data_n-500_effect-2_sigma-indep_corr-0"
"subject478",1,1,"demo_logit","sim-data_n-500_effect-2_sigma-indep_corr-0"
"subject482",0,0,"demo_logit","sim-data_n-500_effect-2_sigma-indep_corr-0"
"subject486",0,0,"demo_logit","sim-data_n-500_effect-2_sigma-indep_corr-0"
"subject488",0,0,"demo_logit","sim-data_n-500_effect-2_sigma-indep_corr-0"
"subject490",1,1,"demo_logit","sim-data_n-500_effect-2_sigma-indep_corr-0"
"subject491",0,0,"demo_logit","sim-data_n-500_effect-2_sigma-indep_corr-0"
"subject492",1,1,"demo_logit","sim-data_n-500_effect-2_sigma-indep_corr-0"
"subject496",0,0,"demo_logit","sim-data_n-500_effect-2_sigma-indep_corr-0"
"subject500",0,0,"demo_logit","sim-data_n-500_effect-2_sigma-indep_corr-0"
"subject1",0,0,"demo_logit","sim-data_n-500_effect-2_sigma-indep_corr-0.5"
"subject2",0,0,"demo_logit","sim-data_n-500_effect-2_sigma-indep_corr-0.5"
"subject9",1,1,"demo_logit","sim-data_n-500_effect-2_sigma-indep_corr-0.5"
"subject12",1,1,"demo_logit","sim-data_n-500_effect-2_sigma-indep_corr-0.5"
"subject15",0,0,"demo_logit","sim-data_n-500_effect-2_sigma-indep_corr-0.5"
"subject16",1,1,"demo_logit","sim-data_n-500_effect-2_sigma-indep_corr-0.5"
"subject24",0,0,"demo_logit","sim-data_n-500_effect-2_sigma-indep_corr-0.5"
"subject30",1,1,"demo_logit","sim-data_n-500_effect-2_sigma-indep_corr-0.5"
"subject31",1,1,"demo_logit","sim-data_n-500_effect-2_sigma-indep_corr-0.5"
"subject36",1,1,"demo_logit","sim-data_n-500_effect-2_sigma-indep_corr-0.5"
"subject40",1,1,"demo_logit","sim-data_n-500_effect-2_sigma-indep_corr-0.5"
"subject44",1,1,"demo_logit","sim-data_n-500_effect-2_sigma-indep_corr-0.5"
"subject45",1,1,"demo_logit","sim-data_n-500_effect-2_sigma-indep_corr-0.5"
"subject46",0,0,"demo_logit","sim-data_n-500_effect-2_sigma-indep_corr-0.5"
"subject47",1,1,"demo_logit","sim-data_n-500_effect-2_sigma-indep_corr-0.5"
"subject48",0,0,"demo_logit","sim-data_n-500_effect-2_sigma-indep_corr-0.5"
"subject51",1,1,"demo_logit","sim-data_n-500_effect-2_sigma-indep_corr-0.5"
"subject52",1,1,"demo_logit","sim-data_n-500_effect-2_sigma-indep_corr-0.5"
"subject57",0,0,"demo_logit","sim-data_n-500_effect-2_sigma-indep_corr-0.5"
"subject61",1,1,"demo_logit","sim-data_n-500_effect-2_sigma-indep_corr-0.5"
"subject73",1,1,"demo_logit","sim-data_n-500_effect-2_sigma-indep_corr-0.5"
"subject74",0,0,"demo_logit","sim-data_n-500_effect-2_sigma-indep_corr-0.5"
"subject81",1,1,"demo_logit","sim-data_n-500_effect-2_sigma-indep_corr-0.5"
"subject83",0,0,"demo_logit","sim-data_n-500_effect-2_sigma-indep_corr-0.5"
"subject84",0,0,"demo_logit","sim-data_n-500_effect-2_sigma-indep_corr-0.5"
"subject85",1,1,"demo_logit","sim-data_n-500_effect-2_sigma-indep_corr-0.5"
"subject88",1,1,"demo_logit","sim-data_n-500_effect-2_sigma-indep_corr-0.5"
"subject93",1,1,"demo_logit","sim-data_n-500_effect-2_sigma-indep_corr-0.5"
"subject94",1,1,"demo_logit","sim-data_n-500_effect-2_sigma-indep_corr-0.5"
"subject98",1,1,"demo_logit","sim-data_n-500_effect-2_sigma-indep_corr-0.5"
"subject99",1,1,"demo_logit","sim-data_n-500_effect-2_sigma-indep_corr-0.5"
"subject102",0,0,"demo_logit","sim-data_n-500_effect-2_sigma-indep_corr-0.5"
"subject103",0,0,"demo_logit","sim-data_n-500_effect-2_sigma-indep_corr-0.5"
"subject109",0,0,"demo_logit","sim-data_n-500_effect-2_sigma-indep_corr-0.5"
"subject112",0,0,"demo_logit","sim-data_n-500_effect-2_sigma-indep_corr-0.5"
"subject114",1,1,"demo_logit","sim-data_n-500_effect-2_sigma-indep_corr-0.5"
"subject116",1,1,"demo_logit","sim-data_n-500_effect-2_sigma-indep_corr-0.5"
"subject118",0,0,"demo_logit","sim-data_n-500_effect-2_sigma-indep_corr-0.5"
"subject121",1,1,"demo_logit","sim-data_n-500_effect-2_sigma-indep_corr-0.5"
"subject122",0,0,"demo_logit","sim-data_n-500_effect-2_sigma-indep_corr-0.5"
"subject123",1,1,"demo_logit","sim-data_n-500_effect-2_sigma-indep_corr-0.5"
"subject127",1,1,"demo_logit","sim-data_n-500_effect-2_sigma-indep_corr-0.5"
"subject132",1,1,"demo_logit","sim-data_n-500_effect-2_sigma-indep_corr-0.5"
"subject141",1,1,"demo_logit","sim-data_n-500_effect-2_sigma-indep_corr-0.5"
"subject142",0,0,"demo_logit","sim-data_n-500_effect-2_sigma-indep_corr-0.5"
"subject143",1,1,"demo_logit","sim-data_n-500_effect-2_sigma-indep_corr-0.5"
"subject146",1,1,"demo_logit","sim-data_n-500_effect-2_sigma-indep_corr-0.5"
"subject147",0,0,"demo_logit","sim-data_n-500_effect-2_sigma-indep_corr-0.5"
"subject148",0,0,"demo_logit","sim-data_n-500_effect-2_sigma-indep_corr-0.5"
"subject150",0,0,"demo_logit","sim-data_n-500_effect-2_sigma-indep_corr-0.5"
"subject151",1,1,"demo_logit","sim-data_n-500_effect-2_sigma-indep_corr-0.5"
"subject156",0,0,"demo_logit","sim-data_n-500_effect-2_sigma-indep_corr-0.5"
"subject159",0,0,"demo_logit","sim-data_n-500_effect-2_sigma-indep_corr-0.5"
"subject163",0,0,"demo_logit","sim-data_n-500_effect-2_sigma-indep_corr-0.5"
"subject165",0,0,"demo_logit","sim-data_n-500_effect-2_sigma-indep_corr-0.5"
"subject169",1,1,"demo_logit","sim-data_n-500_effect-2_sigma-indep_corr-0.5"
"subject171",1,1,"demo_logit","sim-data_n-500_effect-2_sigma-indep_corr-0.5"
"subject176",0,0,"demo_logit","sim-data_n-500_effect-2_sigma-indep_corr-0.5"
"subject179",1,1,"demo_logit","sim-data_n-500_effect-2_sigma-indep_corr-0.5"
"subject180",1,1,"demo_logit","sim-data_n-500_effect-2_sigma-indep_corr-0.5"
"subject184",1,1,"demo_logit","sim-data_n-500_effect-2_sigma-indep_corr-0.5"
"subject187",0,0,"demo_logit","sim-data_n-500_effect-2_sigma-indep_corr-0.5"
"subject190",0,0,"demo_logit","sim-data_n-500_effect-2_sigma-indep_corr-0.5"
"subject196",1,1,"demo_logit","sim-data_n-500_effect-2_sigma-indep_corr-0.5"
"subject197",0,0,"demo_logit","sim-data_n-500_effect-2_sigma-indep_corr-0.5"
"subject209",0,0,"demo_logit","sim-data_n-500_effect-2_sigma-indep_corr-0.5"
"subject212",0,0,"demo_logit","sim-data_n-500_effect-2_sigma-indep_corr-0.5"
"subject215",0,0,"demo_logit","sim-data_n-500_effect-2_sigma-indep_corr-0.5"
"subject222",0,0,"demo_logit","sim-data_n-500_effect-2_sigma-indep_corr-0.5"
"subject224",1,1,"demo_logit","sim-data_n-500_effect-2_sigma-indep_corr-0.5"
"subject230",0,0,"demo_logit","sim-data_n-500_effect-2_sigma-indep_corr-0.5"
"subject236",1,1,"demo_logit","sim-data_n-500_effect-2_sigma-indep_corr-0.5"
"subject237",0,0,"demo_logit","sim-data_n-500_effect-2_sigma-indep_corr-0.5"
"subject242",0,0,"demo_logit","sim-data_n-500_effect-2_sigma-indep_corr-0.5"
"subject247",1,1,"demo_logit","sim-data_n-500_effect-2_sigma-indep_corr-0.5"
"subject249",0,0,"demo_logit","sim-data_n-500_effect-2_sigma-indep_corr-0.5"
"subject250",1,1,"demo_logit","sim-data_n-500_effect-2_sigma-indep_corr-0.5"
"subject257",0,0,"demo_logit","sim-data_n-500_effect-2_sigma-indep_corr-0.5"
"subject261",1,1,"demo_logit","sim-data_n-500_effect-2_sigma-indep_corr-0.5"
"subject263",0,0,"demo_logit","sim-data_n-500_effect-2_sigma-indep_corr-0.5"
"subject267",0,0,"demo_logit","sim-data_n-500_effect-2_sigma-indep_corr-0.5"
"subject269",0,0,"demo_logit","sim-data_n-500_effect-2_sigma-indep_corr-0.5"
"subject273",0,0,"demo_logit","sim-data_n-500_effect-2_sigma-indep_corr-0.5"
"subject274",0,0,"demo_logit","sim-data_n-500_effect-2_sigma-indep_corr-0.5"
"subject278",0,0,"demo_logit","sim-data_n-500_effect-2_sigma-indep_corr-0.5"
"subject279",1,1,"demo_logit","sim-data_n-500_effect-2_sigma-indep_corr-0.5"
"subject280",1,1,"demo_logit","sim-data_n-500_effect-2_sigma-indep_corr-0.5"
"subject281",0,0,"demo_logit","sim-data_n-500_effect-2_sigma-indep_corr-0.5"
"subject282",0,0,"demo_logit","sim-data_n-500_effect-2_sigma-indep_corr-0.5"
"subject284",0,0,"demo_logit","sim-data_n-500_effect-2_sigma-indep_corr-0.5"
"subject285",1,1,"demo_logit","sim-data_n-500_effect-2_sigma-indep_corr-0.5"
"subject291",1,1,"demo_logit","sim-data_n-500_effect-2_sigma-indep_corr-0.5"
"subject297",0,0,"demo_logit","sim-data_n-500_effect-2_sigma-indep_corr-0.5"
"subject298",1,1,"demo_logit","sim-data_n-500_effect-2_sigma-indep_corr-0.5"
"subject301",1,1,"demo_logit","sim-data_n-500_effect-2_sigma-indep_corr-0.5"
"subject302",0,0,"demo_logit","sim-data_n-500_effect-2_sigma-indep_corr-0.5"
"subject303",1,1,"demo_logit","sim-data_n-500_effect-2_sigma-indep_corr-0.5"
"subject304",0,0,"demo_logit","sim-data_n-500_effect-2_sigma-indep_corr-0.5"
"subject307",1,1,"demo_logit","sim-data_n-500_effect-2_sigma-indep_corr-0.5"
"subject308",0,0,"demo_logit","sim-data_n-500_effect-2_sigma-indep_corr-0.5"
"subject310",0,0,"demo_logit","sim-data_n-500_effect-2_sigma-indep_corr-0.5"
"subject312",1,1,"demo_logit","sim-data_n-500_effect-2_sigma-indep_corr-0.5"
"subject313",0,0,"demo_logit","sim-data_n-500_effect-2_sigma-indep_corr-0.5"
"subject322",1,1,"demo_logit","sim-data_n-500_effect-2_sigma-indep_corr-0.5"
"subject324",1,1,"demo_logit","sim-data_n-500_effect-2_sigma-indep_corr-0.5"
"subject334",1,1,"demo_logit","sim-data_n-500_effect-2_sigma-indep_corr-0.5"
"subject336",0,0,"demo_logit","sim-data_n-500_effect-2_sigma-indep_corr-0.5"
"subject343",0,0,"demo_logit","sim-data_n-500_effect-2_sigma-indep_corr-0.5"
"subject347",1,1,"demo_logit","sim-data_n-500_effect-2_sigma-indep_corr-0.5"
"subject353",0,0,"demo_logit","sim-data_n-500_effect-2_sigma-indep_corr-0.5"
"subject354",0,0,"demo_logit","sim-data_n-500_effect-2_sigma-indep_corr-0.5"
"subject356",0,0,"demo_logit","sim-data_n-500_effect-2_sigma-indep_corr-0.5"
"subject357",1,1,"demo_logit","sim-data_n-500_effect-2_sigma-indep_corr-0.5"
"subject358",1,1,"demo_logit","sim-data_n-500_effect-2_sigma-indep_corr-0.5"
"subject361",1,1,"demo_logit","sim-data_n-500_effect-2_sigma-indep_corr-0.5"
"subject365",0,0,"demo_logit","sim-data_n-500_effect-2_sigma-indep_corr-0.5"
"subject375",0,0,"demo_logit","sim-data_n-500_effect-2_sigma-indep_corr-0.5"
"subject377",1,1,"demo_logit","sim-data_n-500_effect-2_sigma-indep_corr-0.5"
"subject378",0,0,"demo_logit","sim-data_n-500_effect-2_sigma-indep_corr-0.5"
"subject382",0,0,"demo_logit","sim-data_n-500_effect-2_sigma-indep_corr-0.5"
"subject384",1,1,"demo_logit","sim-data_n-500_effect-2_sigma-indep_corr-0.5"
"subject389",1,1,"demo_logit","sim-data_n-500_effect-2_sigma-indep_corr-0.5"
"subject393",1,1,"demo_logit","sim-data_n-500_effect-2_sigma-indep_corr-0.5"
"subject402",1,1,"demo_logit","sim-data_n-500_effect-2_sigma-indep_corr-0.5"
"subject403",1,1,"demo_logit","sim-data_n-500_effect-2_sigma-indep_corr-0.5"
"subject408",0,0,"demo_logit","sim-data_n-500_effect-2_sigma-indep_corr-0.5"
"subject409",1,1,"demo_logit","sim-data_n-500_effect-2_sigma-indep_corr-0.5"
"subject410",1,1,"demo_logit","sim-data_n-500_effect-2_sigma-indep_corr-0.5"
"subject411",0,0,"demo_logit","sim-data_n-500_effect-2_sigma-indep_corr-0.5"
"subject413",1,1,"demo_logit","sim-data_n-500_effect-2_sigma-indep_corr-0.5"
"subject416",0,0,"demo_logit","sim-data_n-500_effect-2_sigma-indep_corr-0.5"
"subject420",0,0,"demo_logit","sim-data_n-500_effect-2_sigma-indep_corr-0.5"
"subject421",0,0,"demo_logit","sim-data_n-500_effect-2_sigma-indep_corr-0.5"
"subject422",0,0,"demo_logit","sim-data_n-500_effect-2_sigma-indep_corr-0.5"
"subject424",1,1,"demo_logit","sim-data_n-500_effect-2_sigma-indep_corr-0.5"
"subject425",0,0,"demo_logit","sim-data_n-500_effect-2_sigma-indep_corr-0.5"
"subject429",1,1,"demo_logit","sim-data_n-500_effect-2_sigma-indep_corr-0.5"
"subject438",0,0,"demo_logit","sim-data_n-500_effect-2_sigma-indep_corr-0.5"
"subject451",0,0,"demo_logit","sim-data_n-500_effect-2_sigma-indep_corr-0.5"
"subject454",0,0,"demo_logit","sim-data_n-500_effect-2_sigma-indep_corr-0.5"
"subject461",1,1,"demo_logit","sim-data_n-500_effect-2_sigma-indep_corr-0.5"
"subject469",1,1,"demo_logit","sim-data_n-500_effect-2_sigma-indep_corr-0.5"
"subject475",1,1,"demo_logit","sim-data_n-500_effect-2_sigma-indep_corr-0.5"
"subject478",0,0,"demo_logit","sim-data_n-500_effect-2_sigma-indep_corr-0.5"
"subject486",1,1,"demo_logit","sim-data_n-500_effect-2_sigma-indep_corr-0.5"
"subject490",0,0,"demo_logit","sim-data_n-500_effect-2_sigma-indep_corr-0.5"
"subject491",1,1,"demo_logit","sim-data_n-500_effect-2_sigma-indep_corr-0.5"
"subject492",1,1,"demo_logit","sim-data_n-500_effect-2_sigma-indep_corr-0.5"
"subject497",1,1,"demo_logit","sim-data_n-500_effect-2_sigma-indep_corr-0.5"
"subject500",0,0,"demo_logit","sim-data_n-500_effect-2_sigma-indep_corr-0.5"
"10091310",0,1,"demo_logit","GSE71669"
"10093410",0,0,"demo_logit","GSE71669"
"30107713",1,0,"demo_logit","GSE71669"
"30107012",1,1,"demo_logit","GSE71669"
"30105711",0,1,"demo_logit","GSE71669"
"10092810",0,0.726,"demo_logit","GSE71669"
"30106516",0,1,"demo_logit","GSE71669"
"10092010",1,0,"demo_logit","GSE71669"
"30106815",0,0,"demo_logit","GSE71669"
"30105412",0,1,"demo_logit","GSE71669"
"10094310",1,0,"demo_logit","GSE71669"
"10091910",1,1,"demo_logit","GSE71669"
"10091710",1,1,"demo_logit","GSE71669"
"10093110",0,1,"demo_logit","GSE71669"
"30107919",1,1,"demo_logit","GSE71669"
"10093510",0,0,"demo_logit","GSE71669"
"subject1",1,1,"demo_logit","sim-data_n-500_effect-2_sigma-def_corr-0"
"subject2",1,1,"demo_logit","sim-data_n-500_effect-2_sigma-def_corr-0"
"subject9",0,0,"demo_logit","sim-data_n-500_effect-2_sigma-def_corr-0"
"subject10",0,0,"demo_logit","sim-data_n-500_effect-2_sigma-def_corr-0"
"subject12",1,1,"demo_logit","sim-data_n-500_effect-2_sigma-def_corr-0"
"subject13",1,1,"demo_logit","sim-data_n-500_effect-2_sigma-def_corr-0"
"subject21",0,0,"demo_logit","sim-data_n-500_effect-2_sigma-def_corr-0"
"subject27",1,1,"demo_logit","sim-data_n-500_effect-2_sigma-def_corr-0"
"subject29",1,1,"demo_logit","sim-data_n-500_effect-2_sigma-def_corr-0"
"subject41",1,1,"demo_logit","sim-data_n-500_effect-2_sigma-def_corr-0"
"subject43",0,0,"demo_logit","sim-data_n-500_effect-2_sigma-def_corr-0"
"subject46",0,0,"demo_logit","sim-data_n-500_effect-2_sigma-def_corr-0"
"subject47",1,1,"demo_logit","sim-data_n-500_effect-2_sigma-def_corr-0"
"subject48",0,0,"demo_logit","sim-data_n-500_effect-2_sigma-def_corr-0"
"subject53",0,0,"demo_logit","sim-data_n-500_effect-2_sigma-def_corr-0"
"subject54",1,1,"demo_logit","sim-data_n-500_effect-2_sigma-def_corr-0"
"subject56",1,1,"demo_logit","sim-data_n-500_effect-2_sigma-def_corr-0"
"subject57",0,0,"demo_logit","sim-data_n-500_effect-2_sigma-def_corr-0"
"subject63",0,0,"demo_logit","sim-data_n-500_effect-2_sigma-def_corr-0"
"subject66",0,0,"demo_logit","sim-data_n-500_effect-2_sigma-def_corr-0"
"subject77",1,1,"demo_logit","sim-data_n-500_effect-2_sigma-def_corr-0"
"subject79",0,0,"demo_logit","sim-data_n-500_effect-2_sigma-def_corr-0"
"subject83",0,0,"demo_logit","sim-data_n-500_effect-2_sigma-def_corr-0"
"subject86",1,1,"demo_logit","sim-data_n-500_effect-2_sigma-def_corr-0"
"subject88",0,0,"demo_logit","sim-data_n-500_effect-2_sigma-def_corr-0"
"subject89",1,1,"demo_logit","sim-data_n-500_effect-2_sigma-def_corr-0"
"subject94",0,0,"demo_logit","sim-data_n-500_effect-2_sigma-def_corr-0"
"subject96",1,1,"demo_logit","sim-data_n-500_effect-2_sigma-def_corr-0"
"subject100",1,1,"demo_logit","sim-data_n-500_effect-2_sigma-def_corr-0"
"subject104",1,1,"demo_logit","sim-data_n-500_effect-2_sigma-def_corr-0"
"subject105",1,1,"demo_logit","sim-data_n-500_effect-2_sigma-def_corr-0"
"subject109",0,0,"demo_logit","sim-data_n-500_effect-2_sigma-def_corr-0"
"subject110",0,0,"demo_logit","sim-data_n-500_effect-2_sigma-def_corr-0"
"subject118",0,0,"demo_logit","sim-data_n-500_effect-2_sigma-def_corr-0"
"subject121",1,1,"demo_logit","sim-data_n-500_effect-2_sigma-def_corr-0"
"subject122",0,0,"demo_logit","sim-data_n-500_effect-2_sigma-def_corr-0"
"subject124",1,1,"demo_logit","sim-data_n-500_effect-2_sigma-def_corr-0"
"subject127",0,0,"demo_logit","sim-data_n-500_effect-2_sigma-def_corr-0"
"subject130",1,1,"demo_logit","sim-data_n-500_effect-2_sigma-def_corr-0"
"subject131",1,1,"demo_logit","sim-data_n-500_effect-2_sigma-def_corr-0"
"subject133",1,1,"demo_logit","sim-data_n-500_effect-2_sigma-def_corr-0"
"subject135",0,0,"demo_logit","sim-data_n-500_effect-2_sigma-def_corr-0"
"subject139",1,1,"demo_logit","sim-data_n-500_effect-2_sigma-def_corr-0"
"subject143",1,1,"demo_logit","sim-data_n-500_effect-2_sigma-def_corr-0"
"subject145",1,1,"demo_logit","sim-data_n-500_effect-2_sigma-def_corr-0"
"subject146",0,0,"demo_logit","sim-data_n-500_effect-2_sigma-def_corr-0"
"subject148",0,0,"demo_logit","sim-data_n-500_effect-2_sigma-def_corr-0"
"subject149",1,1,"demo_logit","sim-data_n-500_effect-2_sigma-def_corr-0"
"subject150",1,1,"demo_logit","sim-data_n-500_effect-2_sigma-def_corr-0"
"subject151",1,1,"demo_logit","sim-data_n-500_effect-2_sigma-def_corr-0"
"subject154",1,1,"demo_logit","sim-data_n-500_effect-2_sigma-def_corr-0"
"subject162",0,0,"demo_logit","sim-data_n-500_effect-2_sigma-def_corr-0"
"subject164",1,1,"demo_logit","sim-data_n-500_effect-2_sigma-def_corr-0"
"subject165",0,0,"demo_logit","sim-data_n-500_effect-2_sigma-def_corr-0"
"subject167",1,1,"demo_logit","sim-data_n-500_effect-2_sigma-def_corr-0"
"subject169",1,1,"demo_logit","sim-data_n-500_effect-2_sigma-def_corr-0"
"subject172",0,0,"demo_logit","sim-data_n-500_effect-2_sigma-def_corr-0"
"subject179",1,1,"demo_logit","sim-data_n-500_effect-2_sigma-def_corr-0"
"subject181",0,0,"demo_logit","sim-data_n-500_effect-2_sigma-def_corr-0"
"subject183",1,1,"demo_logit","sim-data_n-500_effect-2_sigma-def_corr-0"
"subject190",0,0,"demo_logit","sim-data_n-500_effect-2_sigma-def_corr-0"
"subject192",1,1,"demo_logit","sim-data_n-500_effect-2_sigma-def_corr-0"
"subject197",0,0,"demo_logit","sim-data_n-500_effect-2_sigma-def_corr-0"
"subject203",1,1,"demo_logit","sim-data_n-500_effect-2_sigma-def_corr-0"
"subject205",1,1,"demo_logit","sim-data_n-500_effect-2_sigma-def_corr-0"
"subject217",1,1,"demo_logit","sim-data_n-500_effect-2_sigma-def_corr-0"
"subject223",0,0,"demo_logit","sim-data_n-500_effect-2_sigma-def_corr-0"
"subject225",0,0,"demo_logit","sim-data_n-500_effect-2_sigma-def_corr-0"
"subject233",1,1,"demo_logit","sim-data_n-500_effect-2_sigma-def_corr-0"
"subject234",0,0,"demo_logit","sim-data_n-500_effect-2_sigma-def_corr-0"
"subject236",0,0,"demo_logit","sim-data_n-500_effect-2_sigma-def_corr-0"
"subject241",1,1,"demo_logit","sim-data_n-500_effect-2_sigma-def_corr-0"
"subject244",0,0,"demo_logit","sim-data_n-500_effect-2_sigma-def_corr-0"
"subject248",1,1,"demo_logit","sim-data_n-500_effect-2_sigma-def_corr-0"
"subject255",0,0,"demo_logit","sim-data_n-500_effect-2_sigma-def_corr-0"
"subject256",0,0,"demo_logit","sim-data_n-500_effect-2_sigma-def_corr-0"
"subject257",0,0,"demo_logit","sim-data_n-500_effect-2_sigma-def_corr-0"
"subject263",1,1,"demo_logit","sim-data_n-500_effect-2_sigma-def_corr-0"
"subject271",0,0,"demo_logit","sim-data_n-500_effect-2_sigma-def_corr-0"
"subject275",1,1,"demo_logit","sim-data_n-500_effect-2_sigma-def_corr-0"
"subject278",0,0,"demo_logit","sim-data_n-500_effect-2_sigma-def_corr-0"
"subject279",0,0,"demo_logit","sim-data_n-500_effect-2_sigma-def_corr-0"
"subject282",1,1,"demo_logit","sim-data_n-500_effect-2_sigma-def_corr-0"
"subject283",0,0,"demo_logit","sim-data_n-500_effect-2_sigma-def_corr-0"
"subject287",1,1,"demo_logit","sim-data_n-500_effect-2_sigma-def_corr-0"
"subject288",0,0,"demo_logit","sim-data_n-500_effect-2_sigma-def_corr-0"
"subject291",1,1,"demo_logit","sim-data_n-500_effect-2_sigma-def_corr-0"
"subject292",1,1,"demo_logit","sim-data_n-500_effect-2_sigma-def_corr-0"
"subject293",0,0,"demo_logit","sim-data_n-500_effect-2_sigma-def_corr-0"
"subject294",0,0,"demo_logit","sim-data_n-500_effect-2_sigma-def_corr-0"
"subject298",0,0,"demo_logit","sim-data_n-500_effect-2_sigma-def_corr-0"
"subject306",0,0,"demo_logit","sim-data_n-500_effect-2_sigma-def_corr-0"
"subject309",0,0,"demo_logit","sim-data_n-500_effect-2_sigma-def_corr-0"
"subject310",1,1,"demo_logit","sim-data_n-500_effect-2_sigma-def_corr-0"
"subject311",0,0,"demo_logit","sim-data_n-500_effect-2_sigma-def_corr-0"
"subject312",1,1,"demo_logit","sim-data_n-500_effect-2_sigma-def_corr-0"
"subject313",0,0,"demo_logit","sim-data_n-500_effect-2_sigma-def_corr-0"
"subject314",0,0,"demo_logit","sim-data_n-500_effect-2_sigma-def_corr-0"
"subject320",0,0,"demo_logit","sim-data_n-500_effect-2_sigma-def_corr-0"
"subject322",1,1,"demo_logit","sim-data_n-500_effect-2_sigma-def_corr-0"
"subject323",0,0,"demo_logit","sim-data_n-500_effect-2_sigma-def_corr-0"
"subject328",1,1,"demo_logit","sim-data_n-500_effect-2_sigma-def_corr-0"
"subject329",1,1,"demo_logit","sim-data_n-500_effect-2_sigma-def_corr-0"
"subject335",0,0,"demo_logit","sim-data_n-500_effect-2_sigma-def_corr-0"
"subject336",1,1,"demo_logit","sim-data_n-500_effect-2_sigma-def_corr-0"
"subject343",0,0,"demo_logit","sim-data_n-500_effect-2_sigma-def_corr-0"
"subject345",1,1,"demo_logit","sim-data_n-500_effect-2_sigma-def_corr-0"
"subject350",0,0,"demo_logit","sim-data_n-500_effect-2_sigma-def_corr-0"
"subject352",0,0,"demo_logit","sim-data_n-500_effect-2_sigma-def_corr-0"
"subject366",0,0,"demo_logit","sim-data_n-500_effect-2_sigma-def_corr-0"
"subject367",0,0,"demo_logit","sim-data_n-500_effect-2_sigma-def_corr-0"
"subject372",1,1,"demo_logit","sim-data_n-500_effect-2_sigma-def_corr-0"
"subject373",1,1,"demo_logit","sim-data_n-500_effect-2_sigma-def_corr-0"
"subject375",0,0,"demo_logit","sim-data_n-500_effect-2_sigma-def_corr-0"
"subject379",0,0,"demo_logit","sim-data_n-500_effect-2_sigma-def_corr-0"
"subject382",0,0,"demo_logit","sim-data_n-500_effect-2_sigma-def_corr-0"
"subject387",1,1,"demo_logit","sim-data_n-500_effect-2_sigma-def_corr-0"
"subject388",0,0,"demo_logit","sim-data_n-500_effect-2_sigma-def_corr-0"
"subject389",0,0,"demo_logit","sim-data_n-500_effect-2_sigma-def_corr-0"
"subject394",1,1,"demo_logit","sim-data_n-500_effect-2_sigma-def_corr-0"
"subject397",0,0,"demo_logit","sim-data_n-500_effect-2_sigma-def_corr-0"
"subject400",0,0,"demo_logit","sim-data_n-500_effect-2_sigma-def_corr-0"
"subject404",1,1,"demo_logit","sim-data_n-500_effect-2_sigma-def_corr-0"
"subject408",0,0,"demo_logit","sim-data_n-500_effect-2_sigma-def_corr-0"
"subject410",0,0,"demo_logit","sim-data_n-500_effect-2_sigma-def_corr-0"
"subject415",1,1,"demo_logit","sim-data_n-500_effect-2_sigma-def_corr-0"
"subject417",0,0,"demo_logit","sim-data_n-500_effect-2_sigma-def_corr-0"
"subject418",1,1,"demo_logit","sim-data_n-500_effect-2_sigma-def_corr-0"
"subject421",1,1,"demo_logit","sim-data_n-500_effect-2_sigma-def_corr-0"
"subject425",0,0,"demo_logit","sim-data_n-500_effect-2_sigma-def_corr-0"
"subject427",0,0,"demo_logit","sim-data_n-500_effect-2_sigma-def_corr-0"
"subject430",1,1,"demo_logit","sim-data_n-500_effect-2_sigma-def_corr-0"
"subject432",0,0,"demo_logit","sim-data_n-500_effect-2_sigma-def_corr-0"
"subject434",1,1,"demo_logit","sim-data_n-500_effect-2_sigma-def_corr-0"
"subject436",1,1,"demo_logit","sim-data_n-500_effect-2_sigma-def_corr-0"
"subject440",1,1,"demo_logit","sim-data_n-500_effect-2_sigma-def_corr-0"
"subject444",1,1,"demo_logit","sim-data_n-500_effect-2_sigma-def_corr-0"
"subject448",1,1,"demo_logit","sim-data_n-500_effect-2_sigma-def_corr-0"
"subject458",0,0,"demo_logit","sim-data_n-500_effect-2_sigma-def_corr-0"
"subject462",1,1,"demo_logit","sim-data_n-500_effect-2_sigma-def_corr-0"
"subject466",0,0,"demo_logit","sim-data_n-500_effect-2_sigma-def_corr-0"
"subject472",1,1,"demo_logit","sim-data_n-500_effect-2_sigma-def_corr-0"
"subject476",0,0,"demo_logit","sim-data_n-500_effect-2_sigma-def_corr-0"
"subject483",0,0,"demo_logit","sim-data_n-500_effect-2_sigma-def_corr-0"
"subject485",0,0,"demo_logit","sim-data_n-500_effect-2_sigma-def_corr-0"
"subject488",1,1,"demo_logit","sim-data_n-500_effect-2_sigma-def_corr-0"
"subject489",1,1,"demo_logit","sim-data_n-500_effect-2_sigma-def_corr-0"
"subject492",0,0,"demo_logit","sim-data_n-500_effect-2_sigma-def_corr-0"
"subject496",0,0,"demo_logit","sim-data_n-500_effect-2_sigma-def_corr-0"
"subject500",0,0,"demo_logit","sim-data_n-500_effect-2_sigma-def_corr-0"
"subject2",0,1,"demo_logit","sim-data_n-100_effect-2_sigma-indep_corr-0"
"subject3",1,1,"demo_logit","sim-data_n-100_effect-2_sigma-indep_corr-0"
"subject5",0,0,"demo_logit","sim-data_n-100_effect-2_sigma-indep_corr-0"
"subject9",0,1,"demo_logit","sim-data_n-100_effect-2_sigma-indep_corr-0"
"subject13",0,0,"demo_logit","sim-data_n-100_effect-2_sigma-indep_corr-0"
"subject14",0,0,"demo_logit","sim-data_n-100_effect-2_sigma-indep_corr-0"
"subject18",1,1,"demo_logit","sim-data_n-100_effect-2_sigma-indep_corr-0"
"subject20",0,0,"demo_logit","sim-data_n-100_effect-2_sigma-indep_corr-0"
"subject22",1,0,"demo_logit","sim-data_n-100_effect-2_sigma-indep_corr-0"
"subject29",0,1,"demo_logit","sim-data_n-100_effect-2_sigma-indep_corr-0"
"subject35",1,1,"demo_logit","sim-data_n-100_effect-2_sigma-indep_corr-0"
"subject36",1,0,"demo_logit","sim-data_n-100_effect-2_sigma-indep_corr-0"
"subject39",1,0,"demo_logit","sim-data_n-100_effect-2_sigma-indep_corr-0"
"subject44",1,1,"demo_logit","sim-data_n-100_effect-2_sigma-indep_corr-0"
"subject48",1,0,"demo_logit","sim-data_n-100_effect-2_sigma-indep_corr-0"
"subject57",1,0.22,"demo_logit","sim-data_n-100_effect-2_sigma-indep_corr-0"
"subject58",1,0,"demo_logit","sim-data_n-100_effect-2_sigma-indep_corr-0"
"subject61",0,0,"demo_logit","sim-data_n-100_effect-2_sigma-indep_corr-0"
"subject63",0,1,"demo_logit","sim-data_n-100_effect-2_sigma-indep_corr-0"
"subject64",1,1,"demo_logit","sim-data_n-100_effect-2_sigma-indep_corr-0"
"subject65",1,0,"demo_logit","sim-data_n-100_effect-2_sigma-indep_corr-0"
"subject66",0,1,"demo_logit","sim-data_n-100_effect-2_sigma-indep_corr-0"
"subject69",1,1,"demo_logit","sim-data_n-100_effect-2_sigma-indep_corr-0"
"subject73",1,0,"demo_logit","sim-data_n-100_effect-2_sigma-indep_corr-0"
"subject76",1,0,"demo_logit","sim-data_n-100_effect-2_sigma-indep_corr-0"
"subject83",0,0,"demo_logit","sim-data_n-100_effect-2_sigma-indep_corr-0"
"subject85",1,0,"demo_logit","sim-data_n-100_effect-2_sigma-indep_corr-0"
"subject87",0,0.998,"demo_logit","sim-data_n-100_effect-2_sigma-indep_corr-0"
"subject93",0,1,"demo_logit","sim-data_n-100_effect-2_sigma-indep_corr-0"
"subject97",0,0,"demo_logit","sim-data_n-100_effect-2_sigma-indep_corr-0"
"subject3",0,0,"demo_logit","sim-data_n-500_effect-2_sigma-indep_corr-0.5"
"subject18",0,0,"demo_logit","sim-data_n-500_effect-2_sigma-indep_corr-0.5"
"subject21",1,1,"demo_logit","sim-data_n-500_effect-2_sigma-indep_corr-0.5"
"subject22",0,0,"demo_logit","sim-data_n-500_effect-2_sigma-indep_corr-0.5"
"subject23",0,0,"demo_logit","sim-data_n-500_effect-2_sigma-indep_corr-0.5"
"subject26",1,1,"demo_logit","sim-data_n-500_effect-2_sigma-indep_corr-0.5"
"subject28",1,1,"demo_logit","sim-data_n-500_effect-2_sigma-indep_corr-0.5"
"subject29",0,0,"demo_logit","sim-data_n-500_effect-2_sigma-indep_corr-0.5"
"subject33",0,0,"demo_logit","sim-data_n-500_effect-2_sigma-indep_corr-0.5"
"subject34",1,1,"demo_logit","sim-data_n-500_effect-2_sigma-indep_corr-0.5"
"subject50",0,0,"demo_logit","sim-data_n-500_effect-2_sigma-indep_corr-0.5"
"subject53",1,1,"demo_logit","sim-data_n-500_effect-2_sigma-indep_corr-0.5"
"subject54",0,0,"demo_logit","sim-data_n-500_effect-2_sigma-indep_corr-0.5"
"subject59",1,1,"demo_logit","sim-data_n-500_effect-2_sigma-indep_corr-0.5"
"subject63",1,1,"demo_logit","sim-data_n-500_effect-2_sigma-indep_corr-0.5"
"subject64",1,1,"demo_logit","sim-data_n-500_effect-2_sigma-indep_corr-0.5"
"subject65",0,0,"demo_logit","sim-data_n-500_effect-2_sigma-indep_corr-0.5"
"subject67",0,0,"demo_logit","sim-data_n-500_effect-2_sigma-indep_corr-0.5"
"subject69",1,1,"demo_logit","sim-data_n-500_effect-2_sigma-indep_corr-0.5"
"subject70",1,1,"demo_logit","sim-data_n-500_effect-2_sigma-indep_corr-0.5"
"subject72",0,0,"demo_logit","sim-data_n-500_effect-2_sigma-indep_corr-0.5"
"subject75",0,0,"demo_logit","sim-data_n-500_effect-2_sigma-indep_corr-0.5"
"subject76",1,1,"demo_logit","sim-data_n-500_effect-2_sigma-indep_corr-0.5"
"subject77",1,1,"demo_logit","sim-data_n-500_effect-2_sigma-indep_corr-0.5"
"subject82",0,0,"demo_logit","sim-data_n-500_effect-2_sigma-indep_corr-0.5"
"subject86",0,0,"demo_logit","sim-data_n-500_effect-2_sigma-indep_corr-0.5"
"subject92",0,0,"demo_logit","sim-data_n-500_effect-2_sigma-indep_corr-0.5"
"subject95",0,0,"demo_logit","sim-data_n-500_effect-2_sigma-indep_corr-0.5"
"subject97",0,0,"demo_logit","sim-data_n-500_effect-2_sigma-indep_corr-0.5"
"subject101",1,1,"demo_logit","sim-data_n-500_effect-2_sigma-indep_corr-0.5"
"subject104",0,0,"demo_logit","sim-data_n-500_effect-2_sigma-indep_corr-0.5"
"subject106",0,0,"demo_logit","sim-data_n-500_effect-2_sigma-indep_corr-0.5"
"subject107",1,1,"demo_logit","sim-data_n-500_effect-2_sigma-indep_corr-0.5"
"subject115",0,0,"demo_logit","sim-data_n-500_effect-2_sigma-indep_corr-0.5"
"subject120",0,0,"demo_logit","sim-data_n-500_effect-2_sigma-indep_corr-0.5"
"subject126",1,1,"demo_logit","sim-data_n-500_effect-2_sigma-indep_corr-0.5"
"subject130",1,1,"demo_logit","sim-data_n-500_effect-2_sigma-indep_corr-0.5"
"subject135",0,0,"demo_logit","sim-data_n-500_effect-2_sigma-indep_corr-0.5"
"subject138",0,0,"demo_logit","sim-data_n-500_effect-2_sigma-indep_corr-0.5"
"subject140",1,1,"demo_logit","sim-data_n-500_effect-2_sigma-indep_corr-0.5"
"subject145",1,1,"demo_logit","sim-data_n-500_effect-2_sigma-indep_corr-0.5"
"subject153",1,1,"demo_logit","sim-data_n-500_effect-2_sigma-indep_corr-0.5"
"subject154",1,1,"demo_logit","sim-data_n-500_effect-2_sigma-indep_corr-0.5"
"subject155",1,1,"demo_logit","sim-data_n-500_effect-2_sigma-indep_corr-0.5"
"subject157",0,0,"demo_logit","sim-data_n-500_effect-2_sigma-indep_corr-0.5"
"subject164",1,1,"demo_logit","sim-data_n-500_effect-2_sigma-indep_corr-0.5"
"subject167",0,0,"demo_logit","sim-data_n-500_effect-2_sigma-indep_corr-0.5"
"subject170",0,0,"demo_logit","sim-data_n-500_effect-2_sigma-indep_corr-0.5"
"subject172",1,1,"demo_logit","sim-data_n-500_effect-2_sigma-indep_corr-0.5"
"subject173",0,0,"demo_logit","sim-data_n-500_effect-2_sigma-indep_corr-0.5"
"subject174",0,0,"demo_logit","sim-data_n-500_effect-2_sigma-indep_corr-0.5"
"subject177",0,0,"demo_logit","sim-data_n-500_effect-2_sigma-indep_corr-0.5"
"subject181",1,1,"demo_logit","sim-data_n-500_effect-2_sigma-indep_corr-0.5"
"subject182",0,0,"demo_logit","sim-data_n-500_effect-2_sigma-indep_corr-0.5"
"subject188",1,1,"demo_logit","sim-data_n-500_effect-2_sigma-indep_corr-0.5"
"subject189",1,1,"demo_logit","sim-data_n-500_effect-2_sigma-indep_corr-0.5"
"subject193",0,0,"demo_logit","sim-data_n-500_effect-2_sigma-indep_corr-0.5"
"subject194",1,1,"demo_logit","sim-data_n-500_effect-2_sigma-indep_corr-0.5"
"subject199",1,1,"demo_logit","sim-data_n-500_effect-2_sigma-indep_corr-0.5"
"subject203",1,1,"demo_logit","sim-data_n-500_effect-2_sigma-indep_corr-0.5"
"subject206",0,0,"demo_logit","sim-data_n-500_effect-2_sigma-indep_corr-0.5"
"subject207",0,0,"demo_logit","sim-data_n-500_effect-2_sigma-indep_corr-0.5"
"subject208",0,0,"demo_logit","sim-data_n-500_effect-2_sigma-indep_corr-0.5"
"subject210",0,0,"demo_logit","sim-data_n-500_effect-2_sigma-indep_corr-0.5"
"subject211",1,1,"demo_logit","sim-data_n-500_effect-2_sigma-indep_corr-0.5"
"subject218",0,0,"demo_logit","sim-data_n-500_effect-2_sigma-indep_corr-0.5"
"subject220",1,1,"demo_logit","sim-data_n-500_effect-2_sigma-indep_corr-0.5"
"subject221",1,1,"demo_logit","sim-data_n-500_effect-2_sigma-indep_corr-0.5"
"subject225",1,1,"demo_logit","sim-data_n-500_effect-2_sigma-indep_corr-0.5"
"subject231",0,0,"demo_logit","sim-data_n-500_effect-2_sigma-indep_corr-0.5"
"subject232",1,1,"demo_logit","sim-data_n-500_effect-2_sigma-indep_corr-0.5"
"subject233",0,0,"demo_logit","sim-data_n-500_effect-2_sigma-indep_corr-0.5"
"subject238",0,0,"demo_logit","sim-data_n-500_effect-2_sigma-indep_corr-0.5"
"subject239",1,1,"demo_logit","sim-data_n-500_effect-2_sigma-indep_corr-0.5"
"subject241",1,1,"demo_logit","sim-data_n-500_effect-2_sigma-indep_corr-0.5"
"subject243",1,1,"demo_logit","sim-data_n-500_effect-2_sigma-indep_corr-0.5"
"subject244",0,0,"demo_logit","sim-data_n-500_effect-2_sigma-indep_corr-0.5"
"subject251",0,0,"demo_logit","sim-data_n-500_effect-2_sigma-indep_corr-0.5"
"subject252",1,1,"demo_logit","sim-data_n-500_effect-2_sigma-indep_corr-0.5"
"subject258",1,1,"demo_logit","sim-data_n-500_effect-2_sigma-indep_corr-0.5"
"subject259",1,1,"demo_logit","sim-data_n-500_effect-2_sigma-indep_corr-0.5"
"subject260",0,0,"demo_logit","sim-data_n-500_effect-2_sigma-indep_corr-0.5"
"subject264",0,0,"demo_logit","sim-data_n-500_effect-2_sigma-indep_corr-0.5"
"subject270",1,1,"demo_logit","sim-data_n-500_effect-2_sigma-indep_corr-0.5"
"subject276",1,1,"demo_logit","sim-data_n-500_effect-2_sigma-indep_corr-0.5"
"subject277",1,1,"demo_logit","sim-data_n-500_effect-2_sigma-indep_corr-0.5"
"subject286",1,1,"demo_logit","sim-data_n-500_effect-2_sigma-indep_corr-0.5"
"subject289",1,1,"demo_logit","sim-data_n-500_effect-2_sigma-indep_corr-0.5"
"subject290",1,1,"demo_logit","sim-data_n-500_effect-2_sigma-indep_corr-0.5"
"subject293",1,1,"demo_logit","sim-data_n-500_effect-2_sigma-indep_corr-0.5"
"subject305",1,1,"demo_logit","sim-data_n-500_effect-2_sigma-indep_corr-0.5"
"subject306",1,1,"demo_logit","sim-data_n-500_effect-2_sigma-indep_corr-0.5"
"subject315",0,0,"demo_logit","sim-data_n-500_effect-2_sigma-indep_corr-0.5"
"subject316",0,0,"demo_logit","sim-data_n-500_effect-2_sigma-indep_corr-0.5"
"subject320",1,1,"demo_logit","sim-data_n-500_effect-2_sigma-indep_corr-0.5"
"subject321",0,0,"demo_logit","sim-data_n-500_effect-2_sigma-indep_corr-0.5"
"subject326",0,0,"demo_logit","sim-data_n-500_effect-2_sigma-indep_corr-0.5"
"subject328",1,1,"demo_logit","sim-data_n-500_effect-2_sigma-indep_corr-0.5"
"subject333",0,0,"demo_logit","sim-data_n-500_effect-2_sigma-indep_corr-0.5"
"subject335",0,0,"demo_logit","sim-data_n-500_effect-2_sigma-indep_corr-0.5"
"subject337",1,1,"demo_logit","sim-data_n-500_effect-2_sigma-indep_corr-0.5"
"subject339",1,1,"demo_logit","sim-data_n-500_effect-2_sigma-indep_corr-0.5"
"subject348",1,1,"demo_logit","sim-data_n-500_effect-2_sigma-indep_corr-0.5"
"subject349",0,0,"demo_logit","sim-data_n-500_effect-2_sigma-indep_corr-0.5"
"subject350",0,0,"demo_logit","sim-data_n-500_effect-2_sigma-indep_corr-0.5"
"subject351",0,0,"demo_logit","sim-data_n-500_effect-2_sigma-indep_corr-0.5"
"subject352",1,1,"demo_logit","sim-data_n-500_effect-2_sigma-indep_corr-0.5"
"subject355",0,0,"demo_logit","sim-data_n-500_effect-2_sigma-indep_corr-0.5"
"subject359",0,0,"demo_logit","sim-data_n-500_effect-2_sigma-indep_corr-0.5"
"subject360",0,0,"demo_logit","sim-data_n-500_effect-2_sigma-indep_corr-0.5"
"subject362",0,0,"demo_logit","sim-data_n-500_effect-2_sigma-indep_corr-0.5"
"subject368",1,1,"demo_logit","sim-data_n-500_effect-2_sigma-indep_corr-0.5"
"subject369",1,1,"demo_logit","sim-data_n-500_effect-2_sigma-indep_corr-0.5"
"subject372",1,1,"demo_logit","sim-data_n-500_effect-2_sigma-indep_corr-0.5"
"subject374",0,0,"demo_logit","sim-data_n-500_effect-2_sigma-indep_corr-0.5"
"subject380",1,1,"demo_logit","sim-data_n-500_effect-2_sigma-indep_corr-0.5"
"subject383",0,0,"demo_logit","sim-data_n-500_effect-2_sigma-indep_corr-0.5"
"subject387",0,0,"demo_logit","sim-data_n-500_effect-2_sigma-indep_corr-0.5"
"subject398",1,1,"demo_logit","sim-data_n-500_effect-2_sigma-indep_corr-0.5"
"subject399",0,0,"demo_logit","sim-data_n-500_effect-2_sigma-indep_corr-0.5"
"subject401",0,0,"demo_logit","sim-data_n-500_effect-2_sigma-indep_corr-0.5"
"subject405",1,1,"demo_logit","sim-data_n-500_effect-2_sigma-indep_corr-0.5"
"subject406",0,0,"demo_logit","sim-data_n-500_effect-2_sigma-indep_corr-0.5"
"subject415",0,0,"demo_logit","sim-data_n-500_effect-2_sigma-indep_corr-0.5"
"subject418",0,0,"demo_logit","sim-data_n-500_effect-2_sigma-indep_corr-0.5"
"subject423",1,1,"demo_logit","sim-data_n-500_effect-2_sigma-indep_corr-0.5"
"subject426",0,0,"demo_logit","sim-data_n-500_effect-2_sigma-indep_corr-0.5"
"subject433",1,1,"demo_logit","sim-data_n-500_effect-2_sigma-indep_corr-0.5"
"subject435",1,1,"demo_logit","sim-data_n-500_effect-2_sigma-indep_corr-0.5"
"subject436",0,0,"demo_logit","sim-data_n-500_effect-2_sigma-indep_corr-0.5"
"subject444",1,1,"demo_logit","sim-data_n-500_effect-2_sigma-indep_corr-0.5"
"subject445",1,1,"demo_logit","sim-data_n-500_effect-2_sigma-indep_corr-0.5"
"subject446",1,1,"demo_logit","sim-data_n-500_effect-2_sigma-indep_corr-0.5"
"subject448",0,0,"demo_logit","sim-data_n-500_effect-2_sigma-indep_corr-0.5"
"subject453",1,1,"demo_logit","sim-data_n-500_effect-2_sigma-indep_corr-0.5"
"subject456",0,0,"demo_logit","sim-data_n-500_effect-2_sigma-indep_corr-0.5"
"subject457",0,0,"demo_logit","sim-data_n-500_effect-2_sigma-indep_corr-0.5"
"subject463",1,1,"demo_logit","sim-data_n-500_effect-2_sigma-indep_corr-0.5"
"subject465",1,1,"demo_logit","sim-data_n-500_effect-2_sigma-indep_corr-0.5"
"subject466",1,1,"demo_logit","sim-data_n-500_effect-2_sigma-indep_corr-0.5"
"subject468",0,0,"demo_logit","sim-data_n-500_effect-2_sigma-indep_corr-0.5"
"subject470",0,0,"demo_logit","sim-data_n-500_effect-2_sigma-indep_corr-0.5"
"subject471",0,0,"demo_logit","sim-data_n-500_effect-2_sigma-indep_corr-0.5"
"subject476",0,0,"demo_logit","sim-data_n-500_effect-2_sigma-indep_corr-0.5"
"subject477",1,1,"demo_logit","sim-data_n-500_effect-2_sigma-indep_corr-0.5"
"subject481",1,1,"demo_logit","sim-data_n-500_effect-2_sigma-indep_corr-0.5"
"subject488",0,0,"demo_logit","sim-data_n-500_effect-2_sigma-indep_corr-0.5"
"subject493",0,0,"demo_logit","sim-data_n-500_effect-2_sigma-indep_corr-0.5"
"subject496",1,1,"demo_logit","sim-data_n-500_effect-2_sigma-indep_corr-0.5"
"subject498",0,0,"demo_logit","sim-data_n-500_effect-2_sigma-indep_corr-0.5"
"subject2",1,1,"demo_logit","sim-data_n-100_effect-2_sigma-def_corr-0.5"
"subject9",0,0,"demo_logit","sim-data_n-100_effect-2_sigma-def_corr-0.5"
"subject11",1,1,"demo_logit","sim-data_n-100_effect-2_sigma-def_corr-0.5"
"subject14",0,0,"demo_logit","sim-data_n-100_effect-2_sigma-def_corr-0.5"
"subject18",0,0,"demo_logit","sim-data_n-100_effect-2_sigma-def_corr-0.5"
"subject24",0,0,"demo_logit","sim-data_n-100_effect-2_sigma-def_corr-0.5"
"subject27",0,0,"demo_logit","sim-data_n-100_effect-2_sigma-def_corr-0.5"
"subject29",0,0,"demo_logit","sim-data_n-100_effect-2_sigma-def_corr-0.5"
"subject30",0,0,"demo_logit","sim-data_n-100_effect-2_sigma-def_corr-0.5"
"subject31",1,1,"demo_logit","sim-data_n-100_effect-2_sigma-def_corr-0.5"
"subject33",0,0,"demo_logit","sim-data_n-100_effect-2_sigma-def_corr-0.5"
"subject38",0,0,"demo_logit","sim-data_n-100_effect-2_sigma-def_corr-0.5"
"subject41",1,1,"demo_logit","sim-data_n-100_effect-2_sigma-def_corr-0.5"
"subject44",1,1,"demo_logit","sim-data_n-100_effect-2_sigma-def_corr-0.5"
"subject50",0,0,"demo_logit","sim-data_n-100_effect-2_sigma-def_corr-0.5"
"subject51",0,0,"demo_logit","sim-data_n-100_effect-2_sigma-def_corr-0.5"
"subject53",0,0,"demo_logit","sim-data_n-100_effect-2_sigma-def_corr-0.5"
"subject55",0,0,"demo_logit","sim-data_n-100_effect-2_sigma-def_corr-0.5"
"subject56",0,0,"demo_logit","sim-data_n-100_effect-2_sigma-def_corr-0.5"
"subject60",1,1,"demo_logit","sim-data_n-100_effect-2_sigma-def_corr-0.5"
"subject61",1,0.999,"demo_logit","sim-data_n-100_effect-2_sigma-def_corr-0.5"
"subject72",0,0.956,"demo_logit","sim-data_n-100_effect-2_sigma-def_corr-0.5"
"subject75",0,0,"demo_logit","sim-data_n-100_effect-2_sigma-def_corr-0.5"
"subject76",1,1,"demo_logit","sim-data_n-100_effect-2_sigma-def_corr-0.5"
"subject79",1,1,"demo_logit","sim-data_n-100_effect-2_sigma-def_corr-0.5"
"subject83",1,1,"demo_logit","sim-data_n-100_effect-2_sigma-def_corr-0.5"
"subject86",0,0,"demo_logit","sim-data_n-100_effect-2_sigma-def_corr-0.5"
"subject87",1,0.891,"demo_logit","sim-data_n-100_effect-2_sigma-def_corr-0.5"
"subject97",0,0,"demo_logit","sim-data_n-100_effect-2_sigma-def_corr-0.5"
"subject98",0,0,"demo_logit","sim-data_n-100_effect-2_sigma-def_corr-0.5"
"subject3",0,0,"demo_logit","sim-data_n-100_effect-2_sigma-def_corr-1"
"subject4",1,1,"demo_logit","sim-data_n-100_effect-2_sigma-def_corr-1"
"subject5",0,0,"demo_logit","sim-data_n-100_effect-2_sigma-def_corr-1"
"subject9",0,0,"demo_logit","sim-data_n-100_effect-2_sigma-def_corr-1"
"subject11",0,0.011,"demo_logit","sim-data_n-100_effect-2_sigma-def_corr-1"
"subject13",0,0,"demo_logit","sim-data_n-100_effect-2_sigma-def_corr-1"
"subject15",1,0,"demo_logit","sim-data_n-100_effect-2_sigma-def_corr-1"
"subject16",1,0.933,"demo_logit","sim-data_n-100_effect-2_sigma-def_corr-1"
"subject18",1,1,"demo_logit","sim-data_n-100_effect-2_sigma-def_corr-1"
"subject26",0,1,"demo_logit","sim-data_n-100_effect-2_sigma-def_corr-1"
"subject28",0,0.968,"demo_logit","sim-data_n-100_effect-2_sigma-def_corr-1"
"subject30",0,0,"demo_logit","sim-data_n-100_effect-2_sigma-def_corr-1"
"subject32",0,0,"demo_logit","sim-data_n-100_effect-2_sigma-def_corr-1"
"subject37",0,1,"demo_logit","sim-data_n-100_effect-2_sigma-def_corr-1"
"subject42",1,1,"demo_logit","sim-data_n-100_effect-2_sigma-def_corr-1"
"subject47",0,1,"demo_logit","sim-data_n-100_effect-2_sigma-def_corr-1"
"subject51",1,1,"demo_logit","sim-data_n-100_effect-2_sigma-def_corr-1"
"subject56",1,0.968,"demo_logit","sim-data_n-100_effect-2_sigma-def_corr-1"
"subject57",1,1,"demo_logit","sim-data_n-100_effect-2_sigma-def_corr-1"
"subject58",1,1,"demo_logit","sim-data_n-100_effect-2_sigma-def_corr-1"
"subject59",0,0,"demo_logit","sim-data_n-100_effect-2_sigma-def_corr-1"
"subject62",1,0.986,"demo_logit","sim-data_n-100_effect-2_sigma-def_corr-1"
"subject67",1,1,"demo_logit","sim-data_n-100_effect-2_sigma-def_corr-1"
"subject72",0,0,"demo_logit","sim-data_n-100_effect-2_sigma-def_corr-1"
"subject74",0,1,"demo_logit","sim-data_n-100_effect-2_sigma-def_corr-1"
"subject85",0,0.231,"demo_logit","sim-data_n-100_effect-2_sigma-def_corr-1"
"subject87",1,1,"demo_logit","sim-data_n-100_effect-2_sigma-def_corr-1"
"subject89",0,0,"demo_logit","sim-data_n-100_effect-2_sigma-def_corr-1"
"subject94",0,0,"demo_logit","sim-data_n-100_effect-2_sigma-def_corr-1"
"subject95",1,1,"demo_logit","sim-data_n-100_effect-2_sigma-def_corr-1"
"subject1",1,0,"demo_logit","sim-data_n-50_effect-2_sigma-def_corr-1"
"subject3",0,1,"demo_logit","sim-data_n-50_effect-2_sigma-def_corr-1"
"subject9",1,1,"demo_logit","sim-data_n-50_effect-2_sigma-def_corr-1"
"subject10",1,1,"demo_logit","sim-data_n-50_effect-2_sigma-def_corr-1"
"subject11",0,1,"demo_logit","sim-data_n-50_effect-2_sigma-def_corr-1"
"subject14",0,1,"demo_logit","sim-data_n-50_effect-2_sigma-def_corr-1"
"subject16",0,0,"demo_logit","sim-data_n-50_effect-2_sigma-def_corr-1"
"subject25",1,1,"demo_logit","sim-data_n-50_effect-2_sigma-def_corr-1"
"subject26",1,1,"demo_logit","sim-data_n-50_effect-2_sigma-def_corr-1"
"subject31",0,0,"demo_logit","sim-data_n-50_effect-2_sigma-def_corr-1"
"subject37",1,1,"demo_logit","sim-data_n-50_effect-2_sigma-def_corr-1"
"subject39",1,0,"demo_logit","sim-data_n-50_effect-2_sigma-def_corr-1"
"subject41",1,1,"demo_logit","sim-data_n-50_effect-2_sigma-def_corr-1"
"subject44",1,1,"demo_logit","sim-data_n-50_effect-2_sigma-def_corr-1"
"subject48",0,1,"demo_logit","sim-data_n-50_effect-2_sigma-def_corr-1"
"TCGA.A1.A0SK",0,1,"demo_logit","tcga-brca"
"TCGA.A2.A0CT",0,0,"demo_logit","tcga-brca"
"TCGA.A2.A0EU",0,0,"demo_logit","tcga-brca"
"TCGA.A2.A0SU",0,1,"demo_logit","tcga-brca"
"TCGA.A2.A0SW",1,1,"demo_logit","tcga-brca"
"TCGA.A2.A0T0",0,0,"demo_logit","tcga-brca"
"TCGA.A2.A0T1",1,0,"demo_logit","tcga-brca"
"TCGA.A2.A0T4",0,0,"demo_logit","tcga-brca"
"TCGA.A2.A0T5",0,1,"demo_logit","tcga-brca"
"TCGA.A2.A0YC",0,1,"demo_logit","tcga-brca"
"TCGA.A2.A0YD",0,1,"demo_logit","tcga-brca"
"TCGA.A2.A0YH",1,1,"demo_logit","tcga-brca"
"TCGA.A2.A0YK",0,0,"demo_logit","tcga-brca"
"TCGA.A2.A0YM",0,1,"demo_logit","tcga-brca"
"TCGA.A2.A0YT",1,1,"demo_logit","tcga-brca"
"TCGA.A8.A075",0,0,"demo_logit","tcga-brca"
"TCGA.AN.A0XN",1,0,"demo_logit","tcga-brca"
"TCGA.AN.A0XS",1,0,"demo_logit","tcga-brca"
"TCGA.AN.A0XU",0,1,"demo_logit","tcga-brca"
"TCGA.AO.A03L",1,1,"demo_logit","tcga-brca"
"TCGA.AO.A03M",0,1,"demo_logit","tcga-brca"
"TCGA.AO.A03N",0,0,"demo_logit","tcga-brca"
"TCGA.AO.A03U",0,0,"demo_logit","tcga-brca"
"TCGA.AO.A0JC",0,1,"demo_logit","tcga-brca"
"TCGA.AO.A0JF",0,0,"demo_logit","tcga-brca"
"TCGA.AO.A0JJ",0,0,"demo_logit","tcga-brca"
"TCGA.AO.A0JM",0,0,"demo_logit","tcga-brca"
"TCGA.AO.A12E",0,0,"demo_logit","tcga-brca"
"TCGA.AQ.A04L",0,0,"demo_logit","tcga-brca"
"TCGA.AR.A0TP",0,0,"demo_logit","tcga-brca"
"TCGA.AR.A0TQ",1,1,"demo_logit","tcga-brca"
"TCGA.AR.A0TZ",1,0,"demo_logit","tcga-brca"
"TCGA.AR.A0U2",1,1,"demo_logit","tcga-brca"
"TCGA.B6.A0RG",0,0,"demo_logit","tcga-brca"
"TCGA.B6.A0RO",1,0,"demo_logit","tcga-brca"
"TCGA.B6.A0RT",1,1,"demo_logit","tcga-brca"
"TCGA.B6.A0RU",0,1,"demo_logit","tcga-brca"
"TCGA.B6.A0RV",1,1,"demo_logit","tcga-brca"
"TCGA.BH.A0B3",0,0,"demo_logit","tcga-brca"
"TCGA.BH.A0B9",0,1,"demo_logit","tcga-brca"
"TCGA.BH.A0BA",1,1,"demo_logit","tcga-brca"
"TCGA.BH.A0DH",0,0,"demo_logit","tcga-brca"
"TCGA.BH.A0DS",1,0,"demo_logit","tcga-brca"
"TCGA.BH.A0E0",1,1,"demo_logit","tcga-brca"
"TCGA.BH.A0E1",0,1,"demo_logit","tcga-brca"
"TCGA.BH.A0H6",0,1,"demo_logit","tcga-brca"
"TCGA.BH.A0H7",1,1,"demo_logit","tcga-brca"
"TCGA.BH.A0H9",0,0,"demo_logit","tcga-brca"
"TCGA.BH.A0HP",1,1,"demo_logit","tcga-brca"
"TCGA.BH.A0HX",0,0,"demo_logit","tcga-brca"
"TCGA.BH.A0W5",0,1,"demo_logit","tcga-brca"
"TCGA.E2.A108",1,1,"demo_logit","tcga-brca"
"TCGA.E2.A109",0,1,"demo_logit","tcga-brca"
"TCGA.E2.A10B",0,0,"demo_logit","tcga-brca"
"subject2",1,0,"demo_logit","sim-data_n-100_effect-2_sigma-def_corr-1"
"subject7",0,0,"demo_logit","sim-data_n-100_effect-2_sigma-def_corr-1"
"subject8",1,0,"demo_logit","sim-data_n-100_effect-2_sigma-def_corr-1"
"subject10",0,0,"demo_logit","sim-data_n-100_effect-2_sigma-def_corr-1"
"subject14",0,0,"demo_logit","sim-data_n-100_effect-2_sigma-def_corr-1"
"subject17",1,1,"demo_logit","sim-data_n-100_effect-2_sigma-def_corr-1"
"subject19",1,0,"demo_logit","sim-data_n-100_effect-2_sigma-def_corr-1"
"subject23",1,0,"demo_logit","sim-data_n-100_effect-2_sigma-def_corr-1"
"subject24",1,1,"demo_logit","sim-data_n-100_effect-2_sigma-def_corr-1"
"subject25",0,0,"demo_logit","sim-data_n-100_effect-2_sigma-def_corr-1"
"subject27",0,0,"demo_logit","sim-data_n-100_effect-2_sigma-def_corr-1"
"subject31",1,0,"demo_logit","sim-data_n-100_effect-2_sigma-def_corr-1"
"subject34",1,1,"demo_logit","sim-data_n-100_effect-2_sigma-def_corr-1"
"subject36",0,1,"demo_logit","sim-data_n-100_effect-2_sigma-def_corr-1"
"subject38",1,0,"demo_logit","sim-data_n-100_effect-2_sigma-def_corr-1"
"subject40",0,1,"demo_logit","sim-data_n-100_effect-2_sigma-def_corr-1"
"subject41",1,1,"demo_logit","sim-data_n-100_effect-2_sigma-def_corr-1"
"subject43",1,1,"demo_logit","sim-data_n-100_effect-2_sigma-def_corr-1"
"subject45",1,0,"demo_logit","sim-data_n-100_effect-2_sigma-def_corr-1"
"subject52",1,1,"demo_logit","sim-data_n-100_effect-2_sigma-def_corr-1"
"subject55",0,0,"demo_logit","sim-data_n-100_effect-2_sigma-def_corr-1"
"subject63",1,0,"demo_logit","sim-data_n-100_effect-2_sigma-def_corr-1"
"subject68",0,1,"demo_logit","sim-data_n-100_effect-2_sigma-def_corr-1"
"subject69",0,0,"demo_logit","sim-data_n-100_effect-2_sigma-def_corr-1"
"subject73",0,0,"demo_logit","sim-data_n-100_effect-2_sigma-def_corr-1"
"subject75",1,0,"demo_logit","sim-data_n-100_effect-2_sigma-def_corr-1"
"subject76",1,1,"demo_logit","sim-data_n-100_effect-2_sigma-def_corr-1"
"subject84",0,0,"demo_logit","sim-data_n-100_effect-2_sigma-def_corr-1"
"subject91",0,0.002,"demo_logit","sim-data_n-100_effect-2_sigma-def_corr-1"
"subject93",1,1,"demo_logit","sim-data_n-100_effect-2_sigma-def_corr-1"
"subject3",0,0,"demo_logit","sim-data_n-100_effect-2_sigma-def_corr-0.5"
"subject6",0,0,"demo_logit","sim-data_n-100_effect-2_sigma-def_corr-0.5"
"subject8",1,1,"demo_logit","sim-data_n-100_effect-2_sigma-def_corr-0.5"
"subject13",1,1,"demo_logit","sim-data_n-100_effect-2_sigma-def_corr-0.5"
"subject15",0,0,"demo_logit","sim-data_n-100_effect-2_sigma-def_corr-0.5"
"subject16",0,0,"demo_logit","sim-data_n-100_effect-2_sigma-def_corr-0.5"
"subject20",1,1,"demo_logit","sim-data_n-100_effect-2_sigma-def_corr-0.5"
"subject21",1,1,"demo_logit","sim-data_n-100_effect-2_sigma-def_corr-0.5"
"subject25",1,1,"demo_logit","sim-data_n-100_effect-2_sigma-def_corr-0.5"
"subject32",0,0,"demo_logit","sim-data_n-100_effect-2_sigma-def_corr-0.5"
"subject34",1,1,"demo_logit","sim-data_n-100_effect-2_sigma-def_corr-0.5"
"subject37",0,0,"demo_logit","sim-data_n-100_effect-2_sigma-def_corr-0.5"
"subject40",1,1,"demo_logit","sim-data_n-100_effect-2_sigma-def_corr-0.5"
"subject45",1,1,"demo_logit","sim-data_n-100_effect-2_sigma-def_corr-0.5"
"subject54",1,1,"demo_logit","sim-data_n-100_effect-2_sigma-def_corr-0.5"
"subject57",1,1,"demo_logit","sim-data_n-100_effect-2_sigma-def_corr-0.5"
"subject58",1,0.966,"demo_logit","sim-data_n-100_effect-2_sigma-def_corr-0.5"
"subject64",0,0,"demo_logit","sim-data_n-100_effect-2_sigma-def_corr-0.5"
"subject65",1,0,"demo_logit","sim-data_n-100_effect-2_sigma-def_corr-0.5"
"subject67",0,0,"demo_logit","sim-data_n-100_effect-2_sigma-def_corr-0.5"
"subject69",0,0,"demo_logit","sim-data_n-100_effect-2_sigma-def_corr-0.5"
"subject71",1,1,"demo_logit","sim-data_n-100_effect-2_sigma-def_corr-0.5"
"subject73",1,1,"demo_logit","sim-data_n-100_effect-2_sigma-def_corr-0.5"
"subject77",1,1,"demo_logit","sim-data_n-100_effect-2_sigma-def_corr-0.5"
"subject82",1,1,"demo_logit","sim-data_n-100_effect-2_sigma-def_corr-0.5"
"subject91",0,0,"demo_logit","sim-data_n-100_effect-2_sigma-def_corr-0.5"
"subject92",1,1,"demo_logit","sim-data_n-100_effect-2_sigma-def_corr-0.5"
"subject96",1,1,"demo_logit","sim-data_n-100_effect-2_sigma-def_corr-0.5"
"subject99",0,0,"demo_logit","sim-data_n-100_effect-2_sigma-def_corr-0.5"
"subject100",1,1,"demo_logit","sim-data_n-100_effect-2_sigma-def_corr-0.5"
"subject4",0,0,"demo_logit","sim-data_n-50_effect-2_sigma-def_corr-1"
"subject5",1,1,"demo_logit","sim-data_n-50_effect-2_sigma-def_corr-1"
"subject8",0,0,"demo_logit","sim-data_n-50_effect-2_sigma-def_corr-1"
"subject17",0,0,"demo_logit","sim-data_n-50_effect-2_sigma-def_corr-1"
"subject19",0,0.017,"demo_logit","sim-data_n-50_effect-2_sigma-def_corr-1"
"subject20",1,0.182,"demo_logit","sim-data_n-50_effect-2_sigma-def_corr-1"
"subject24",0,0,"demo_logit","sim-data_n-50_effect-2_sigma-def_corr-1"
"subject28",0,1,"demo_logit","sim-data_n-50_effect-2_sigma-def_corr-1"
"subject29",1,1,"demo_logit","sim-data_n-50_effect-2_sigma-def_corr-1"
"subject35",1,1,"demo_logit","sim-data_n-50_effect-2_sigma-def_corr-1"
"subject38",1,1,"demo_logit","sim-data_n-50_effect-2_sigma-def_corr-1"
"subject40",1,1,"demo_logit","sim-data_n-50_effect-2_sigma-def_corr-1"
"subject42",0,0,"demo_logit","sim-data_n-50_effect-2_sigma-def_corr-1"
"subject46",0,1,"demo_logit","sim-data_n-50_effect-2_sigma-def_corr-1"
"subject50",0,0,"demo_logit","sim-data_n-50_effect-2_sigma-def_corr-1"
"subject1",0,0.001,"demo_logit","sim-data_n-50_effect-2_sigma-indep_corr-1"
"subject5",1,1,"demo_logit","sim-data_n-50_effect-2_sigma-indep_corr-1"
"subject12",1,1,"demo_logit","sim-data_n-50_effect-2_sigma-indep_corr-1"
"subject13",0,0,"demo_logit","sim-data_n-50_effect-2_sigma-indep_corr-1"
"subject15",0,0,"demo_logit","sim-data_n-50_effect-2_sigma-indep_corr-1"
"subject16",0,0,"demo_logit","sim-data_n-50_effect-2_sigma-indep_corr-1"
"subject20",0,0,"demo_logit","sim-data_n-50_effect-2_sigma-indep_corr-1"
"subject28",1,1,"demo_logit","sim-data_n-50_effect-2_sigma-indep_corr-1"
"subject29",0,0,"demo_logit","sim-data_n-50_effect-2_sigma-indep_corr-1"
"subject33",1,1,"demo_logit","sim-data_n-50_effect-2_sigma-indep_corr-1"
"subject37",1,0,"demo_logit","sim-data_n-50_effect-2_sigma-indep_corr-1"
"subject41",0,0,"demo_logit","sim-data_n-50_effect-2_sigma-indep_corr-1"
"subject43",0,0,"demo_logit","sim-data_n-50_effect-2_sigma-indep_corr-1"
"subject45",0,0,"demo_logit","sim-data_n-50_effect-2_sigma-indep_corr-1"
"subject47",1,0.904,"demo_logit","sim-data_n-50_effect-2_sigma-indep_corr-1"
"subject1",0,0,"demo_logit","sim-data_n-500_effect-2_sigma-indep_corr-1"
"subject2",0,0,"demo_logit","sim-data_n-500_effect-2_sigma-indep_corr-1"
"subject4",0,0,"demo_logit","sim-data_n-500_effect-2_sigma-indep_corr-1"
"subject5",1,1,"demo_logit","sim-data_n-500_effect-2_sigma-indep_corr-1"
"subject6",1,1,"demo_logit","sim-data_n-500_effect-2_sigma-indep_corr-1"
"subject8",0,0,"demo_logit","sim-data_n-500_effect-2_sigma-indep_corr-1"
"subject17",1,1,"demo_logit","sim-data_n-500_effect-2_sigma-indep_corr-1"
"subject23",1,1,"demo_logit","sim-data_n-500_effect-2_sigma-indep_corr-1"
"subject24",1,1,"demo_logit","sim-data_n-500_effect-2_sigma-indep_corr-1"
"subject28",0,0,"demo_logit","sim-data_n-500_effect-2_sigma-indep_corr-1"
"subject30",0,0,"demo_logit","sim-data_n-500_effect-2_sigma-indep_corr-1"
"subject31",1,1,"demo_logit","sim-data_n-500_effect-2_sigma-indep_corr-1"
"subject35",0,0,"demo_logit","sim-data_n-500_effect-2_sigma-indep_corr-1"
"subject36",0,0,"demo_logit","sim-data_n-500_effect-2_sigma-indep_corr-1"
"subject37",0,0,"demo_logit","sim-data_n-500_effect-2_sigma-indep_corr-1"
"subject38",0,0,"demo_logit","sim-data_n-500_effect-2_sigma-indep_corr-1"
"subject41",0,0,"demo_logit","sim-data_n-500_effect-2_sigma-indep_corr-1"
"subject43",0,0,"demo_logit","sim-data_n-500_effect-2_sigma-indep_corr-1"
"subject46",0,0,"demo_logit","sim-data_n-500_effect-2_sigma-indep_corr-1"
"subject48",1,1,"demo_logit","sim-data_n-500_effect-2_sigma-indep_corr-1"
"subject63",1,1,"demo_logit","sim-data_n-500_effect-2_sigma-indep_corr-1"
"subject64",0,0,"demo_logit","sim-data_n-500_effect-2_sigma-indep_corr-1"
"subject69",1,1,"demo_logit","sim-data_n-500_effect-2_sigma-indep_corr-1"
"subject73",0,0,"demo_logit","sim-data_n-500_effect-2_sigma-indep_corr-1"
"subject74",1,1,"demo_logit","sim-data_n-500_effect-2_sigma-indep_corr-1"
"subject75",1,1,"demo_logit","sim-data_n-500_effect-2_sigma-indep_corr-1"
"subject77",0,0,"demo_logit","sim-data_n-500_effect-2_sigma-indep_corr-1"
"subject80",0,0,"demo_logit","sim-data_n-500_effect-2_sigma-indep_corr-1"
"subject83",0,0,"demo_logit","sim-data_n-500_effect-2_sigma-indep_corr-1"
"subject87",1,1,"demo_logit","sim-data_n-500_effect-2_sigma-indep_corr-1"
"subject92",1,1,"demo_logit","sim-data_n-500_effect-2_sigma-indep_corr-1"
"subject97",0,0,"demo_logit","sim-data_n-500_effect-2_sigma-indep_corr-1"
"subject98",1,1,"demo_logit","sim-data_n-500_effect-2_sigma-indep_corr-1"
"subject107",1,1,"demo_logit","sim-data_n-500_effect-2_sigma-indep_corr-1"
"subject108",0,0,"demo_logit","sim-data_n-500_effect-2_sigma-indep_corr-1"
"subject109",0,0,"demo_logit","sim-data_n-500_effect-2_sigma-indep_corr-1"
"subject114",0,0,"demo_logit","sim-data_n-500_effect-2_sigma-indep_corr-1"
"subject115",0,0,"demo_logit","sim-data_n-500_effect-2_sigma-indep_corr-1"
"subject118",0,0,"demo_logit","sim-data_n-500_effect-2_sigma-indep_corr-1"
"subject120",1,1,"demo_logit","sim-data_n-500_effect-2_sigma-indep_corr-1"
"subject121",1,1,"demo_logit","sim-data_n-500_effect-2_sigma-indep_corr-1"
"subject123",1,1,"demo_logit","sim-data_n-500_effect-2_sigma-indep_corr-1"
"subject127",0,0,"demo_logit","sim-data_n-500_effect-2_sigma-indep_corr-1"
"subject135",1,1,"demo_logit","sim-data_n-500_effect-2_sigma-indep_corr-1"
"subject136",0,0,"demo_logit","sim-data_n-500_effect-2_sigma-indep_corr-1"
"subject137",1,1,"demo_logit","sim-data_n-500_effect-2_sigma-indep_corr-1"
"subject142",0,0,"demo_logit","sim-data_n-500_effect-2_sigma-indep_corr-1"
"subject145",1,1,"demo_logit","sim-data_n-500_effect-2_sigma-indep_corr-1"
"subject149",1,1,"demo_logit","sim-data_n-500_effect-2_sigma-indep_corr-1"
"subject150",0,0,"demo_logit","sim-data_n-500_effect-2_sigma-indep_corr-1"
"subject152",1,1,"demo_logit","sim-data_n-500_effect-2_sigma-indep_corr-1"
"subject160",1,1,"demo_logit","sim-data_n-500_effect-2_sigma-indep_corr-1"
"subject162",0,0,"demo_logit","sim-data_n-500_effect-2_sigma-indep_corr-1"
"subject163",0,0,"demo_logit","sim-data_n-500_effect-2_sigma-indep_corr-1"
"subject167",1,1,"demo_logit","sim-data_n-500_effect-2_sigma-indep_corr-1"
"subject170",1,1,"demo_logit","sim-data_n-500_effect-2_sigma-indep_corr-1"
"subject172",1,1,"demo_logit","sim-data_n-500_effect-2_sigma-indep_corr-1"
"subject177",1,1,"demo_logit","sim-data_n-500_effect-2_sigma-indep_corr-1"
"subject180",1,1,"demo_logit","sim-data_n-500_effect-2_sigma-indep_corr-1"
"subject181",0,0,"demo_logit","sim-data_n-500_effect-2_sigma-indep_corr-1"
"subject186",0,0,"demo_logit","sim-data_n-500_effect-2_sigma-indep_corr-1"
"subject188",1,1,"demo_logit","sim-data_n-500_effect-2_sigma-indep_corr-1"
"subject193",1,1,"demo_logit","sim-data_n-500_effect-2_sigma-indep_corr-1"
"subject198",1,1,"demo_logit","sim-data_n-500_effect-2_sigma-indep_corr-1"
"subject199",1,1,"demo_logit","sim-data_n-500_effect-2_sigma-indep_corr-1"
"subject207",1,1,"demo_logit","sim-data_n-500_effect-2_sigma-indep_corr-1"
"subject213",1,1,"demo_logit","sim-data_n-500_effect-2_sigma-indep_corr-1"
"subject215",0,0,"demo_logit","sim-data_n-500_effect-2_sigma-indep_corr-1"
"subject222",0,0,"demo_logit","sim-data_n-500_effect-2_sigma-indep_corr-1"
"subject223",1,1,"demo_logit","sim-data_n-500_effect-2_sigma-indep_corr-1"
"subject225",1,1,"demo_logit","sim-data_n-500_effect-2_sigma-indep_corr-1"
"subject231",1,1,"demo_logit","sim-data_n-500_effect-2_sigma-indep_corr-1"
"subject233",1,1,"demo_logit","sim-data_n-500_effect-2_sigma-indep_corr-1"
"subject241",0,0,"demo_logit","sim-data_n-500_effect-2_sigma-indep_corr-1"
"subject246",1,1,"demo_logit","sim-data_n-500_effect-2_sigma-indep_corr-1"
"subject247",1,1,"demo_logit","sim-data_n-500_effect-2_sigma-indep_corr-1"
"subject248",0,0,"demo_logit","sim-data_n-500_effect-2_sigma-indep_corr-1"
"subject253",1,1,"demo_logit","sim-data_n-500_effect-2_sigma-indep_corr-1"
"subject258",1,1,"demo_logit","sim-data_n-500_effect-2_sigma-indep_corr-1"
"subject260",1,1,"demo_logit","sim-data_n-500_effect-2_sigma-indep_corr-1"
"subject263",1,1,"demo_logit","sim-data_n-500_effect-2_sigma-indep_corr-1"
"subject264",1,1,"demo_logit","sim-data_n-500_effect-2_sigma-indep_corr-1"
"subject268",0,0,"demo_logit","sim-data_n-500_effect-2_sigma-indep_corr-1"
"subject273",0,0,"demo_logit","sim-data_n-500_effect-2_sigma-indep_corr-1"
"subject279",0,0,"demo_logit","sim-data_n-500_effect-2_sigma-indep_corr-1"
"subject280",1,1,"demo_logit","sim-data_n-500_effect-2_sigma-indep_corr-1"
"subject282",1,1,"demo_logit","sim-data_n-500_effect-2_sigma-indep_corr-1"
"subject284",0,0,"demo_logit","sim-data_n-500_effect-2_sigma-indep_corr-1"
"subject286",1,1,"demo_logit","sim-data_n-500_effect-2_sigma-indep_corr-1"
"subject287",0,0,"demo_logit","sim-data_n-500_effect-2_sigma-indep_corr-1"
"subject288",0,0,"demo_logit","sim-data_n-500_effect-2_sigma-indep_corr-1"
"subject294",0,0,"demo_logit","sim-data_n-500_effect-2_sigma-indep_corr-1"
"subject297",0,0,"demo_logit","sim-data_n-500_effect-2_sigma-indep_corr-1"
"subject298",0,0,"demo_logit","sim-data_n-500_effect-2_sigma-indep_corr-1"
"subject299",0,0,"demo_logit","sim-data_n-500_effect-2_sigma-indep_corr-1"
"subject303",0,0,"demo_logit","sim-data_n-500_effect-2_sigma-indep_corr-1"
"subject304",0,0,"demo_logit","sim-data_n-500_effect-2_sigma-indep_corr-1"
"subject305",0,0,"demo_logit","sim-data_n-500_effect-2_sigma-indep_corr-1"
"subject310",1,1,"demo_logit","sim-data_n-500_effect-2_sigma-indep_corr-1"
"subject313",1,1,"demo_logit","sim-data_n-500_effect-2_sigma-indep_corr-1"
"subject314",1,1,"demo_logit","sim-data_n-500_effect-2_sigma-indep_corr-1"
"subject315",1,1,"demo_logit","sim-data_n-500_effect-2_sigma-indep_corr-1"
"subject316",0,0,"demo_logit","sim-data_n-500_effect-2_sigma-indep_corr-1"
"subject321",0,0,"demo_logit","sim-data_n-500_effect-2_sigma-indep_corr-1"
"subject322",0,0,"demo_logit","sim-data_n-500_effect-2_sigma-indep_corr-1"
"subject331",1,1,"demo_logit","sim-data_n-500_effect-2_sigma-indep_corr-1"
"subject335",0,0,"demo_logit","sim-data_n-500_effect-2_sigma-indep_corr-1"
"subject340",0,0,"demo_logit","sim-data_n-500_effect-2_sigma-indep_corr-1"
"subject342",1,1,"demo_logit","sim-data_n-500_effect-2_sigma-indep_corr-1"
"subject359",1,1,"demo_logit","sim-data_n-500_effect-2_sigma-indep_corr-1"
"subject360",1,1,"demo_logit","sim-data_n-500_effect-2_sigma-indep_corr-1"
"subject363",1,1,"demo_logit","sim-data_n-500_effect-2_sigma-indep_corr-1"
"subject364",1,1,"demo_logit","sim-data_n-500_effect-2_sigma-indep_corr-1"
"subject365",1,1,"demo_logit","sim-data_n-500_effect-2_sigma-indep_corr-1"
"subject368",0,0,"demo_logit","sim-data_n-500_effect-2_sigma-indep_corr-1"
"subject372",1,1,"demo_logit","sim-data_n-500_effect-2_sigma-indep_corr-1"
"subject381",0,0,"demo_logit","sim-data_n-500_effect-2_sigma-indep_corr-1"
"subject382",1,1,"demo_logit","sim-data_n-500_effect-2_sigma-indep_corr-1"
"subject384",1,1,"demo_logit","sim-data_n-500_effect-2_sigma-indep_corr-1"
"subject387",1,1,"demo_logit","sim-data_n-500_effect-2_sigma-indep_corr-1"
"subject391",1,1,"demo_logit","sim-data_n-500_effect-2_sigma-indep_corr-1"
"subject393",0,0,"demo_logit","sim-data_n-500_effect-2_sigma-indep_corr-1"
"subject394",0,0,"demo_logit","sim-data_n-500_effect-2_sigma-indep_corr-1"
"subject401",0,0,"demo_logit","sim-data_n-500_effect-2_sigma-indep_corr-1"
"subject403",0,0,"demo_logit","sim-data_n-500_effect-2_sigma-indep_corr-1"
"subject408",0,0,"demo_logit","sim-data_n-500_effect-2_sigma-indep_corr-1"
"subject410",1,1,"demo_logit","sim-data_n-500_effect-2_sigma-indep_corr-1"
"subject411",0,0,"demo_logit","sim-data_n-500_effect-2_sigma-indep_corr-1"
"subject412",0,0,"demo_logit","sim-data_n-500_effect-2_sigma-indep_corr-1"
"subject414",1,1,"demo_logit","sim-data_n-500_effect-2_sigma-indep_corr-1"
"subject420",0,0,"demo_logit","sim-data_n-500_effect-2_sigma-indep_corr-1"
"subject425",1,1,"demo_logit","sim-data_n-500_effect-2_sigma-indep_corr-1"
"subject426",0,0,"demo_logit","sim-data_n-500_effect-2_sigma-indep_corr-1"
"subject427",0,0,"demo_logit","sim-data_n-500_effect-2_sigma-indep_corr-1"
"subject431",1,1,"demo_logit","sim-data_n-500_effect-2_sigma-indep_corr-1"
"subject433",1,1,"demo_logit","sim-data_n-500_effect-2_sigma-indep_corr-1"
"subject435",0,0,"demo_logit","sim-data_n-500_effect-2_sigma-indep_corr-1"
"subject442",0,0,"demo_logit","sim-data_n-500_effect-2_sigma-indep_corr-1"
"subject449",0,0,"demo_logit","sim-data_n-500_effect-2_sigma-indep_corr-1"
"subject457",0,0,"demo_logit","sim-data_n-500_effect-2_sigma-indep_corr-1"
"subject463",1,1,"demo_logit","sim-data_n-500_effect-2_sigma-indep_corr-1"
"subject471",0,0,"demo_logit","sim-data_n-500_effect-2_sigma-indep_corr-1"
"subject477",1,1,"demo_logit","sim-data_n-500_effect-2_sigma-indep_corr-1"
"subject480",0,0,"demo_logit","sim-data_n-500_effect-2_sigma-indep_corr-1"
"subject485",0,0,"demo_logit","sim-data_n-500_effect-2_sigma-indep_corr-1"
"subject487",1,1,"demo_logit","sim-data_n-500_effect-2_sigma-indep_corr-1"
"subject490",0,0,"demo_logit","sim-data_n-500_effect-2_sigma-indep_corr-1"
"subject492",1,1,"demo_logit","sim-data_n-500_effect-2_sigma-indep_corr-1"
"subject497",1,1,"demo_logit","sim-data_n-500_effect-2_sigma-indep_corr-1"
"subject500",1,1,"demo_logit","sim-data_n-500_effect-2_sigma-indep_corr-1"
"subject2",0,0,"demo_logit","sim-data_n-100_effect-2_sigma-def_corr-0"
"subject12",1,1,"demo_logit","sim-data_n-100_effect-2_sigma-def_corr-0"
"subject15",0,0,"demo_logit","sim-data_n-100_effect-2_sigma-def_corr-0"
"subject18",0,1,"demo_logit","sim-data_n-100_effect-2_sigma-def_corr-0"
"subject23",0,1,"demo_logit","sim-data_n-100_effect-2_sigma-def_corr-0"
"subject28",0,1,"demo_logit","sim-data_n-100_effect-2_sigma-def_corr-0"
"subject36",0,0,"demo_logit","sim-data_n-100_effect-2_sigma-def_corr-0"
"subject38",1,0,"demo_logit","sim-data_n-100_effect-2_sigma-def_corr-0"
"subject39",0,0,"demo_logit","sim-data_n-100_effect-2_sigma-def_corr-0"
"subject43",1,1,"demo_logit","sim-data_n-100_effect-2_sigma-def_corr-0"
"subject46",1,1,"demo_logit","sim-data_n-100_effect-2_sigma-def_corr-0"
"subject50",0,1,"demo_logit","sim-data_n-100_effect-2_sigma-def_corr-0"
"subject55",1,0,"demo_logit","sim-data_n-100_effect-2_sigma-def_corr-0"
"subject56",1,1,"demo_logit","sim-data_n-100_effect-2_sigma-def_corr-0"
"subject58",0,1,"demo_logit","sim-data_n-100_effect-2_sigma-def_corr-0"
"subject61",0,0,"demo_logit","sim-data_n-100_effect-2_sigma-def_corr-0"
"subject62",0,0,"demo_logit","sim-data_n-100_effect-2_sigma-def_corr-0"
"subject66",0,1,"demo_logit","sim-data_n-100_effect-2_sigma-def_corr-0"
"subject67",1,0,"demo_logit","sim-data_n-100_effect-2_sigma-def_corr-0"
"subject70",0,0,"demo_logit","sim-data_n-100_effect-2_sigma-def_corr-0"
"subject71",0,0,"demo_logit","sim-data_n-100_effect-2_sigma-def_corr-0"
"subject78",1,1,"demo_logit","sim-data_n-100_effect-2_sigma-def_corr-0"
"subject81",0,1,"demo_logit","sim-data_n-100_effect-2_sigma-def_corr-0"
"subject82",1,0.628,"demo_logit","sim-data_n-100_effect-2_sigma-def_corr-0"
"subject84",0,1,"demo_logit","sim-data_n-100_effect-2_sigma-def_corr-0"
"subject87",0,0,"demo_logit","sim-data_n-100_effect-2_sigma-def_corr-0"
"subject88",0,1,"demo_logit","sim-data_n-100_effect-2_sigma-def_corr-0"
"subject91",1,1,"demo_logit","sim-data_n-100_effect-2_sigma-def_corr-0"
"subject95",0,1,"demo_logit","sim-data_n-100_effect-2_sigma-def_corr-0"
"subject96",1,0,"demo_logit","sim-data_n-100_effect-2_sigma-def_corr-0"
"subject3",1,0.316,"demo_logit","sim-data_n-100_effect-2_sigma-def_corr-0"
"subject6",0,0,"demo_logit","sim-data_n-100_effect-2_sigma-def_corr-0"
"subject10",0,0,"demo_logit","sim-data_n-100_effect-2_sigma-def_corr-0"
"subject16",0,0,"demo_logit","sim-data_n-100_effect-2_sigma-def_corr-0"
"subject19",1,1,"demo_logit","sim-data_n-100_effect-2_sigma-def_corr-0"
"subject20",0,0,"demo_logit","sim-data_n-100_effect-2_sigma-def_corr-0"
"subject26",1,0.995,"demo_logit","sim-data_n-100_effect-2_sigma-def_corr-0"
"subject27",0,0,"demo_logit","sim-data_n-100_effect-2_sigma-def_corr-0"
"subject35",0,0,"demo_logit","sim-data_n-100_effect-2_sigma-def_corr-0"
"subject45",1,0.017,"demo_logit","sim-data_n-100_effect-2_sigma-def_corr-0"
"subject48",1,1,"demo_logit","sim-data_n-100_effect-2_sigma-def_corr-0"
"subject49",1,0,"demo_logit","sim-data_n-100_effect-2_sigma-def_corr-0"
"subject52",1,1,"demo_logit","sim-data_n-100_effect-2_sigma-def_corr-0"
"subject57",1,0,"demo_logit","sim-data_n-100_effect-2_sigma-def_corr-0"
"subject65",0,0,"demo_logit","sim-data_n-100_effect-2_sigma-def_corr-0"
"subject68",0,0,"demo_logit","sim-data_n-100_effect-2_sigma-def_corr-0"
"subject69",1,1,"demo_logit","sim-data_n-100_effect-2_sigma-def_corr-0"
"subject72",1,1,"demo_logit","sim-data_n-100_effect-2_sigma-def_corr-0"
"subject73",1,1,"demo_logit","sim-data_n-100_effect-2_sigma-def_corr-0"
"subject74",1,1,"demo_logit","sim-data_n-100_effect-2_sigma-def_corr-0"
"subject76",1,1,"demo_logit","sim-data_n-100_effect-2_sigma-def_corr-0"
"subject77",0,0,"demo_logit","sim-data_n-100_effect-2_sigma-def_corr-0"
"subject79",1,1,"demo_logit","sim-data_n-100_effect-2_sigma-def_corr-0"
"subject83",1,1,"demo_logit","sim-data_n-100_effect-2_sigma-def_corr-0"
"subject86",0,0.244,"demo_logit","sim-data_n-100_effect-2_sigma-def_corr-0"
"subject92",1,1,"demo_logit","sim-data_n-100_effect-2_sigma-def_corr-0"
"subject93",0,0,"demo_logit","sim-data_n-100_effect-2_sigma-def_corr-0"
"subject94",1,1,"demo_logit","sim-data_n-100_effect-2_sigma-def_corr-0"
"subject97",1,0.004,"demo_logit","sim-data_n-100_effect-2_sigma-def_corr-0"
"subject100",1,0.844,"demo_logit","sim-data_n-100_effect-2_sigma-def_corr-0"
"subject1",1,1,"demo_logit","sim-data_n-50_effect-2_sigma-indep_corr-0"
"subject2",1,1,"demo_logit","sim-data_n-50_effect-2_sigma-indep_corr-0"
"subject11",0,0,"demo_logit","sim-data_n-50_effect-2_sigma-indep_corr-0"
"subject12",0,0.754,"demo_logit","sim-data_n-50_effect-2_sigma-indep_corr-0"
"subject14",0,0,"demo_logit","sim-data_n-50_effect-2_sigma-indep_corr-0"
"subject16",1,1,"demo_logit","sim-data_n-50_effect-2_sigma-indep_corr-0"
"subject19",1,1,"demo_logit","sim-data_n-50_effect-2_sigma-indep_corr-0"
"subject27",0,0,"demo_logit","sim-data_n-50_effect-2_sigma-indep_corr-0"
"subject29",1,1,"demo_logit","sim-data_n-50_effect-2_sigma-indep_corr-0"
"subject33",0,0,"demo_logit","sim-data_n-50_effect-2_sigma-indep_corr-0"
"subject35",1,1,"demo_logit","sim-data_n-50_effect-2_sigma-indep_corr-0"
"subject39",1,1,"demo_logit","sim-data_n-50_effect-2_sigma-indep_corr-0"
"subject41",1,0,"demo_logit","sim-data_n-50_effect-2_sigma-indep_corr-0"
"subject45",0,0,"demo_logit","sim-data_n-50_effect-2_sigma-indep_corr-0"
"subject48",1,0.363,"demo_logit","sim-data_n-50_effect-2_sigma-indep_corr-0"
"TCGA.AO.A0JI",0,1,"demo_logit","tcga-brca"
"TCGA.A1.A0SH",0,0,"demo_logit","tcga-brca"
"TCGA.A1.A0SJ",1,0,"demo_logit","tcga-brca"
"TCGA.A1.A0SO",0,1,"demo_logit","tcga-brca"
"TCGA.A2.A0ST",0,1,"demo_logit","tcga-brca"
"TCGA.A2.A0SV",1,1,"demo_logit","tcga-brca"
"TCGA.A2.A0SX",0,1,"demo_logit","tcga-brca"
"TCGA.A2.A0T2",1,1,"demo_logit","tcga-brca"
"TCGA.A2.A0T6",0,0.998,"demo_logit","tcga-brca"
"TCGA.A2.A0T7",0,1,"demo_logit","tcga-brca"
"TCGA.A2.A0YF",0,0,"demo_logit","tcga-brca"
"TCGA.A2.A0YG",1,1,"demo_logit","tcga-brca"
"TCGA.A2.A0YI",0,1,"demo_logit","tcga-brca"
"TCGA.A2.A0YL",1,0,"demo_logit","tcga-brca"
"TCGA.A7.A0D9",0,1,"demo_logit","tcga-brca"
"TCGA.A8.A08O",1,0,"demo_logit","tcga-brca"
"TCGA.AN.A0XO",1,0,"demo_logit","tcga-brca"
"TCGA.AN.A0XP",1,1,"demo_logit","tcga-brca"
"TCGA.AN.A0XT",1,0,"demo_logit","tcga-brca"
"TCGA.AN.A0XW",1,0,"demo_logit","tcga-brca"
"TCGA.AO.A0JB",1,0,"demo_logit","tcga-brca"
"TCGA.AO.A0JD",1,1,"demo_logit","tcga-brca"
"TCGA.AO.A0JE",1,1,"demo_logit","tcga-brca"
"TCGA.AO.A0JG",1,0,"demo_logit","tcga-brca"
"TCGA.AO.A0JL",1,1,"demo_logit","tcga-brca"
"TCGA.AO.A124",0,1,"demo_logit","tcga-brca"
"TCGA.AO.A126",0,1,"demo_logit","tcga-brca"
"TCGA.AO.A128",0,1,"demo_logit","tcga-brca"
"TCGA.AO.A129",0,1,"demo_logit","tcga-brca"
"TCGA.AO.A12C",0,0,"demo_logit","tcga-brca"
"TCGA.AO.A12G",0,1,"demo_logit","tcga-brca"
"TCGA.AR.A0TR",0,1,"demo_logit","tcga-brca"
"TCGA.AR.A0TT",1,1,"demo_logit","tcga-brca"
"TCGA.AR.A0TV",0,1,"demo_logit","tcga-brca"
"TCGA.AR.A0TX",0,0,"demo_logit","tcga-brca"
"TCGA.AR.A0U3",0,1,"demo_logit","tcga-brca"
"TCGA.AR.A0U4",0,0,"demo_logit","tcga-brca"
"TCGA.B6.A0IK",1,1,"demo_logit","tcga-brca"
"TCGA.B6.A0RL",0,1,"demo_logit","tcga-brca"
"TCGA.B6.A0RN",0,1,"demo_logit","tcga-brca"
"TCGA.B6.A0WX",1,0,"demo_logit","tcga-brca"
"TCGA.BH.A0BC",1,1,"demo_logit","tcga-brca"
"TCGA.BH.A0BJ",0,1,"demo_logit","tcga-brca"
"TCGA.BH.A0BM",0,0.999,"demo_logit","tcga-brca"
"TCGA.BH.A0C0",0,1,"demo_logit","tcga-brca"
"TCGA.BH.A0DK",0,0,"demo_logit","tcga-brca"
"TCGA.BH.A0DP",0,0,"demo_logit","tcga-brca"
"TCGA.BH.A0GY",0,0.787,"demo_logit","tcga-brca"
"TCGA.BH.A0HK",0,1,"demo_logit","tcga-brca"
"TCGA.BH.A0HY",0,1,"demo_logit","tcga-brca"
"TCGA.BH.A0RX",0,0,"demo_logit","tcga-brca"
"TCGA.BH.A0W4",0,0,"demo_logit","tcga-brca"
"TCGA.E2.A107",1,0,"demo_logit","tcga-brca"
"TCGA.E2.A10C",0,1,"demo_logit","tcga-brca"
"TCGA.E2.A10E",0,1,"demo_logit","tcga-brca"
"subject1",0,0,"demo_logit","sim-data_n-500_effect-2_sigma-def_corr-0.5"
"subject2",0,0,"demo_logit","sim-data_n-500_effect-2_sigma-def_corr-0.5"
"subject4",1,1,"demo_logit","sim-data_n-500_effect-2_sigma-def_corr-0.5"
"subject6",1,1,"demo_logit","sim-data_n-500_effect-2_sigma-def_corr-0.5"
"subject7",1,1,"demo_logit","sim-data_n-500_effect-2_sigma-def_corr-0.5"
"subject8",1,1,"demo_logit","sim-data_n-500_effect-2_sigma-def_corr-0.5"
"subject17",1,1,"demo_logit","sim-data_n-500_effect-2_sigma-def_corr-0.5"
"subject22",1,1,"demo_logit","sim-data_n-500_effect-2_sigma-def_corr-0.5"
"subject23",1,1,"demo_logit","sim-data_n-500_effect-2_sigma-def_corr-0.5"
"subject28",0,0,"demo_logit","sim-data_n-500_effect-2_sigma-def_corr-0.5"
"subject32",0,0,"demo_logit","sim-data_n-500_effect-2_sigma-def_corr-0.5"
"subject33",0,0,"demo_logit","sim-data_n-500_effect-2_sigma-def_corr-0.5"
"subject34",1,1,"demo_logit","sim-data_n-500_effect-2_sigma-def_corr-0.5"
"subject36",0,0,"demo_logit","sim-data_n-500_effect-2_sigma-def_corr-0.5"
"subject39",1,1,"demo_logit","sim-data_n-500_effect-2_sigma-def_corr-0.5"
"subject41",1,1,"demo_logit","sim-data_n-500_effect-2_sigma-def_corr-0.5"
"subject43",0,0,"demo_logit","sim-data_n-500_effect-2_sigma-def_corr-0.5"
"subject45",1,1,"demo_logit","sim-data_n-500_effect-2_sigma-def_corr-0.5"
"subject54",1,1,"demo_logit","sim-data_n-500_effect-2_sigma-def_corr-0.5"
"subject56",1,1,"demo_logit","sim-data_n-500_effect-2_sigma-def_corr-0.5"
"subject68",1,1,"demo_logit","sim-data_n-500_effect-2_sigma-def_corr-0.5"
"subject69",0,0,"demo_logit","sim-data_n-500_effect-2_sigma-def_corr-0.5"
"subject76",1,1,"demo_logit","sim-data_n-500_effect-2_sigma-def_corr-0.5"
"subject78",0,0,"demo_logit","sim-data_n-500_effect-2_sigma-def_corr-0.5"
"subject83",0,0,"demo_logit","sim-data_n-500_effect-2_sigma-def_corr-0.5"
"subject85",1,1,"demo_logit","sim-data_n-500_effect-2_sigma-def_corr-0.5"
"subject88",0,0,"demo_logit","sim-data_n-500_effect-2_sigma-def_corr-0.5"
"subject90",1,1,"demo_logit","sim-data_n-500_effect-2_sigma-def_corr-0.5"
"subject91",1,1,"demo_logit","sim-data_n-500_effect-2_sigma-def_corr-0.5"
"subject96",0,0,"demo_logit","sim-data_n-500_effect-2_sigma-def_corr-0.5"
"subject97",0,0,"demo_logit","sim-data_n-500_effect-2_sigma-def_corr-0.5"
"subject101",0,0,"demo_logit","sim-data_n-500_effect-2_sigma-def_corr-0.5"
"subject103",1,1,"demo_logit","sim-data_n-500_effect-2_sigma-def_corr-0.5"
"subject109",0,0,"demo_logit","sim-data_n-500_effect-2_sigma-def_corr-0.5"
"subject110",1,1,"demo_logit","sim-data_n-500_effect-2_sigma-def_corr-0.5"
"subject111",0,0,"demo_logit","sim-data_n-500_effect-2_sigma-def_corr-0.5"
"subject113",0,0,"demo_logit","sim-data_n-500_effect-2_sigma-def_corr-0.5"
"subject114",1,1,"demo_logit","sim-data_n-500_effect-2_sigma-def_corr-0.5"
"subject118",1,1,"demo_logit","sim-data_n-500_effect-2_sigma-def_corr-0.5"
"subject120",0,0,"demo_logit","sim-data_n-500_effect-2_sigma-def_corr-0.5"
"subject122",1,1,"demo_logit","sim-data_n-500_effect-2_sigma-def_corr-0.5"
"subject128",0,0,"demo_logit","sim-data_n-500_effect-2_sigma-def_corr-0.5"
"subject131",1,1,"demo_logit","sim-data_n-500_effect-2_sigma-def_corr-0.5"
"subject141",0,0,"demo_logit","sim-data_n-500_effect-2_sigma-def_corr-0.5"
"subject142",0,0,"demo_logit","sim-data_n-500_effect-2_sigma-def_corr-0.5"
"subject143",1,1,"demo_logit","sim-data_n-500_effect-2_sigma-def_corr-0.5"
"subject146",0,0,"demo_logit","sim-data_n-500_effect-2_sigma-def_corr-0.5"
"subject148",1,1,"demo_logit","sim-data_n-500_effect-2_sigma-def_corr-0.5"
"subject149",0,0,"demo_logit","sim-data_n-500_effect-2_sigma-def_corr-0.5"
"subject151",1,1,"demo_logit","sim-data_n-500_effect-2_sigma-def_corr-0.5"
"subject153",0,0,"demo_logit","sim-data_n-500_effect-2_sigma-def_corr-0.5"
"subject160",1,1,"demo_logit","sim-data_n-500_effect-2_sigma-def_corr-0.5"
"subject163",1,1,"demo_logit","sim-data_n-500_effect-2_sigma-def_corr-0.5"
"subject167",1,1,"demo_logit","sim-data_n-500_effect-2_sigma-def_corr-0.5"
"subject169",0,0,"demo_logit","sim-data_n-500_effect-2_sigma-def_corr-0.5"
"subject174",1,1,"demo_logit","sim-data_n-500_effect-2_sigma-def_corr-0.5"
"subject177",1,1,"demo_logit","sim-data_n-500_effect-2_sigma-def_corr-0.5"
"subject184",1,1,"demo_logit","sim-data_n-500_effect-2_sigma-def_corr-0.5"
"subject187",0,0,"demo_logit","sim-data_n-500_effect-2_sigma-def_corr-0.5"
"subject189",1,1,"demo_logit","sim-data_n-500_effect-2_sigma-def_corr-0.5"
"subject194",1,1,"demo_logit","sim-data_n-500_effect-2_sigma-def_corr-0.5"
"subject195",0,0,"demo_logit","sim-data_n-500_effect-2_sigma-def_corr-0.5"
"subject199",0,0,"demo_logit","sim-data_n-500_effect-2_sigma-def_corr-0.5"
"subject202",0,0,"demo_logit","sim-data_n-500_effect-2_sigma-def_corr-0.5"
"subject205",0,0,"demo_logit","sim-data_n-500_effect-2_sigma-def_corr-0.5"
"subject214",0,0,"demo_logit","sim-data_n-500_effect-2_sigma-def_corr-0.5"
"subject219",1,1,"demo_logit","sim-data_n-500_effect-2_sigma-def_corr-0.5"
"subject223",1,1,"demo_logit","sim-data_n-500_effect-2_sigma-def_corr-0.5"
"subject231",0,0,"demo_logit","sim-data_n-500_effect-2_sigma-def_corr-0.5"
"subject232",1,1,"demo_logit","sim-data_n-500_effect-2_sigma-def_corr-0.5"
"subject236",1,1,"demo_logit","sim-data_n-500_effect-2_sigma-def_corr-0.5"
"subject246",0,0,"demo_logit","sim-data_n-500_effect-2_sigma-def_corr-0.5"
"subject247",1,1,"demo_logit","sim-data_n-500_effect-2_sigma-def_corr-0.5"
"subject251",0,0,"demo_logit","sim-data_n-500_effect-2_sigma-def_corr-0.5"
"subject254",0,0,"demo_logit","sim-data_n-500_effect-2_sigma-def_corr-0.5"
"subject255",1,1,"demo_logit","sim-data_n-500_effect-2_sigma-def_corr-0.5"
"subject256",0,0,"demo_logit","sim-data_n-500_effect-2_sigma-def_corr-0.5"
"subject260",1,1,"demo_logit","sim-data_n-500_effect-2_sigma-def_corr-0.5"
"subject266",1,1,"demo_logit","sim-data_n-500_effect-2_sigma-def_corr-0.5"
"subject270",0,0,"demo_logit","sim-data_n-500_effect-2_sigma-def_corr-0.5"
"subject276",0,0,"demo_logit","sim-data_n-500_effect-2_sigma-def_corr-0.5"
"subject277",1,1,"demo_logit","sim-data_n-500_effect-2_sigma-def_corr-0.5"
"subject280",1,1,"demo_logit","sim-data_n-500_effect-2_sigma-def_corr-0.5"
"subject281",1,1,"demo_logit","sim-data_n-500_effect-2_sigma-def_corr-0.5"
"subject286",0,0,"demo_logit","sim-data_n-500_effect-2_sigma-def_corr-0.5"
"subject288",0,0,"demo_logit","sim-data_n-500_effect-2_sigma-def_corr-0.5"
"subject289",0,0,"demo_logit","sim-data_n-500_effect-2_sigma-def_corr-0.5"
"subject290",1,1,"demo_logit","sim-data_n-500_effect-2_sigma-def_corr-0.5"
"subject292",1,1,"demo_logit","sim-data_n-500_effect-2_sigma-def_corr-0.5"
"subject294",1,1,"demo_logit","sim-data_n-500_effect-2_sigma-def_corr-0.5"
"subject295",0,0,"demo_logit","sim-data_n-500_effect-2_sigma-def_corr-0.5"
"subject301",1,1,"demo_logit","sim-data_n-500_effect-2_sigma-def_corr-0.5"
"subject304",0,0,"demo_logit","sim-data_n-500_effect-2_sigma-def_corr-0.5"
"subject306",1,1,"demo_logit","sim-data_n-500_effect-2_sigma-def_corr-0.5"
"subject307",0,0,"demo_logit","sim-data_n-500_effect-2_sigma-def_corr-0.5"
"subject308",0,0,"demo_logit","sim-data_n-500_effect-2_sigma-def_corr-0.5"
"subject309",0,0,"demo_logit","sim-data_n-500_effect-2_sigma-def_corr-0.5"
"subject310",1,1,"demo_logit","sim-data_n-500_effect-2_sigma-def_corr-0.5"
"subject313",1,1,"demo_logit","sim-data_n-500_effect-2_sigma-def_corr-0.5"
"subject314",0,0,"demo_logit","sim-data_n-500_effect-2_sigma-def_corr-0.5"
"subject315",1,1,"demo_logit","sim-data_n-500_effect-2_sigma-def_corr-0.5"
"subject316",1,1,"demo_logit","sim-data_n-500_effect-2_sigma-def_corr-0.5"
"subject318",1,1,"demo_logit","sim-data_n-500_effect-2_sigma-def_corr-0.5"
"subject337",1,1,"demo_logit","sim-data_n-500_effect-2_sigma-def_corr-0.5"
"subject338",0,0,"demo_logit","sim-data_n-500_effect-2_sigma-def_corr-0.5"
"subject344",1,1,"demo_logit","sim-data_n-500_effect-2_sigma-def_corr-0.5"
"subject347",1,1,"demo_logit","sim-data_n-500_effect-2_sigma-def_corr-0.5"
"subject350",0,0,"demo_logit","sim-data_n-500_effect-2_sigma-def_corr-0.5"
"subject351",1,1,"demo_logit","sim-data_n-500_effect-2_sigma-def_corr-0.5"
"subject359",1,1,"demo_logit","sim-data_n-500_effect-2_sigma-def_corr-0.5"
"subject360",1,1,"demo_logit","sim-data_n-500_effect-2_sigma-def_corr-0.5"
"subject363",1,1,"demo_logit","sim-data_n-500_effect-2_sigma-def_corr-0.5"
"subject364",0,0,"demo_logit","sim-data_n-500_effect-2_sigma-def_corr-0.5"
"subject366",0,0,"demo_logit","sim-data_n-500_effect-2_sigma-def_corr-0.5"
"subject370",0,0,"demo_logit","sim-data_n-500_effect-2_sigma-def_corr-0.5"
"subject377",0,0,"demo_logit","sim-data_n-500_effect-2_sigma-def_corr-0.5"
"subject384",0,0,"demo_logit","sim-data_n-500_effect-2_sigma-def_corr-0.5"
"subject385",1,1,"demo_logit","sim-data_n-500_effect-2_sigma-def_corr-0.5"
"subject386",1,1,"demo_logit","sim-data_n-500_effect-2_sigma-def_corr-0.5"
"subject393",1,1,"demo_logit","sim-data_n-500_effect-2_sigma-def_corr-0.5"
"subject396",0,0,"demo_logit","sim-data_n-500_effect-2_sigma-def_corr-0.5"
"subject399",1,1,"demo_logit","sim-data_n-500_effect-2_sigma-def_corr-0.5"
"subject400",1,1,"demo_logit","sim-data_n-500_effect-2_sigma-def_corr-0.5"
"subject412",0,0,"demo_logit","sim-data_n-500_effect-2_sigma-def_corr-0.5"
"subject413",0,0,"demo_logit","sim-data_n-500_effect-2_sigma-def_corr-0.5"
"subject417",1,1,"demo_logit","sim-data_n-500_effect-2_sigma-def_corr-0.5"
"subject419",1,1,"demo_logit","sim-data_n-500_effect-2_sigma-def_corr-0.5"
"subject420",1,1,"demo_logit","sim-data_n-500_effect-2_sigma-def_corr-0.5"
"subject422",1,1,"demo_logit","sim-data_n-500_effect-2_sigma-def_corr-0.5"
"subject424",1,1,"demo_logit","sim-data_n-500_effect-2_sigma-def_corr-0.5"
"subject426",1,1,"demo_logit","sim-data_n-500_effect-2_sigma-def_corr-0.5"
"subject429",1,1,"demo_logit","sim-data_n-500_effect-2_sigma-def_corr-0.5"
"subject433",1,1,"demo_logit","sim-data_n-500_effect-2_sigma-def_corr-0.5"
"subject434",0,0,"demo_logit","sim-data_n-500_effect-2_sigma-def_corr-0.5"
"subject436",1,1,"demo_logit","sim-data_n-500_effect-2_sigma-def_corr-0.5"
"subject439",0,0,"demo_logit","sim-data_n-500_effect-2_sigma-def_corr-0.5"
"subject442",0,0,"demo_logit","sim-data_n-500_effect-2_sigma-def_corr-0.5"
"subject449",0,0,"demo_logit","sim-data_n-500_effect-2_sigma-def_corr-0.5"
"subject458",0,0,"demo_logit","sim-data_n-500_effect-2_sigma-def_corr-0.5"
"subject460",0,0,"demo_logit","sim-data_n-500_effect-2_sigma-def_corr-0.5"
"subject466",0,0,"demo_logit","sim-data_n-500_effect-2_sigma-def_corr-0.5"
"subject477",0,0,"demo_logit","sim-data_n-500_effect-2_sigma-def_corr-0.5"
"subject481",1,1,"demo_logit","sim-data_n-500_effect-2_sigma-def_corr-0.5"
"subject488",0,0,"demo_logit","sim-data_n-500_effect-2_sigma-def_corr-0.5"
"subject490",0,0,"demo_logit","sim-data_n-500_effect-2_sigma-def_corr-0.5"
"subject493",1,1,"demo_logit","sim-data_n-500_effect-2_sigma-def_corr-0.5"
"subject494",1,1,"demo_logit","sim-data_n-500_effect-2_sigma-def_corr-0.5"
"subject495",1,1,"demo_logit","sim-data_n-500_effect-2_sigma-def_corr-0.5"
"subject498",1,1,"demo_logit","sim-data_n-500_effect-2_sigma-def_corr-0.5"
"subject500",1,1,"demo_logit","sim-data_n-500_effect-2_sigma-def_corr-0.5"
"subject2",1,1,"demo_logit","sim-data_n-100_effect-2_sigma-indep_corr-0.5"
"subject12",1,1,"demo_logit","sim-data_n-100_effect-2_sigma-indep_corr-0.5"
"subject14",0,0,"demo_logit","sim-data_n-100_effect-2_sigma-indep_corr-0.5"
"subject16",0,0,"demo_logit","sim-data_n-100_effect-2_sigma-indep_corr-0.5"
"subject21",0,0,"demo_logit","sim-data_n-100_effect-2_sigma-indep_corr-0.5"
"subject25",1,1,"demo_logit","sim-data_n-100_effect-2_sigma-indep_corr-0.5"
"subject27",1,0.993,"demo_logit","sim-data_n-100_effect-2_sigma-indep_corr-0.5"
"subject28",1,0.996,"demo_logit","sim-data_n-100_effect-2_sigma-indep_corr-0.5"
"subject32",0,0,"demo_logit","sim-data_n-100_effect-2_sigma-indep_corr-0.5"
"subject33",0,0,"demo_logit","sim-data_n-100_effect-2_sigma-indep_corr-0.5"
"subject35",0,0,"demo_logit","sim-data_n-100_effect-2_sigma-indep_corr-0.5"
"subject41",1,1,"demo_logit","sim-data_n-100_effect-2_sigma-indep_corr-0.5"
"subject45",0,0.589,"demo_logit","sim-data_n-100_effect-2_sigma-indep_corr-0.5"
"subject47",1,1,"demo_logit","sim-data_n-100_effect-2_sigma-indep_corr-0.5"
"subject50",0,0,"demo_logit","sim-data_n-100_effect-2_sigma-indep_corr-0.5"
"subject51",1,1,"demo_logit","sim-data_n-100_effect-2_sigma-indep_corr-0.5"
"subject52",0,0,"demo_logit","sim-data_n-100_effect-2_sigma-indep_corr-0.5"
"subject55",0,0,"demo_logit","sim-data_n-100_effect-2_sigma-indep_corr-0.5"
"subject57",0,0,"demo_logit","sim-data_n-100_effect-2_sigma-indep_corr-0.5"
"subject62",1,1,"demo_logit","sim-data_n-100_effect-2_sigma-indep_corr-0.5"
"subject63",1,1,"demo_logit","sim-data_n-100_effect-2_sigma-indep_corr-0.5"
"subject74",0,0,"demo_logit","sim-data_n-100_effect-2_sigma-indep_corr-0.5"
"subject78",1,1,"demo_logit","sim-data_n-100_effect-2_sigma-indep_corr-0.5"
"subject79",0,0,"demo_logit","sim-data_n-100_effect-2_sigma-indep_corr-0.5"
"subject81",0,0.019,"demo_logit","sim-data_n-100_effect-2_sigma-indep_corr-0.5"
"subject83",1,1,"demo_logit","sim-data_n-100_effect-2_sigma-indep_corr-0.5"
"subject86",0,0,"demo_logit","sim-data_n-100_effect-2_sigma-indep_corr-0.5"
"subject90",0,0,"demo_logit","sim-data_n-100_effect-2_sigma-indep_corr-0.5"
"subject95",0,0,"demo_logit","sim-data_n-100_effect-2_sigma-indep_corr-0.5"
"subject96",0,0,"demo_logit","sim-data_n-100_effect-2_sigma-indep_corr-0.5"
"subject3",0,0,"demo_logit","sim-data_n-100_effect-2_sigma-indep_corr-1"
"subject4",0,0,"demo_logit","sim-data_n-100_effect-2_sigma-indep_corr-1"
"subject5",1,1,"demo_logit","sim-data_n-100_effect-2_sigma-indep_corr-1"
"subject9",1,0,"demo_logit","sim-data_n-100_effect-2_sigma-indep_corr-1"
"subject16",1,0,"demo_logit","sim-data_n-100_effect-2_sigma-indep_corr-1"
"subject19",0,0,"demo_logit","sim-data_n-100_effect-2_sigma-indep_corr-1"
"subject22",1,1,"demo_logit","sim-data_n-100_effect-2_sigma-indep_corr-1"
"subject23",1,0.871,"demo_logit","sim-data_n-100_effect-2_sigma-indep_corr-1"
"subject26",0,0,"demo_logit","sim-data_n-100_effect-2_sigma-indep_corr-1"
"subject34",1,0,"demo_logit","sim-data_n-100_effect-2_sigma-indep_corr-1"
"subject37",1,0.999,"demo_logit","sim-data_n-100_effect-2_sigma-indep_corr-1"
"subject38",0,0,"demo_logit","sim-data_n-100_effect-2_sigma-indep_corr-1"
"subject41",0,0,"demo_logit","sim-data_n-100_effect-2_sigma-indep_corr-1"
"subject45",0,0,"demo_logit","sim-data_n-100_effect-2_sigma-indep_corr-1"
"subject50",0,0,"demo_logit","sim-data_n-100_effect-2_sigma-indep_corr-1"
"subject53",0,0,"demo_logit","sim-data_n-100_effect-2_sigma-indep_corr-1"
"subject54",1,0,"demo_logit","sim-data_n-100_effect-2_sigma-indep_corr-1"
"subject67",1,1,"demo_logit","sim-data_n-100_effect-2_sigma-indep_corr-1"
"subject68",0,1,"demo_logit","sim-data_n-100_effect-2_sigma-indep_corr-1"
"subject71",1,0,"demo_logit","sim-data_n-100_effect-2_sigma-indep_corr-1"
"subject72",0,1,"demo_logit","sim-data_n-100_effect-2_sigma-indep_corr-1"
"subject74",0,1,"demo_logit","sim-data_n-100_effect-2_sigma-indep_corr-1"
"subject76",1,0,"demo_logit","sim-data_n-100_effect-2_sigma-indep_corr-1"
"subject81",1,1,"demo_logit","sim-data_n-100_effect-2_sigma-indep_corr-1"
"subject85",1,0.003,"demo_logit","sim-data_n-100_effect-2_sigma-indep_corr-1"
"subject89",0,0,"demo_logit","sim-data_n-100_effect-2_sigma-indep_corr-1"
"subject91",1,0,"demo_logit","sim-data_n-100_effect-2_sigma-indep_corr-1"
"subject92",0,0,"demo_logit","sim-data_n-100_effect-2_sigma-indep_corr-1"
"subject99",1,1,"demo_logit","sim-data_n-100_effect-2_sigma-indep_corr-1"
"subject100",1,0,"demo_logit","sim-data_n-100_effect-2_sigma-indep_corr-1"
"subject6",0,0,"demo_logit","sim-data_n-100_effect-2_sigma-indep_corr-0.5"
"subject10",1,1,"demo_logit","sim-data_n-100_effect-2_sigma-indep_corr-0.5"
"subject11",1,1,"demo_logit","sim-data_n-100_effect-2_sigma-indep_corr-0.5"
"subject15",1,1,"demo_logit","sim-data_n-100_effect-2_sigma-indep_corr-0.5"
"subject17",0,0,"demo_logit","sim-data_n-100_effect-2_sigma-indep_corr-0.5"
"subject19",1,1,"demo_logit","sim-data_n-100_effect-2_sigma-indep_corr-0.5"
"subject22",1,1,"demo_logit","sim-data_n-100_effect-2_sigma-indep_corr-0.5"
"subject23",1,1,"demo_logit","sim-data_n-100_effect-2_sigma-indep_corr-0.5"
"subject26",1,1,"demo_logit","sim-data_n-100_effect-2_sigma-indep_corr-0.5"
"subject34",1,1,"demo_logit","sim-data_n-100_effect-2_sigma-indep_corr-0.5"
"subject36",0,0.001,"demo_logit","sim-data_n-100_effect-2_sigma-indep_corr-0.5"
"subject39",0,0,"demo_logit","sim-data_n-100_effect-2_sigma-indep_corr-0.5"
"subject44",1,1,"demo_logit","sim-data_n-100_effect-2_sigma-indep_corr-0.5"
"subject48",1,1,"demo_logit","sim-data_n-100_effect-2_sigma-indep_corr-0.5"
"subject54",0,0,"demo_logit","sim-data_n-100_effect-2_sigma-indep_corr-0.5"
"subject60",1,1,"demo_logit","sim-data_n-100_effect-2_sigma-indep_corr-0.5"
"subject61",0,0,"demo_logit","sim-data_n-100_effect-2_sigma-indep_corr-0.5"
"subject64",1,1,"demo_logit","sim-data_n-100_effect-2_sigma-indep_corr-0.5"
"subject67",1,1,"demo_logit","sim-data_n-100_effect-2_sigma-indep_corr-0.5"
"subject68",0,0,"demo_logit","sim-data_n-100_effect-2_sigma-indep_corr-0.5"
"subject71",0,0,"demo_logit","sim-data_n-100_effect-2_sigma-indep_corr-0.5"
"subject73",1,1,"demo_logit","sim-data_n-100_effect-2_sigma-indep_corr-0.5"
"subject76",1,1,"demo_logit","sim-data_n-100_effect-2_sigma-indep_corr-0.5"
"subject80",0,0,"demo_logit","sim-data_n-100_effect-2_sigma-indep_corr-0.5"
"subject82",1,1,"demo_logit","sim-data_n-100_effect-2_sigma-indep_corr-0.5"
"subject92",0,0,"demo_logit","sim-data_n-100_effect-2_sigma-indep_corr-0.5"
"subject93",1,1,"demo_logit","sim-data_n-100_effect-2_sigma-indep_corr-0.5"
"subject94",1,1,"demo_logit","sim-data_n-100_effect-2_sigma-indep_corr-0.5"
"subject98",0,0,"demo_logit","sim-data_n-100_effect-2_sigma-indep_corr-0.5"
"subject99",0,0,"demo_logit","sim-data_n-100_effect-2_sigma-indep_corr-0.5"
"subject1",1,1,"demo_logit","sim-data_n-50_effect-2_sigma-def_corr-0"
"subject3",0,1,"demo_logit","sim-data_n-50_effect-2_sigma-def_corr-0"
"subject14",1,1,"demo_logit","sim-data_n-50_effect-2_sigma-def_corr-0"
"subject15",1,1,"demo_logit","sim-data_n-50_effect-2_sigma-def_corr-0"
"subject17",0,1,"demo_logit","sim-data_n-50_effect-2_sigma-def_corr-0"
"subject19",0,0.461,"demo_logit","sim-data_n-50_effect-2_sigma-def_corr-0"
"subject20",0,1,"demo_logit","sim-data_n-50_effect-2_sigma-def_corr-0"
"subject29",0,0,"demo_logit","sim-data_n-50_effect-2_sigma-def_corr-0"
"subject30",1,1,"demo_logit","sim-data_n-50_effect-2_sigma-def_corr-0"
"subject35",1,1,"demo_logit","sim-data_n-50_effect-2_sigma-def_corr-0"
"subject37",0,0,"demo_logit","sim-data_n-50_effect-2_sigma-def_corr-0"
"subject39",0,0,"demo_logit","sim-data_n-50_effect-2_sigma-def_corr-0"
"subject42",0,1,"demo_logit","sim-data_n-50_effect-2_sigma-def_corr-0"
"subject46",1,0,"demo_logit","sim-data_n-50_effect-2_sigma-def_corr-0"
"subject48",0,1,"demo_logit","sim-data_n-50_effect-2_sigma-def_corr-0"
"subject4",0,0.924,"demo_logit","sim-data_n-50_effect-2_sigma-indep_corr-0"
"subject5",1,1,"demo_logit","sim-data_n-50_effect-2_sigma-indep_corr-0"
"subject6",0,0,"demo_logit","sim-data_n-50_effect-2_sigma-indep_corr-0"
"subject20",0,1,"demo_logit","sim-data_n-50_effect-2_sigma-indep_corr-0"
"subject23",0,0,"demo_logit","sim-data_n-50_effect-2_sigma-indep_corr-0"
"subject24",1,1,"demo_logit","sim-data_n-50_effect-2_sigma-indep_corr-0"
"subject26",0,0,"demo_logit","sim-data_n-50_effect-2_sigma-indep_corr-0"
"subject31",1,1,"demo_logit","sim-data_n-50_effect-2_sigma-indep_corr-0"
"subject32",0,0,"demo_logit","sim-data_n-50_effect-2_sigma-indep_corr-0"
"subject34",0,0,"demo_logit","sim-data_n-50_effect-2_sigma-indep_corr-0"
"subject36",1,1,"demo_logit","sim-data_n-50_effect-2_sigma-indep_corr-0"
"subject40",1,0.491,"demo_logit","sim-data_n-50_effect-2_sigma-indep_corr-0"
"subject42",0,0,"demo_logit","sim-data_n-50_effect-2_sigma-indep_corr-0"
"subject46",1,1,"demo_logit","sim-data_n-50_effect-2_sigma-indep_corr-0"
"subject49",0,0,"demo_logit","sim-data_n-50_effect-2_sigma-indep_corr-0"
"subject3",0,0,"demo_logit","sim-data_n-500_effect-2_sigma-def_corr-0.5"
"subject11",1,1,"demo_logit","sim-data_n-500_effect-2_sigma-def_corr-0.5"
"subject12",0,0,"demo_logit","sim-data_n-500_effect-2_sigma-def_corr-0.5"
"subject13",0,0,"demo_logit","sim-data_n-500_effect-2_sigma-def_corr-0.5"
"subject16",0,0,"demo_logit","sim-data_n-500_effect-2_sigma-def_corr-0.5"
"subject18",0,0,"demo_logit","sim-data_n-500_effect-2_sigma-def_corr-0.5"
"subject19",0,0,"demo_logit","sim-data_n-500_effect-2_sigma-def_corr-0.5"
"subject20",1,1,"demo_logit","sim-data_n-500_effect-2_sigma-def_corr-0.5"
"subject24",0,0,"demo_logit","sim-data_n-500_effect-2_sigma-def_corr-0.5"
"subject26",1,1,"demo_logit","sim-data_n-500_effect-2_sigma-def_corr-0.5"
"subject42",0,0,"demo_logit","sim-data_n-500_effect-2_sigma-def_corr-0.5"
"subject46",1,1,"demo_logit","sim-data_n-500_effect-2_sigma-def_corr-0.5"
"subject49",1,1,"demo_logit","sim-data_n-500_effect-2_sigma-def_corr-0.5"
"subject55",0,0,"demo_logit","sim-data_n-500_effect-2_sigma-def_corr-0.5"
"subject58",1,1,"demo_logit","sim-data_n-500_effect-2_sigma-def_corr-0.5"
"subject59",1,1,"demo_logit","sim-data_n-500_effect-2_sigma-def_corr-0.5"
"subject61",1,1,"demo_logit","sim-data_n-500_effect-2_sigma-def_corr-0.5"
"subject63",1,1,"demo_logit","sim-data_n-500_effect-2_sigma-def_corr-0.5"
"subject64",1,1,"demo_logit","sim-data_n-500_effect-2_sigma-def_corr-0.5"
"subject65",1,1,"demo_logit","sim-data_n-500_effect-2_sigma-def_corr-0.5"
"subject66",0,0,"demo_logit","sim-data_n-500_effect-2_sigma-def_corr-0.5"
"subject70",0,0,"demo_logit","sim-data_n-500_effect-2_sigma-def_corr-0.5"
"subject71",1,1,"demo_logit","sim-data_n-500_effect-2_sigma-def_corr-0.5"
"subject73",0,0,"demo_logit","sim-data_n-500_effect-2_sigma-def_corr-0.5"
"subject77",1,1,"demo_logit","sim-data_n-500_effect-2_sigma-def_corr-0.5"
"subject86",0,0,"demo_logit","sim-data_n-500_effect-2_sigma-def_corr-0.5"
"subject89",1,1,"demo_logit","sim-data_n-500_effect-2_sigma-def_corr-0.5"
"subject94",0,0,"demo_logit","sim-data_n-500_effect-2_sigma-def_corr-0.5"
"subject95",0,0,"demo_logit","sim-data_n-500_effect-2_sigma-def_corr-0.5"
"subject99",0,0,"demo_logit","sim-data_n-500_effect-2_sigma-def_corr-0.5"
"subject104",1,1,"demo_logit","sim-data_n-500_effect-2_sigma-def_corr-0.5"
"subject107",1,1,"demo_logit","sim-data_n-500_effect-2_sigma-def_corr-0.5"
"subject108",0,0,"demo_logit","sim-data_n-500_effect-2_sigma-def_corr-0.5"
"subject112",0,0,"demo_logit","sim-data_n-500_effect-2_sigma-def_corr-0.5"
"subject116",0,0,"demo_logit","sim-data_n-500_effect-2_sigma-def_corr-0.5"
"subject123",0,0,"demo_logit","sim-data_n-500_effect-2_sigma-def_corr-0.5"
"subject130",1,1,"demo_logit","sim-data_n-500_effect-2_sigma-def_corr-0.5"
"subject135",1,1,"demo_logit","sim-data_n-500_effect-2_sigma-def_corr-0.5"
"subject138",0,0,"demo_logit","sim-data_n-500_effect-2_sigma-def_corr-0.5"
"subject139",1,1,"demo_logit","sim-data_n-500_effect-2_sigma-def_corr-0.5"
"subject144",1,1,"demo_logit","sim-data_n-500_effect-2_sigma-def_corr-0.5"
"subject154",1,1,"demo_logit","sim-data_n-500_effect-2_sigma-def_corr-0.5"
"subject155",1,1,"demo_logit","sim-data_n-500_effect-2_sigma-def_corr-0.5"
"subject156",0,0,"demo_logit","sim-data_n-500_effect-2_sigma-def_corr-0.5"
"subject161",0,0,"demo_logit","sim-data_n-500_effect-2_sigma-def_corr-0.5"
"subject168",0,0,"demo_logit","sim-data_n-500_effect-2_sigma-def_corr-0.5"
"subject171",1,1,"demo_logit","sim-data_n-500_effect-2_sigma-def_corr-0.5"
"subject176",0,0,"demo_logit","sim-data_n-500_effect-2_sigma-def_corr-0.5"
"subject180",0,0,"demo_logit","sim-data_n-500_effect-2_sigma-def_corr-0.5"
"subject182",1,1,"demo_logit","sim-data_n-500_effect-2_sigma-def_corr-0.5"
"subject183",1,1,"demo_logit","sim-data_n-500_effect-2_sigma-def_corr-0.5"
"subject186",0,0,"demo_logit","sim-data_n-500_effect-2_sigma-def_corr-0.5"
"subject190",0,0,"demo_logit","sim-data_n-500_effect-2_sigma-def_corr-0.5"
"subject191",0,0,"demo_logit","sim-data_n-500_effect-2_sigma-def_corr-0.5"
"subject197",1,1,"demo_logit","sim-data_n-500_effect-2_sigma-def_corr-0.5"
"subject198",0,0,"demo_logit","sim-data_n-500_effect-2_sigma-def_corr-0.5"
"subject200",0,0,"demo_logit","sim-data_n-500_effect-2_sigma-def_corr-0.5"
"subject201",0,0,"demo_logit","sim-data_n-500_effect-2_sigma-def_corr-0.5"
"subject206",0,0,"demo_logit","sim-data_n-500_effect-2_sigma-def_corr-0.5"
"subject207",0,0,"demo_logit","sim-data_n-500_effect-2_sigma-def_corr-0.5"
"subject208",0,0,"demo_logit","sim-data_n-500_effect-2_sigma-def_corr-0.5"
"subject211",0,0,"demo_logit","sim-data_n-500_effect-2_sigma-def_corr-0.5"
"subject212",0,0,"demo_logit","sim-data_n-500_effect-2_sigma-def_corr-0.5"
"subject216",1,1,"demo_logit","sim-data_n-500_effect-2_sigma-def_corr-0.5"
"subject217",1,1,"demo_logit","sim-data_n-500_effect-2_sigma-def_corr-0.5"
"subject227",0,0,"demo_logit","sim-data_n-500_effect-2_sigma-def_corr-0.5"
"subject228",0,0,"demo_logit","sim-data_n-500_effect-2_sigma-def_corr-0.5"
"subject230",1,1,"demo_logit","sim-data_n-500_effect-2_sigma-def_corr-0.5"
"subject235",1,1,"demo_logit","sim-data_n-500_effect-2_sigma-def_corr-0.5"
"subject239",1,1,"demo_logit","sim-data_n-500_effect-2_sigma-def_corr-0.5"
"subject241",1,1,"demo_logit","sim-data_n-500_effect-2_sigma-def_corr-0.5"
"subject244",1,1,"demo_logit","sim-data_n-500_effect-2_sigma-def_corr-0.5"
"subject248",0,0,"demo_logit","sim-data_n-500_effect-2_sigma-def_corr-0.5"
"subject249",1,1,"demo_logit","sim-data_n-500_effect-2_sigma-def_corr-0.5"
"subject250",0,0,"demo_logit","sim-data_n-500_effect-2_sigma-def_corr-0.5"
"subject252",0,0,"demo_logit","sim-data_n-500_effect-2_sigma-def_corr-0.5"
"subject253",0,0,"demo_logit","sim-data_n-500_effect-2_sigma-def_corr-0.5"
"subject257",1,1,"demo_logit","sim-data_n-500_effect-2_sigma-def_corr-0.5"
"subject259",0,0,"demo_logit","sim-data_n-500_effect-2_sigma-def_corr-0.5"
"subject261",0,0,"demo_logit","sim-data_n-500_effect-2_sigma-def_corr-0.5"
"subject262",0,0,"demo_logit","sim-data_n-500_effect-2_sigma-def_corr-0.5"
"subject265",0,0,"demo_logit","sim-data_n-500_effect-2_sigma-def_corr-0.5"
"subject274",0,0,"demo_logit","sim-data_n-500_effect-2_sigma-def_corr-0.5"
"subject278",1,1,"demo_logit","sim-data_n-500_effect-2_sigma-def_corr-0.5"
"subject283",0,0,"demo_logit","sim-data_n-500_effect-2_sigma-def_corr-0.5"
"subject285",0,0,"demo_logit","sim-data_n-500_effect-2_sigma-def_corr-0.5"
"subject296",0,0,"demo_logit","sim-data_n-500_effect-2_sigma-def_corr-0.5"
"subject297",1,1,"demo_logit","sim-data_n-500_effect-2_sigma-def_corr-0.5"
"subject300",0,0,"demo_logit","sim-data_n-500_effect-2_sigma-def_corr-0.5"
"subject303",0,0,"demo_logit","sim-data_n-500_effect-2_sigma-def_corr-0.5"
"subject311",0,0,"demo_logit","sim-data_n-500_effect-2_sigma-def_corr-0.5"
"subject312",1,1,"demo_logit","sim-data_n-500_effect-2_sigma-def_corr-0.5"
"subject321",1,1,"demo_logit","sim-data_n-500_effect-2_sigma-def_corr-0.5"
"subject322",0,0,"demo_logit","sim-data_n-500_effect-2_sigma-def_corr-0.5"
"subject326",1,1,"demo_logit","sim-data_n-500_effect-2_sigma-def_corr-0.5"
"subject330",1,1,"demo_logit","sim-data_n-500_effect-2_sigma-def_corr-0.5"
"subject339",0,0,"demo_logit","sim-data_n-500_effect-2_sigma-def_corr-0.5"
"subject341",1,1,"demo_logit","sim-data_n-500_effect-2_sigma-def_corr-0.5"
"subject343",1,1,"demo_logit","sim-data_n-500_effect-2_sigma-def_corr-0.5"
"subject346",0,0,"demo_logit","sim-data_n-500_effect-2_sigma-def_corr-0.5"
"subject348",0,0,"demo_logit","sim-data_n-500_effect-2_sigma-def_corr-0.5"
"subject349",0,0,"demo_logit","sim-data_n-500_effect-2_sigma-def_corr-0.5"
"subject354",0,0,"demo_logit","sim-data_n-500_effect-2_sigma-def_corr-0.5"
"subject355",1,1,"demo_logit","sim-data_n-500_effect-2_sigma-def_corr-0.5"
"subject356",1,1,"demo_logit","sim-data_n-500_effect-2_sigma-def_corr-0.5"
"subject357",1,1,"demo_logit","sim-data_n-500_effect-2_sigma-def_corr-0.5"
"subject358",0,0,"demo_logit","sim-data_n-500_effect-2_sigma-def_corr-0.5"
"subject361",1,1,"demo_logit","sim-data_n-500_effect-2_sigma-def_corr-0.5"
"subject368",0,0,"demo_logit","sim-data_n-500_effect-2_sigma-def_corr-0.5"
"subject369",1,1,"demo_logit","sim-data_n-500_effect-2_sigma-def_corr-0.5"
"subject371",0,0,"demo_logit","sim-data_n-500_effect-2_sigma-def_corr-0.5"
"subject378",1,1,"demo_logit","sim-data_n-500_effect-2_sigma-def_corr-0.5"
"subject381",0,0,"demo_logit","sim-data_n-500_effect-2_sigma-def_corr-0.5"
"subject382",0,0,"demo_logit","sim-data_n-500_effect-2_sigma-def_corr-0.5"
"subject383",0,0,"demo_logit","sim-data_n-500_effect-2_sigma-def_corr-0.5"
"subject388",0,0,"demo_logit","sim-data_n-500_effect-2_sigma-def_corr-0.5"
"subject394",1,1,"demo_logit","sim-data_n-500_effect-2_sigma-def_corr-0.5"
"subject398",1,1,"demo_logit","sim-data_n-500_effect-2_sigma-def_corr-0.5"
"subject402",0,0,"demo_logit","sim-data_n-500_effect-2_sigma-def_corr-0.5"
"subject407",0,0,"demo_logit","sim-data_n-500_effect-2_sigma-def_corr-0.5"
"subject409",0,0,"demo_logit","sim-data_n-500_effect-2_sigma-def_corr-0.5"
"subject414",0,0,"demo_logit","sim-data_n-500_effect-2_sigma-def_corr-0.5"
"subject416",0,0,"demo_logit","sim-data_n-500_effect-2_sigma-def_corr-0.5"
"subject425",0,0,"demo_logit","sim-data_n-500_effect-2_sigma-def_corr-0.5"
"subject427",0,0,"demo_logit","sim-data_n-500_effect-2_sigma-def_corr-0.5"
"subject435",0,0,"demo_logit","sim-data_n-500_effect-2_sigma-def_corr-0.5"
"subject441",1,1,"demo_logit","sim-data_n-500_effect-2_sigma-def_corr-0.5"
"subject443",1,1,"demo_logit","sim-data_n-500_effect-2_sigma-def_corr-0.5"
"subject446",1,1,"demo_logit","sim-data_n-500_effect-2_sigma-def_corr-0.5"
"subject448",1,1,"demo_logit","sim-data_n-500_effect-2_sigma-def_corr-0.5"
"subject451",0,0,"demo_logit","sim-data_n-500_effect-2_sigma-def_corr-0.5"
"subject452",1,1,"demo_logit","sim-data_n-500_effect-2_sigma-def_corr-0.5"
"subject454",1,1,"demo_logit","sim-data_n-500_effect-2_sigma-def_corr-0.5"
"subject455",0,0,"demo_logit","sim-data_n-500_effect-2_sigma-def_corr-0.5"
"subject459",1,1,"demo_logit","sim-data_n-500_effect-2_sigma-def_corr-0.5"
"subject463",1,1,"demo_logit","sim-data_n-500_effect-2_sigma-def_corr-0.5"
"subject465",1,1,"demo_logit","sim-data_n-500_effect-2_sigma-def_corr-0.5"
"subject470",0,0,"demo_logit","sim-data_n-500_effect-2_sigma-def_corr-0.5"
"subject472",0,0,"demo_logit","sim-data_n-500_effect-2_sigma-def_corr-0.5"
"subject473",0,0,"demo_logit","sim-data_n-500_effect-2_sigma-def_corr-0.5"
"subject474",1,1,"demo_logit","sim-data_n-500_effect-2_sigma-def_corr-0.5"
"subject478",1,1,"demo_logit","sim-data_n-500_effect-2_sigma-def_corr-0.5"
"subject480",1,1,"demo_logit","sim-data_n-500_effect-2_sigma-def_corr-0.5"
"subject482",0,0,"demo_logit","sim-data_n-500_effect-2_sigma-def_corr-0.5"
"subject484",1,1,"demo_logit","sim-data_n-500_effect-2_sigma-def_corr-0.5"
"subject489",0,0,"demo_logit","sim-data_n-500_effect-2_sigma-def_corr-0.5"
"subject492",0,0,"demo_logit","sim-data_n-500_effect-2_sigma-def_corr-0.5"
"subject496",1,1,"demo_logit","sim-data_n-500_effect-2_sigma-def_corr-0.5"
"subject497",1,1,"demo_logit","sim-data_n-500_effect-2_sigma-def_corr-0.5"
"subject499",1,1,"demo_logit","sim-data_n-500_effect-2_sigma-def_corr-0.5"
"TCGA.4Z.AA7M",1,1,"demo_logit","tcga-blca"
"TCGA.4Z.AA7Q",1,1,"demo_logit","tcga-blca"
"TCGA.4Z.AA89",1,0,"demo_logit","tcga-blca"
"TCGA.BT.A20W",0,0,"demo_logit","tcga-blca"
"TCGA.BT.A3PJ",1,1,"demo_logit","tcga-blca"
"TCGA.BT.A3PK",0,1,"demo_logit","tcga-blca"
"TCGA.CU.A3KJ",1,1,"demo_logit","tcga-blca"
"TCGA.CU.A72E",1,1,"demo_logit","tcga-blca"
"TCGA.DK.A1AA",1,0,"demo_logit","tcga-blca"
"TCGA.DK.A1AC",1,1,"demo_logit","tcga-blca"
"TCGA.DK.A2HX",1,1,"demo_logit","tcga-blca"
"TCGA.DK.A3IQ",1,1,"demo_logit","tcga-blca"
"TCGA.DK.A3IU",0,0,"demo_logit","tcga-blca"
"TCGA.DK.A3X1",1,1,"demo_logit","tcga-blca"
"TCGA.DK.A3X2",1,1,"demo_logit","tcga-blca"
"TCGA.DK.A6B1",0,1,"demo_logit","tcga-blca"
"TCGA.DK.A6B2",1,1,"demo_logit","tcga-blca"
"TCGA.DK.A6B5",1,1,"demo_logit","tcga-blca"
"TCGA.DK.A6B6",0,0,"demo_logit","tcga-blca"
"TCGA.DK.AA6M",0,1,"demo_logit","tcga-blca"
"TCGA.DK.AA6S",1,1,"demo_logit","tcga-blca"
"TCGA.E7.A7DU",1,0,"demo_logit","tcga-blca"
"TCGA.E7.A7DV",1,1,"demo_logit","tcga-blca"
"TCGA.FD.A3B6",0,1,"demo_logit","tcga-blca"
"TCGA.FD.A3B7",1,1,"demo_logit","tcga-blca"
"TCGA.FD.A3SJ",1,1,"demo_logit","tcga-blca"
"TCGA.FD.A3SM",1,1,"demo_logit","tcga-blca"
"TCGA.FD.A3SQ",1,1,"demo_logit","tcga-blca"
"TCGA.FD.A3SR",1,1,"demo_logit","tcga-blca"
"TCGA.FD.A43Y",1,1,"demo_logit","tcga-blca"
"TCGA.FD.A5BT",1,1,"demo_logit","tcga-blca"
"TCGA.FD.A5BX",1,1,"demo_logit","tcga-blca"
"TCGA.FD.A5C1",1,1,"demo_logit","tcga-blca"
"TCGA.FD.A6TA",1,1,"demo_logit","tcga-blca"
"TCGA.FD.A6TD",1,1,"demo_logit","tcga-blca"
"TCGA.FD.A6TG",1,1,"demo_logit","tcga-blca"
"TCGA.FD.A6TI",1,1,"demo_logit","tcga-blca"
"TCGA.FJ.A3ZF",1,0,"demo_logit","tcga-blca"
"TCGA.FT.A61P",1,1,"demo_logit","tcga-blca"
"TCGA.GC.A3YS",1,1,"demo_logit","tcga-blca"
"TCGA.GU.AATP",1,0,"demo_logit","tcga-blca"
"TCGA.GV.A6ZA",0,1,"demo_logit","tcga-blca"
"TCGA.HQ.A5ND",1,1,"demo_logit","tcga-blca"
"TCGA.K4.A3WS",1,1,"demo_logit","tcga-blca"
"TCGA.KQ.A41N",1,1,"demo_logit","tcga-blca"
"TCGA.KQ.A41Q",1,1,"demo_logit","tcga-blca"
"TCGA.UY.A78N",1,0,"demo_logit","tcga-blca"
"TCGA.XF.A8HD",1,0,"demo_logit","tcga-blca"
"TCGA.XF.A8HE",1,1,"demo_logit","tcga-blca"
"TCGA.XF.A8HG",1,0,"demo_logit","tcga-blca"
"TCGA.XF.A9SP",1,1,"demo_logit","tcga-blca"
"TCGA.XF.A9T0",1,0,"demo_logit","tcga-blca"
"TCGA.XF.A9T3",1,1,"demo_logit","tcga-blca"
"TCGA.XF.AAMH",1,0,"demo_logit","tcga-blca"
"TCGA.XF.AAMJ",1,1,"demo_logit","tcga-blca"
"TCGA.XF.AAMZ",1,0,"demo_logit","tcga-blca"
"TCGA.XF.AAN2",0,0,"demo_logit","tcga-blca"
"TCGA.XF.AAN7",1,1,"demo_logit","tcga-blca"
"TCGA.YF.AA3M",0,1,"demo_logit","tcga-blca"
"TCGA.ZF.A9R2",0,0,"demo_logit","tcga-blca"
"TCGA.ZF.AA53",0,0,"demo_logit","tcga-blca"
"TCGA.2F.A9KO",1,1,"demo_logit","tcga-blca"
"TCGA.2F.A9KR",1,1,"demo_logit","tcga-blca"
"TCGA.4Z.AA7O",0,0,"demo_logit","tcga-blca"
"TCGA.4Z.AA7S",1,0,"demo_logit","tcga-blca"
"TCGA.4Z.AA7Y",0,1,"demo_logit","tcga-blca"
"TCGA.5N.A9KI",1,1,"demo_logit","tcga-blca"
"TCGA.BL.A0C8",0,1,"demo_logit","tcga-blca"
"TCGA.BL.A13I",1,1,"demo_logit","tcga-blca"
"TCGA.BL.A13J",1,1,"demo_logit","tcga-blca"
"TCGA.BT.A0S7",1,1,"demo_logit","tcga-blca"
"TCGA.BT.A20J",0,0,"demo_logit","tcga-blca"
"TCGA.BT.A20O",1,1,"demo_logit","tcga-blca"
"TCGA.BT.A20P",1,0,"demo_logit","tcga-blca"
"TCGA.BT.A20Q",1,1,"demo_logit","tcga-blca"
"TCGA.BT.A20R",1,0,"demo_logit","tcga-blca"
"TCGA.BT.A20U",1,1,"demo_logit","tcga-blca"
"TCGA.BT.A20V",1,0.003,"demo_logit","tcga-blca"
"TCGA.BT.A42E",1,1,"demo_logit","tcga-blca"
"TCGA.C4.A0F6",1,0,"demo_logit","tcga-blca"
"TCGA.CF.A1HS",1,0,"demo_logit","tcga-blca"
"TCGA.CF.A3MG",0,0,"demo_logit","tcga-blca"
"TCGA.CF.A3MH",0,0,"demo_logit","tcga-blca"
"TCGA.CF.A3MI",0,1,"demo_logit","tcga-blca"
"TCGA.CF.A47T",0,1,"demo_logit","tcga-blca"
"TCGA.CF.A47V",0,0,"demo_logit","tcga-blca"
"TCGA.CF.A47Y",0,0,"demo_logit","tcga-blca"
"TCGA.CF.A5U8",0,0,"demo_logit","tcga-blca"
"TCGA.CF.A5UA",0,0,"demo_logit","tcga-blca"
"TCGA.CF.A8HY",0,1,"demo_logit","tcga-blca"
"TCGA.CF.A9FF",0,0,"demo_logit","tcga-blca"
"TCGA.CF.A9FM",0,0,"demo_logit","tcga-blca"
"TCGA.CU.A3QU",1,0,"demo_logit","tcga-blca"
"TCGA.CU.A3YL",1,1,"demo_logit","tcga-blca"
"TCGA.CU.A5W6",1,1,"demo_logit","tcga-blca"
"TCGA.DK.A1A3",1,1,"demo_logit","tcga-blca"
"TCGA.DK.A1A6",1,1,"demo_logit","tcga-blca"
"TCGA.DK.A1AD",1,1,"demo_logit","tcga-blca"
"TCGA.DK.A1AE",1,0,"demo_logit","tcga-blca"
"TCGA.DK.A1AG",1,1,"demo_logit","tcga-blca"
"TCGA.DK.A2I2",1,0,"demo_logit","tcga-blca"
"TCGA.DK.A2I4",1,0,"demo_logit","tcga-blca"
"TCGA.DK.A3WW",1,0.991,"demo_logit","tcga-blca"
"TCGA.DK.A3WY",1,0,"demo_logit","tcga-blca"
"TCGA.E7.A3X6",0,1,"demo_logit","tcga-blca"
"TCGA.E7.A3Y1",0,0,"demo_logit","tcga-blca"
"TCGA.E7.A519",0,0,"demo_logit","tcga-blca"
"TCGA.E7.A5KE",0,0,"demo_logit","tcga-blca"
"TCGA.E7.A5KF",0,0,"demo_logit","tcga-blca"
"TCGA.E7.A677",0,1,"demo_logit","tcga-blca"
"TCGA.E7.A8O7",0,0,"demo_logit","tcga-blca"
"TCGA.E7.A8O8",0,1,"demo_logit","tcga-blca"
"TCGA.FD.A3B3",1,1,"demo_logit","tcga-blca"
"TCGA.FD.A3B4",1,1,"demo_logit","tcga-blca"
"TCGA.FD.A3N5",0,0,"demo_logit","tcga-blca"
"TCGA.FD.A3N6",0,1,"demo_logit","tcga-blca"
"TCGA.FD.A3SP",1,1,"demo_logit","tcga-blca"
"TCGA.FD.A43N",1,1,"demo_logit","tcga-blca"
"TCGA.FD.A43U",1,1,"demo_logit","tcga-blca"
"TCGA.FD.A5BV",1,1,"demo_logit","tcga-blca"
"TCGA.FD.A5BZ",1,1,"demo_logit","tcga-blca"
"TCGA.FD.A62O",1,1,"demo_logit","tcga-blca"
"TCGA.FD.A6TK",1,1,"demo_logit","tcga-blca"
"TCGA.FJ.A3ZE",1,0,"demo_logit","tcga-blca"
"TCGA.G2.A2EF",0,1,"demo_logit","tcga-blca"
"TCGA.G2.A2EK",0,1,"demo_logit","tcga-blca"
"TCGA.G2.A2EL",0,0,"demo_logit","tcga-blca"
"TCGA.G2.A3IB",0,1,"demo_logit","tcga-blca"
"TCGA.G2.A3IE",0,0,"demo_logit","tcga-blca"
"TCGA.G2.AA3B",0,1,"demo_logit","tcga-blca"
"TCGA.GC.A3I6",1,1,"demo_logit","tcga-blca"
"TCGA.GD.A2C5",1,0,"demo_logit","tcga-blca"
"TCGA.GD.A3OQ",1,1,"demo_logit","tcga-blca"
"TCGA.GD.A3OS",0,0,"demo_logit","tcga-blca"
"TCGA.GD.A6C6",1,0,"demo_logit","tcga-blca"
"TCGA.GU.A764",0,1,"demo_logit","tcga-blca"
"TCGA.GU.A766",0,0,"demo_logit","tcga-blca"
"TCGA.GV.A3QI",1,0,"demo_logit","tcga-blca"
"TCGA.H4.A2HO",1,1,"demo_logit","tcga-blca"
"TCGA.K4.A3WV",0,0,"demo_logit","tcga-blca"
"TCGA.K4.A6FZ",1,1,"demo_logit","tcga-blca"
"TCGA.K4.A6MB",1,1,"demo_logit","tcga-blca"
"TCGA.K4.AAQO",1,1,"demo_logit","tcga-blca"
"TCGA.KQ.A41S",1,1,"demo_logit","tcga-blca"
"TCGA.LC.A66R",1,1,"demo_logit","tcga-blca"
"TCGA.LT.A8JT",0,1,"demo_logit","tcga-blca"
"TCGA.UY.A78L",1,0.03,"demo_logit","tcga-blca"
"TCGA.UY.A78M",1,1,"demo_logit","tcga-blca"
"TCGA.UY.A78O",0,1,"demo_logit","tcga-blca"
"TCGA.UY.A9PD",1,1,"demo_logit","tcga-blca"
"TCGA.XF.A8HC",1,0,"demo_logit","tcga-blca"
"TCGA.XF.A8HI",1,0,"demo_logit","tcga-blca"
"TCGA.XF.A9SH",0,0,"demo_logit","tcga-blca"
"TCGA.XF.A9SI",0,1,"demo_logit","tcga-blca"
"TCGA.XF.A9SL",1,1,"demo_logit","tcga-blca"
"TCGA.XF.A9SZ",1,1,"demo_logit","tcga-blca"
"TCGA.XF.AAME",0,1,"demo_logit","tcga-blca"
"TCGA.XF.AAMG",1,0,"demo_logit","tcga-blca"
"TCGA.XF.AAMT",1,1,"demo_logit","tcga-blca"
"TCGA.YC.A89H",0,1,"demo_logit","tcga-blca"
"TCGA.YC.A9TC",1,0,"demo_logit","tcga-blca"
"TCGA.ZF.A9R1",1,1,"demo_logit","tcga-blca"
"TCGA.ZF.A9RD",1,1,"demo_logit","tcga-blca"
"TCGA.ZF.AA4V",1,1,"demo_logit","tcga-blca"
"TCGA.ZF.AA4W",1,0,"demo_logit","tcga-blca"
"TCGA.ZF.AA52",1,1,"demo_logit","tcga-blca"
"TCGA.ZF.AA54",1,1,"demo_logit","tcga-blca"
"TCGA.GU.AATO",1,1,"demo_logit","tcga-blca"
"TCGA.2F.A9KT",0,0.915,"demo_logit","tcga-blca"
"TCGA.4Z.AA84",1,1,"demo_logit","tcga-blca"
"TCGA.BT.A20N",1,1,"demo_logit","tcga-blca"
"TCGA.BT.A20T",1,0.001,"demo_logit","tcga-blca"
"TCGA.BT.A2LD",1,0,"demo_logit","tcga-blca"
"TCGA.BT.A42C",0,0,"demo_logit","tcga-blca"
"TCGA.C4.A0EZ",1,0.673,"demo_logit","tcga-blca"
"TCGA.C4.A0F7",1,1,"demo_logit","tcga-blca"
"TCGA.CF.A9FL",1,1,"demo_logit","tcga-blca"
"TCGA.CU.A0YN",1,0,"demo_logit","tcga-blca"
"TCGA.DK.A1A5",0,1,"demo_logit","tcga-blca"
"TCGA.DK.A1AB",1,1,"demo_logit","tcga-blca"
"TCGA.DK.A3IN",1,1,"demo_logit","tcga-blca"
"TCGA.DK.A3IT",1,1,"demo_logit","tcga-blca"
"TCGA.DK.A3IV",0,0,"demo_logit","tcga-blca"
"TCGA.DK.A6AW",0,1,"demo_logit","tcga-blca"
"TCGA.DK.A6B0",0,1,"demo_logit","tcga-blca"
"TCGA.DK.AA6L",1,0.002,"demo_logit","tcga-blca"
"TCGA.DK.AA6R",1,1,"demo_logit","tcga-blca"
"TCGA.DK.AA74",1,1,"demo_logit","tcga-blca"
"TCGA.DK.AA75",1,1,"demo_logit","tcga-blca"
"TCGA.DK.AA77",0,1,"demo_logit","tcga-blca"
"TCGA.E7.A541",0,0,"demo_logit","tcga-blca"
"TCGA.FD.A3NA",0,0,"demo_logit","tcga-blca"
"TCGA.FD.A3SL",1,1,"demo_logit","tcga-blca"
"TCGA.FD.A3SN",1,1,"demo_logit","tcga-blca"
"TCGA.FD.A3SS",1,0,"demo_logit","tcga-blca"
"TCGA.FD.A43X",0,0,"demo_logit","tcga-blca"
"TCGA.FD.A5BR",0,0,"demo_logit","tcga-blca"
"TCGA.FD.A5BS",1,1,"demo_logit","tcga-blca"
"TCGA.FD.A5C0",1,0.962,"demo_logit","tcga-blca"
"TCGA.FD.A6TB",1,0,"demo_logit","tcga-blca"
"TCGA.FD.A6TE",1,1,"demo_logit","tcga-blca"
"TCGA.FD.A6TH",1,0,"demo_logit","tcga-blca"
"TCGA.FJ.A3Z7",1,1,"demo_logit","tcga-blca"
"TCGA.G2.A2ES",0,1,"demo_logit","tcga-blca"
"TCGA.G2.A3VY",0,0,"demo_logit","tcga-blca"
"TCGA.GC.A3BM",0,1,"demo_logit","tcga-blca"
"TCGA.GC.A3WC",1,1,"demo_logit","tcga-blca"
"TCGA.GU.A763",1,1,"demo_logit","tcga-blca"
"TCGA.GV.A3JZ",1,1,"demo_logit","tcga-blca"
"TCGA.GV.A3QF",1,0,"demo_logit","tcga-blca"
"TCGA.GV.A3QG",1,0.627,"demo_logit","tcga-blca"
"TCGA.GV.A3QK",1,0,"demo_logit","tcga-blca"
"TCGA.GV.A40E",0,0.001,"demo_logit","tcga-blca"
"TCGA.GV.A40G",0,1,"demo_logit","tcga-blca"
"TCGA.K4.A3WU",1,1,"demo_logit","tcga-blca"
"TCGA.K4.A4AB",1,1,"demo_logit","tcga-blca"
"TCGA.K4.A4AC",0,1,"demo_logit","tcga-blca"
"TCGA.K4.A54R",0,0,"demo_logit","tcga-blca"
"TCGA.KQ.A41O",1,1,"demo_logit","tcga-blca"
"TCGA.KQ.A41P",1,0.691,"demo_logit","tcga-blca"
"TCGA.R3.A69X",1,0.963,"demo_logit","tcga-blca"
"TCGA.S5.A6DX",1,1,"demo_logit","tcga-blca"
"TCGA.XF.A8HF",1,1,"demo_logit","tcga-blca"
"TCGA.XF.A9SJ",1,1,"demo_logit","tcga-blca"
"TCGA.XF.A9SK",1,1,"demo_logit","tcga-blca"
"TCGA.XF.A9SM",1,1,"demo_logit","tcga-blca"
"TCGA.XF.A9SV",1,1,"demo_logit","tcga-blca"
"TCGA.XF.A9SW",1,1,"demo_logit","tcga-blca"
"TCGA.XF.A9SY",1,1,"demo_logit","tcga-blca"
"TCGA.XF.A9T2",1,1,"demo_logit","tcga-blca"
"TCGA.XF.A9T5",1,1,"demo_logit","tcga-blca"
"TCGA.XF.A9T6",1,1,"demo_logit","tcga-blca"
"TCGA.XF.A9T8",1,0,"demo_logit","tcga-blca"
"TCGA.XF.AAML",0,1,"demo_logit","tcga-blca"
"TCGA.XF.AAMQ",0,1,"demo_logit","tcga-blca"
"TCGA.XF.AAMY",1,1,"demo_logit","tcga-blca"
"TCGA.XF.AAN3",1,1,"demo_logit","tcga-blca"
"TCGA.XF.AAN8",1,0,"demo_logit","tcga-blca"
"TCGA.YC.A8S6",0,0,"demo_logit","tcga-blca"
"TCGA.ZF.AA4T",1,0.967,"demo_logit","tcga-blca"
"TCGA.ZF.AA5P",1,0,"demo_logit","tcga-blca"
"TCGA.2F.A9KQ",1,0,"demo_logit","tcga-blca"
"TCGA.4Z.AA7R",1,0,"demo_logit","tcga-blca"
"TCGA.4Z.AA7W",0,0.131,"demo_logit","tcga-blca"
"TCGA.4Z.AA80",0,0,"demo_logit","tcga-blca"
"TCGA.4Z.AA81",0,1,"demo_logit","tcga-blca"
"TCGA.4Z.AA82",1,1,"demo_logit","tcga-blca"
"TCGA.4Z.AA83",0,0,"demo_logit","tcga-blca"
"TCGA.4Z.AA86",1,1,"demo_logit","tcga-blca"
"TCGA.4Z.AA87",1,1,"demo_logit","tcga-blca"
"TCGA.BL.A3JM",1,1,"demo_logit","tcga-blca"
"TCGA.BT.A0YX",1,0,"demo_logit","tcga-blca"
"TCGA.BT.A20X",1,1,"demo_logit","tcga-blca"
"TCGA.BT.A2LA",1,0,"demo_logit","tcga-blca"
"TCGA.BT.A2LB",1,1,"demo_logit","tcga-blca"
"TCGA.BT.A3PH",1,1,"demo_logit","tcga-blca"
"TCGA.C4.A0F0",0,1,"demo_logit","tcga-blca"
"TCGA.C4.A0F1",1,1,"demo_logit","tcga-blca"
"TCGA.CF.A1HR",1,0,"demo_logit","tcga-blca"
"TCGA.CF.A27C",1,1,"demo_logit","tcga-blca"
"TCGA.CF.A3MF",1,0,"demo_logit","tcga-blca"
"TCGA.CF.A47S",0,0,"demo_logit","tcga-blca"
"TCGA.CF.A47W",0,1,"demo_logit","tcga-blca"
"TCGA.CF.A8HX",0,0,"demo_logit","tcga-blca"
"TCGA.CF.A9FH",0,1,"demo_logit","tcga-blca"
"TCGA.DK.A1AF",1,0,"demo_logit","tcga-blca"
"TCGA.DK.A2I1",0,1,"demo_logit","tcga-blca"
"TCGA.DK.A3IK",1,0,"demo_logit","tcga-blca"
"TCGA.DK.A3IL",1,1,"demo_logit","tcga-blca"
"TCGA.DK.A3IM",1,1,"demo_logit","tcga-blca"
"TCGA.DK.A3WX",1,0,"demo_logit","tcga-blca"
"TCGA.DK.AA6P",0,0,"demo_logit","tcga-blca"
"TCGA.DK.AA6Q",1,1,"demo_logit","tcga-blca"
"TCGA.DK.AA76",0,0,"demo_logit","tcga-blca"
"TCGA.E5.A2PC",1,1,"demo_logit","tcga-blca"
"TCGA.E5.A4U1",0,0,"demo_logit","tcga-blca"
"TCGA.E7.A4XJ",0,1,"demo_logit","tcga-blca"
"TCGA.E7.A678",1,1,"demo_logit","tcga-blca"
"TCGA.E7.A6MD",1,0,"demo_logit","tcga-blca"
"TCGA.E7.A6ME",0,1,"demo_logit","tcga-blca"
"TCGA.E7.A6MF",0,1,"demo_logit","tcga-blca"
"TCGA.E7.A7PW",1,0,"demo_logit","tcga-blca"
"TCGA.E7.A7XN",1,1,"demo_logit","tcga-blca"
"TCGA.E7.A85H",1,1,"demo_logit","tcga-blca"
"TCGA.E7.A97P",0,0,"demo_logit","tcga-blca"
"TCGA.FD.A3B5",1,0,"demo_logit","tcga-blca"
"TCGA.FD.A3B8",0,0,"demo_logit","tcga-blca"
"TCGA.FD.A3SO",1,1,"demo_logit","tcga-blca"
"TCGA.FD.A43S",1,0,"demo_logit","tcga-blca"
"TCGA.FD.A62N",1,0,"demo_logit","tcga-blca"
"TCGA.FD.A62S",1,1,"demo_logit","tcga-blca"
"TCGA.FD.A6TF",1,1,"demo_logit","tcga-blca"
"TCGA.G2.A2EC",0,1,"demo_logit","tcga-blca"
"TCGA.G2.A2EJ",0,0.571,"demo_logit","tcga-blca"
"TCGA.G2.A2EO",1,1,"demo_logit","tcga-blca"
"TCGA.GD.A3OP",1,1,"demo_logit","tcga-blca"
"TCGA.GD.A76B",0,1,"demo_logit","tcga-blca"
"TCGA.GU.A42R",1,0,"demo_logit","tcga-blca"
"TCGA.GU.A762",1,1,"demo_logit","tcga-blca"
"TCGA.GU.AATQ",1,1,"demo_logit","tcga-blca"
"TCGA.GV.A3JV",1,1,"demo_logit","tcga-blca"
"TCGA.GV.A3JW",0,0,"demo_logit","tcga-blca"
"TCGA.GV.A3QH",0,0,"demo_logit","tcga-blca"
"TCGA.H4.A2HQ",1,0,"demo_logit","tcga-blca"
"TCGA.HQ.A2OF",1,0,"demo_logit","tcga-blca"
"TCGA.HQ.A5NE",1,1,"demo_logit","tcga-blca"
"TCGA.K4.A5RH",1,1,"demo_logit","tcga-blca"
"TCGA.K4.A5RI",1,0,"demo_logit","tcga-blca"
"TCGA.K4.A5RJ",0,1,"demo_logit","tcga-blca"
"TCGA.K4.A83P",1,0,"demo_logit","tcga-blca"
"TCGA.KQ.A41R",0,0.851,"demo_logit","tcga-blca"
"TCGA.LT.A5Z6",0,0.983,"demo_logit","tcga-blca"
"TCGA.MV.A51V",1,0,"demo_logit","tcga-blca"
"TCGA.PQ.A6FI",0,0.017,"demo_logit","tcga-blca"
"TCGA.S5.AA26",1,1,"demo_logit","tcga-blca"
"TCGA.UY.A78K",1,1,"demo_logit","tcga-blca"
"TCGA.UY.A8OB",1,1,"demo_logit","tcga-blca"
"TCGA.UY.A8OC",1,1,"demo_logit","tcga-blca"
"TCGA.UY.A8OD",0,1,"demo_logit","tcga-blca"
"TCGA.XF.A8HB",0,0,"demo_logit","tcga-blca"
"TCGA.XF.A8HH",1,0,"demo_logit","tcga-blca"
"TCGA.XF.A9SX",1,1,"demo_logit","tcga-blca"
"TCGA.XF.A9T4",1,1,"demo_logit","tcga-blca"
"TCGA.XF.AAMW",1,0,"demo_logit","tcga-blca"
"TCGA.XF.AAMX",1,1,"demo_logit","tcga-blca"
"TCGA.XF.AAN0",1,1,"demo_logit","tcga-blca"
"TCGA.XF.AAN4",1,1,"demo_logit","tcga-blca"
"TCGA.XF.AAN5",1,0.956,"demo_logit","tcga-blca"
"TCGA.ZF.A9R0",1,0,"demo_logit","tcga-blca"
"TCGA.ZF.A9R9",1,1,"demo_logit","tcga-blca"
"TCGA.ZF.A9RM",0,1,"demo_logit","tcga-blca"
"TCGA.ZF.A9RN",1,1,"demo_logit","tcga-blca"
"TCGA.ZF.AA4N",0,1,"demo_logit","tcga-blca"
"TCGA.ZF.AA51",0,1,"demo_logit","tcga-blca"
"TCGA.ZF.AA56",1,0,"demo_logit","tcga-blca"
"TCGA.ZF.AA58",1,1,"demo_logit","tcga-blca"
"subject3",1,1,"demo_logit","sim-data_n-50_effect-2_sigma-def_corr-0.5"
"subject4",1,1,"demo_logit","sim-data_n-50_effect-2_sigma-def_corr-0.5"
"subject5",0,0.976,"demo_logit","sim-data_n-50_effect-2_sigma-def_corr-0.5"
"subject16",1,0,"demo_logit","sim-data_n-50_effect-2_sigma-def_corr-0.5"
"subject17",0,0,"demo_logit","sim-data_n-50_effect-2_sigma-def_corr-0.5"
"subject18",0,0,"demo_logit","sim-data_n-50_effect-2_sigma-def_corr-0.5"
"subject26",1,1,"demo_logit","sim-data_n-50_effect-2_sigma-def_corr-0.5"
"subject32",1,1,"demo_logit","sim-data_n-50_effect-2_sigma-def_corr-0.5"
"subject33",0,1,"demo_logit","sim-data_n-50_effect-2_sigma-def_corr-0.5"
"subject36",1,0.937,"demo_logit","sim-data_n-50_effect-2_sigma-def_corr-0.5"
"subject38",1,1,"demo_logit","sim-data_n-50_effect-2_sigma-def_corr-0.5"
"subject40",1,1,"demo_logit","sim-data_n-50_effect-2_sigma-def_corr-0.5"
"subject43",0,0,"demo_logit","sim-data_n-50_effect-2_sigma-def_corr-0.5"
"subject46",0,0,"demo_logit","sim-data_n-50_effect-2_sigma-def_corr-0.5"
"subject50",1,0.766,"demo_logit","sim-data_n-50_effect-2_sigma-def_corr-0.5"
"subject1",1,1,"demo_logit","sim-data_n-100_effect-2_sigma-indep_corr-1"
"subject6",0,0,"demo_logit","sim-data_n-100_effect-2_sigma-indep_corr-1"
"subject7",1,0,"demo_logit","sim-data_n-100_effect-2_sigma-indep_corr-1"
"subject14",1,0,"demo_logit","sim-data_n-100_effect-2_sigma-indep_corr-1"
"subject21",1,1,"demo_logit","sim-data_n-100_effect-2_sigma-indep_corr-1"
"subject25",1,1,"demo_logit","sim-data_n-100_effect-2_sigma-indep_corr-1"
"subject28",0,1,"demo_logit","sim-data_n-100_effect-2_sigma-indep_corr-1"
"subject29",1,0,"demo_logit","sim-data_n-100_effect-2_sigma-indep_corr-1"
"subject30",0,0,"demo_logit","sim-data_n-100_effect-2_sigma-indep_corr-1"
"subject32",0,0,"demo_logit","sim-data_n-100_effect-2_sigma-indep_corr-1"
"subject35",0,0,"demo_logit","sim-data_n-100_effect-2_sigma-indep_corr-1"
"subject39",1,1,"demo_logit","sim-data_n-100_effect-2_sigma-indep_corr-1"
"subject43",0,1,"demo_logit","sim-data_n-100_effect-2_sigma-indep_corr-1"
"subject44",1,0,"demo_logit","sim-data_n-100_effect-2_sigma-indep_corr-1"
"subject46",1,1,"demo_logit","sim-data_n-100_effect-2_sigma-indep_corr-1"
"subject47",1,0,"demo_logit","sim-data_n-100_effect-2_sigma-indep_corr-1"
"subject49",0,1,"demo_logit","sim-data_n-100_effect-2_sigma-indep_corr-1"
"subject51",0,1,"demo_logit","sim-data_n-100_effect-2_sigma-indep_corr-1"
"subject52",0,1,"demo_logit","sim-data_n-100_effect-2_sigma-indep_corr-1"
"subject59",1,1,"demo_logit","sim-data_n-100_effect-2_sigma-indep_corr-1"
"subject63",1,1,"demo_logit","sim-data_n-100_effect-2_sigma-indep_corr-1"
"subject75",0,0,"demo_logit","sim-data_n-100_effect-2_sigma-indep_corr-1"
"subject77",0,0,"demo_logit","sim-data_n-100_effect-2_sigma-indep_corr-1"
"subject80",0,0.017,"demo_logit","sim-data_n-100_effect-2_sigma-indep_corr-1"
"subject83",0,1,"demo_logit","sim-data_n-100_effect-2_sigma-indep_corr-1"
"subject86",0,1,"demo_logit","sim-data_n-100_effect-2_sigma-indep_corr-1"
"subject87",0,0,"demo_logit","sim-data_n-100_effect-2_sigma-indep_corr-1"
"subject88",0,0,"demo_logit","sim-data_n-100_effect-2_sigma-indep_corr-1"
"subject93",1,1,"demo_logit","sim-data_n-100_effect-2_sigma-indep_corr-1"
"subject96",1,1,"demo_logit","sim-data_n-100_effect-2_sigma-indep_corr-1"
"subject6",0,0,"demo_logit","sim-data_n-500_effect-2_sigma-def_corr-1"
"subject17",0,0,"demo_logit","sim-data_n-500_effect-2_sigma-def_corr-1"
"subject18",0,0,"demo_logit","sim-data_n-500_effect-2_sigma-def_corr-1"
"subject19",1,1,"demo_logit","sim-data_n-500_effect-2_sigma-def_corr-1"
"subject20",0,0,"demo_logit","sim-data_n-500_effect-2_sigma-def_corr-1"
"subject24",0,0,"demo_logit","sim-data_n-500_effect-2_sigma-def_corr-1"
"subject25",0,0,"demo_logit","sim-data_n-500_effect-2_sigma-def_corr-1"
"subject27",1,1,"demo_logit","sim-data_n-500_effect-2_sigma-def_corr-1"
"subject34",0,0,"demo_logit","sim-data_n-500_effect-2_sigma-def_corr-1"
"subject35",0,0,"demo_logit","sim-data_n-500_effect-2_sigma-def_corr-1"
"subject53",1,1,"demo_logit","sim-data_n-500_effect-2_sigma-def_corr-1"
"subject56",0,0,"demo_logit","sim-data_n-500_effect-2_sigma-def_corr-1"
"subject58",1,1,"demo_logit","sim-data_n-500_effect-2_sigma-def_corr-1"
"subject63",0,0,"demo_logit","sim-data_n-500_effect-2_sigma-def_corr-1"
"subject66",1,1,"demo_logit","sim-data_n-500_effect-2_sigma-def_corr-1"
"subject68",1,1,"demo_logit","sim-data_n-500_effect-2_sigma-def_corr-1"
"subject70",1,1,"demo_logit","sim-data_n-500_effect-2_sigma-def_corr-1"
"subject71",1,1,"demo_logit","sim-data_n-500_effect-2_sigma-def_corr-1"
"subject73",1,1,"demo_logit","sim-data_n-500_effect-2_sigma-def_corr-1"
"subject74",1,1,"demo_logit","sim-data_n-500_effect-2_sigma-def_corr-1"
"subject75",0,0,"demo_logit","sim-data_n-500_effect-2_sigma-def_corr-1"
"subject81",1,1,"demo_logit","sim-data_n-500_effect-2_sigma-def_corr-1"
"subject83",1,1,"demo_logit","sim-data_n-500_effect-2_sigma-def_corr-1"
"subject86",1,1,"demo_logit","sim-data_n-500_effect-2_sigma-def_corr-1"
"subject89",1,1,"demo_logit","sim-data_n-500_effect-2_sigma-def_corr-1"
"subject95",0,0,"demo_logit","sim-data_n-500_effect-2_sigma-def_corr-1"
"subject97",1,1,"demo_logit","sim-data_n-500_effect-2_sigma-def_corr-1"
"subject106",1,1,"demo_logit","sim-data_n-500_effect-2_sigma-def_corr-1"
"subject109",0,0,"demo_logit","sim-data_n-500_effect-2_sigma-def_corr-1"
"subject114",0,0,"demo_logit","sim-data_n-500_effect-2_sigma-def_corr-1"
"subject122",0,0,"demo_logit","sim-data_n-500_effect-2_sigma-def_corr-1"
"subject123",1,1,"demo_logit","sim-data_n-500_effect-2_sigma-def_corr-1"
"subject125",0,0,"demo_logit","sim-data_n-500_effect-2_sigma-def_corr-1"
"subject130",0,0,"demo_logit","sim-data_n-500_effect-2_sigma-def_corr-1"
"subject134",0,0,"demo_logit","sim-data_n-500_effect-2_sigma-def_corr-1"
"subject138",0,0,"demo_logit","sim-data_n-500_effect-2_sigma-def_corr-1"
"subject142",0,0,"demo_logit","sim-data_n-500_effect-2_sigma-def_corr-1"
"subject146",0,0,"demo_logit","sim-data_n-500_effect-2_sigma-def_corr-1"
"subject147",1,1,"demo_logit","sim-data_n-500_effect-2_sigma-def_corr-1"
"subject148",0,0,"demo_logit","sim-data_n-500_effect-2_sigma-def_corr-1"
"subject153",0,0,"demo_logit","sim-data_n-500_effect-2_sigma-def_corr-1"
"subject163",0,0,"demo_logit","sim-data_n-500_effect-2_sigma-def_corr-1"
"subject165",1,1,"demo_logit","sim-data_n-500_effect-2_sigma-def_corr-1"
"subject166",1,1,"demo_logit","sim-data_n-500_effect-2_sigma-def_corr-1"
"subject168",1,1,"demo_logit","sim-data_n-500_effect-2_sigma-def_corr-1"
"subject172",0,0,"demo_logit","sim-data_n-500_effect-2_sigma-def_corr-1"
"subject174",1,1,"demo_logit","sim-data_n-500_effect-2_sigma-def_corr-1"
"subject176",1,1,"demo_logit","sim-data_n-500_effect-2_sigma-def_corr-1"
"subject180",0,0,"demo_logit","sim-data_n-500_effect-2_sigma-def_corr-1"
"subject181",1,1,"demo_logit","sim-data_n-500_effect-2_sigma-def_corr-1"
"subject182",0,0,"demo_logit","sim-data_n-500_effect-2_sigma-def_corr-1"
"subject184",1,1,"demo_logit","sim-data_n-500_effect-2_sigma-def_corr-1"
"subject190",1,1,"demo_logit","sim-data_n-500_effect-2_sigma-def_corr-1"
"subject192",0,0,"demo_logit","sim-data_n-500_effect-2_sigma-def_corr-1"
"subject198",1,1,"demo_logit","sim-data_n-500_effect-2_sigma-def_corr-1"
"subject201",1,1,"demo_logit","sim-data_n-500_effect-2_sigma-def_corr-1"
"subject205",1,1,"demo_logit","sim-data_n-500_effect-2_sigma-def_corr-1"
"subject208",0,0,"demo_logit","sim-data_n-500_effect-2_sigma-def_corr-1"
"subject212",0,0,"demo_logit","sim-data_n-500_effect-2_sigma-def_corr-1"
"subject214",0,0,"demo_logit","sim-data_n-500_effect-2_sigma-def_corr-1"
"subject215",0,0,"demo_logit","sim-data_n-500_effect-2_sigma-def_corr-1"
"subject216",1,1,"demo_logit","sim-data_n-500_effect-2_sigma-def_corr-1"
"subject217",1,1,"demo_logit","sim-data_n-500_effect-2_sigma-def_corr-1"
"subject220",0,0,"demo_logit","sim-data_n-500_effect-2_sigma-def_corr-1"
"subject221",0,0,"demo_logit","sim-data_n-500_effect-2_sigma-def_corr-1"
"subject224",1,1,"demo_logit","sim-data_n-500_effect-2_sigma-def_corr-1"
"subject226",0,0,"demo_logit","sim-data_n-500_effect-2_sigma-def_corr-1"
"subject227",1,1,"demo_logit","sim-data_n-500_effect-2_sigma-def_corr-1"
"subject231",0,0,"demo_logit","sim-data_n-500_effect-2_sigma-def_corr-1"
"subject233",0,0,"demo_logit","sim-data_n-500_effect-2_sigma-def_corr-1"
"subject234",1,1,"demo_logit","sim-data_n-500_effect-2_sigma-def_corr-1"
"subject237",1,1,"demo_logit","sim-data_n-500_effect-2_sigma-def_corr-1"
"subject243",1,1,"demo_logit","sim-data_n-500_effect-2_sigma-def_corr-1"
"subject245",0,0,"demo_logit","sim-data_n-500_effect-2_sigma-def_corr-1"
"subject248",1,1,"demo_logit","sim-data_n-500_effect-2_sigma-def_corr-1"
"subject259",0,0,"demo_logit","sim-data_n-500_effect-2_sigma-def_corr-1"
"subject260",1,1,"demo_logit","sim-data_n-500_effect-2_sigma-def_corr-1"
"subject265",1,1,"demo_logit","sim-data_n-500_effect-2_sigma-def_corr-1"
"subject266",1,1,"demo_logit","sim-data_n-500_effect-2_sigma-def_corr-1"
"subject270",0,0,"demo_logit","sim-data_n-500_effect-2_sigma-def_corr-1"
"subject271",0,0,"demo_logit","sim-data_n-500_effect-2_sigma-def_corr-1"
"subject273",0,0,"demo_logit","sim-data_n-500_effect-2_sigma-def_corr-1"
"subject278",1,1,"demo_logit","sim-data_n-500_effect-2_sigma-def_corr-1"
"subject281",0,0,"demo_logit","sim-data_n-500_effect-2_sigma-def_corr-1"
"subject286",1,1,"demo_logit","sim-data_n-500_effect-2_sigma-def_corr-1"
"subject288",1,1,"demo_logit","sim-data_n-500_effect-2_sigma-def_corr-1"
"subject297",0,0,"demo_logit","sim-data_n-500_effect-2_sigma-def_corr-1"
"subject299",1,1,"demo_logit","sim-data_n-500_effect-2_sigma-def_corr-1"
"subject300",0,0,"demo_logit","sim-data_n-500_effect-2_sigma-def_corr-1"
"subject302",0,0,"demo_logit","sim-data_n-500_effect-2_sigma-def_corr-1"
"subject311",0,0,"demo_logit","sim-data_n-500_effect-2_sigma-def_corr-1"
"subject312",0,0,"demo_logit","sim-data_n-500_effect-2_sigma-def_corr-1"
"subject319",1,1,"demo_logit","sim-data_n-500_effect-2_sigma-def_corr-1"
"subject320",0,0,"demo_logit","sim-data_n-500_effect-2_sigma-def_corr-1"
"subject323",0,0,"demo_logit","sim-data_n-500_effect-2_sigma-def_corr-1"
"subject326",1,1,"demo_logit","sim-data_n-500_effect-2_sigma-def_corr-1"
"subject331",1,1,"demo_logit","sim-data_n-500_effect-2_sigma-def_corr-1"
"subject334",1,1,"demo_logit","sim-data_n-500_effect-2_sigma-def_corr-1"
"subject335",1,1,"demo_logit","sim-data_n-500_effect-2_sigma-def_corr-1"
"subject338",1,1,"demo_logit","sim-data_n-500_effect-2_sigma-def_corr-1"
"subject343",1,1,"demo_logit","sim-data_n-500_effect-2_sigma-def_corr-1"
"subject344",0,0,"demo_logit","sim-data_n-500_effect-2_sigma-def_corr-1"
"subject347",0,0,"demo_logit","sim-data_n-500_effect-2_sigma-def_corr-1"
"subject349",1,1,"demo_logit","sim-data_n-500_effect-2_sigma-def_corr-1"
"subject351",1,1,"demo_logit","sim-data_n-500_effect-2_sigma-def_corr-1"
"subject352",0,0,"demo_logit","sim-data_n-500_effect-2_sigma-def_corr-1"
"subject353",0,0,"demo_logit","sim-data_n-500_effect-2_sigma-def_corr-1"
"subject356",0,0,"demo_logit","sim-data_n-500_effect-2_sigma-def_corr-1"
"subject362",0,0,"demo_logit","sim-data_n-500_effect-2_sigma-def_corr-1"
"subject364",0,0,"demo_logit","sim-data_n-500_effect-2_sigma-def_corr-1"
"subject368",1,1,"demo_logit","sim-data_n-500_effect-2_sigma-def_corr-1"
"subject376",1,1,"demo_logit","sim-data_n-500_effect-2_sigma-def_corr-1"
"subject377",0,0,"demo_logit","sim-data_n-500_effect-2_sigma-def_corr-1"
"subject378",1,1,"demo_logit","sim-data_n-500_effect-2_sigma-def_corr-1"
"subject379",1,1,"demo_logit","sim-data_n-500_effect-2_sigma-def_corr-1"
"subject389",1,1,"demo_logit","sim-data_n-500_effect-2_sigma-def_corr-1"
"subject392",0,0,"demo_logit","sim-data_n-500_effect-2_sigma-def_corr-1"
"subject395",1,1,"demo_logit","sim-data_n-500_effect-2_sigma-def_corr-1"
"subject403",0,0,"demo_logit","sim-data_n-500_effect-2_sigma-def_corr-1"
"subject404",0,0,"demo_logit","sim-data_n-500_effect-2_sigma-def_corr-1"
"subject405",1,1,"demo_logit","sim-data_n-500_effect-2_sigma-def_corr-1"
"subject408",0,0,"demo_logit","sim-data_n-500_effect-2_sigma-def_corr-1"
"subject410",0,0,"demo_logit","sim-data_n-500_effect-2_sigma-def_corr-1"
"subject418",1,1,"demo_logit","sim-data_n-500_effect-2_sigma-def_corr-1"
"subject422",0,0,"demo_logit","sim-data_n-500_effect-2_sigma-def_corr-1"
"subject430",0,0,"demo_logit","sim-data_n-500_effect-2_sigma-def_corr-1"
"subject435",0,0,"demo_logit","sim-data_n-500_effect-2_sigma-def_corr-1"
"subject437",1,1,"demo_logit","sim-data_n-500_effect-2_sigma-def_corr-1"
"subject440",1,1,"demo_logit","sim-data_n-500_effect-2_sigma-def_corr-1"
"subject445",1,1,"demo_logit","sim-data_n-500_effect-2_sigma-def_corr-1"
"subject447",0,0,"demo_logit","sim-data_n-500_effect-2_sigma-def_corr-1"
"subject449",1,1,"demo_logit","sim-data_n-500_effect-2_sigma-def_corr-1"
"subject450",1,1,"demo_logit","sim-data_n-500_effect-2_sigma-def_corr-1"
"subject453",0,0,"demo_logit","sim-data_n-500_effect-2_sigma-def_corr-1"
"subject459",0,0,"demo_logit","sim-data_n-500_effect-2_sigma-def_corr-1"
"subject466",1,1,"demo_logit","sim-data_n-500_effect-2_sigma-def_corr-1"
"subject467",1,1,"demo_logit","sim-data_n-500_effect-2_sigma-def_corr-1"
"subject471",0,0,"demo_logit","sim-data_n-500_effect-2_sigma-def_corr-1"
"subject472",1,1,"demo_logit","sim-data_n-500_effect-2_sigma-def_corr-1"
"subject473",1,1,"demo_logit","sim-data_n-500_effect-2_sigma-def_corr-1"
"subject476",0,0,"demo_logit","sim-data_n-500_effect-2_sigma-def_corr-1"
"subject478",0,0,"demo_logit","sim-data_n-500_effect-2_sigma-def_corr-1"
"subject479",1,1,"demo_logit","sim-data_n-500_effect-2_sigma-def_corr-1"
"subject482",1,1,"demo_logit","sim-data_n-500_effect-2_sigma-def_corr-1"
"subject483",1,1,"demo_logit","sim-data_n-500_effect-2_sigma-def_corr-1"
"subject485",0,0,"demo_logit","sim-data_n-500_effect-2_sigma-def_corr-1"
"subject489",0,0,"demo_logit","sim-data_n-500_effect-2_sigma-def_corr-1"
"subject495",1,1,"demo_logit","sim-data_n-500_effect-2_sigma-def_corr-1"
"subject496",1,1,"demo_logit","sim-data_n-500_effect-2_sigma-def_corr-1"
"subject499",1,1,"demo_logit","sim-data_n-500_effect-2_sigma-def_corr-1"
"10094010",1,0,"demo_logit","GSE71669"
"30110214",0,1,"demo_logit","GSE71669"
"30109911",1,0,"demo_logit","GSE71669"
"30106619",0,0,"demo_logit","GSE71669"
"10093210",1,0,"demo_logit","GSE71669"
"30106712",0,1,"demo_logit","GSE71669"
"10094410",0,1,"demo_logit","GSE71669"
"10094910",1,0,"demo_logit","GSE71669"
"10093310",1,0.133,"demo_logit","GSE71669"
"10090210",1,0,"demo_logit","GSE71669"
"10090910",0,1,"demo_logit","GSE71669"
"30107610",0,0,"demo_logit","GSE71669"
"10090110",0,0,"demo_logit","GSE71669"
"10093010",0,0,"demo_logit","GSE71669"
"10093710",0,0,"demo_logit","GSE71669"
"10090510",0,0,"demo_logit","GSE71669"
"30108817",1,0,"demo_logit","GSE71669"
"patient-4",0,0,"demo_logit","rosmap"
"patient-5",0,0,"demo_logit","rosmap"
"patient-6",0,1,"demo_logit","rosmap"
"patient-11",1,1,"demo_logit","rosmap"
"patient-15",0,1,"demo_logit","rosmap"
"patient-17",1,0,"demo_logit","rosmap"
"patient-18",0,0,"demo_logit","rosmap"
"patient-20",1,1,"demo_logit","rosmap"
"patient-22",1,1,"demo_logit","rosmap"
"patient-24",0,0,"demo_logit","rosmap"
"patient-28",0,0,"demo_logit","rosmap"
"patient-29",0,0,"demo_logit","rosmap"
"patient-30",0,1,"demo_logit","rosmap"
"patient-34",0,1,"demo_logit","rosmap"
"patient-36",0,0,"demo_logit","rosmap"
"patient-37",0,0,"demo_logit","rosmap"
"patient-38",1,1,"demo_logit","rosmap"
"patient-41",0,0,"demo_logit","rosmap"
"patient-44",1,1,"demo_logit","rosmap"
"patient-46",1,1,"demo_logit","rosmap"
"patient-47",0,0,"demo_logit","rosmap"
"patient-48",1,1,"demo_logit","rosmap"
"patient-51",0,1,"demo_logit","rosmap"
"patient-53",1,1,"demo_logit","rosmap"
"patient-55",0,1,"demo_logit","rosmap"
"patient-58",0,0,"demo_logit","rosmap"
"patient-61",1,0.24,"demo_logit","rosmap"
"patient-62",1,1,"demo_logit","rosmap"
"patient-63",1,1,"demo_logit","rosmap"
"patient-64",1,1,"demo_logit","rosmap"
"patient-67",1,1,"demo_logit","rosmap"
"patient-69",0,0,"demo_logit","rosmap"
"patient-71",0,0,"demo_logit","rosmap"
"patient-73",1,0,"demo_logit","rosmap"
"patient-74",0,0.37,"demo_logit","rosmap"
"patient-75",0,1,"demo_logit","rosmap"
"patient-76",0,0,"demo_logit","rosmap"
"patient-78",1,1,"demo_logit","rosmap"
"patient-80",1,0.986,"demo_logit","rosmap"
"patient-81",0,0,"demo_logit","rosmap"
"patient-82",0,0,"demo_logit","rosmap"
"patient-83",0,0,"demo_logit","rosmap"
"patient-88",1,1,"demo_logit","rosmap"
"patient-93",1,1,"demo_logit","rosmap"
"patient-94",0,0,"demo_logit","rosmap"
"patient-98",0,0,"demo_logit","rosmap"
"patient-99",0,0,"demo_logit","rosmap"
"patient-101",0,0.002,"demo_logit","rosmap"
"patient-102",1,1,"demo_logit","rosmap"
"patient-103",0,0,"demo_logit","rosmap"
"patient-106",1,1,"demo_logit","rosmap"
"patient-109",1,1,"demo_logit","rosmap"
"patient-110",0,0,"demo_logit","rosmap"
"patient-112",1,0,"demo_logit","rosmap"
"patient-120",0,1,"demo_logit","rosmap"
"patient-124",0,0,"demo_logit","rosmap"
"patient-125",0,0,"demo_logit","rosmap"
"patient-126",0,0,"demo_logit","rosmap"
"patient-128",1,0,"demo_logit","rosmap"
"patient-129",0,0,"demo_logit","rosmap"
"patient-131",0,0,"demo_logit","rosmap"
"patient-134",1,0,"demo_logit","rosmap"
"patient-135",0,1,"demo_logit","rosmap"
"patient-136",1,1,"demo_logit","rosmap"
"patient-140",1,1,"demo_logit","rosmap"
"patient-141",1,0.999,"demo_logit","rosmap"
"patient-143",0,0,"demo_logit","rosmap"
"patient-144",1,1,"demo_logit","rosmap"
"patient-145",0,0,"demo_logit","rosmap"
"patient-150",1,0.004,"demo_logit","rosmap"
"patient-151",1,0,"demo_logit","rosmap"
"patient-152",0,0,"demo_logit","rosmap"
"patient-153",1,0.855,"demo_logit","rosmap"
"patient-155",1,0,"demo_logit","rosmap"
"patient-157",0,0,"demo_logit","rosmap"
"patient-159",1,0,"demo_logit","rosmap"
"patient-160",1,1,"demo_logit","rosmap"
"patient-163",1,0.999,"demo_logit","rosmap"
"patient-164",1,1,"demo_logit","rosmap"
"patient-165",0,0,"demo_logit","rosmap"
"patient-166",1,0,"demo_logit","rosmap"
"patient-167",1,0,"demo_logit","rosmap"
"patient-169",0,0,"demo_logit","rosmap"
"patient-170",0,0,"demo_logit","rosmap"
"patient-173",0,0.001,"demo_logit","rosmap"
"patient-174",1,1,"demo_logit","rosmap"
"patient-179",0,1,"demo_logit","rosmap"
"patient-182",1,0.992,"demo_logit","rosmap"
"patient-184",1,0,"demo_logit","rosmap"
"patient-186",1,0,"demo_logit","rosmap"
"patient-187",0,0,"demo_logit","rosmap"
"patient-189",1,1,"demo_logit","rosmap"
"patient-192",0,1,"demo_logit","rosmap"
"patient-196",1,1,"demo_logit","rosmap"
"patient-197",1,1,"demo_logit","rosmap"
"patient-198",0,0,"demo_logit","rosmap"
"patient-200",1,0,"demo_logit","rosmap"
"patient-204",0,0.999,"demo_logit","rosmap"
"patient-206",1,1,"demo_logit","rosmap"
"patient-207",0,0.999,"demo_logit","rosmap"
"patient-208",1,1,"demo_logit","rosmap"
"patient-209",1,1,"demo_logit","rosmap"
"patient-213",1,0,"demo_logit","rosmap"
"patient-215",0,0,"demo_logit","rosmap"
"patient-217",0,1,"demo_logit","rosmap"
"patient-222",0,0,"demo_logit","rosmap"
"patient-223",0,1,"demo_logit","rosmap"
"patient-226",0,1,"demo_logit","rosmap"
"patient-227",0,1,"demo_logit","rosmap"
"patient-230",1,1,"demo_logit","rosmap"
"patient-233",0,1,"demo_logit","rosmap"
"patient-234",1,1,"demo_logit","rosmap"
"patient-235",0,1,"demo_logit","rosmap"
"patient-237",1,0,"demo_logit","rosmap"
"patient-246",1,1,"demo_logit","rosmap"
"patient-247",1,1,"demo_logit","rosmap"
"patient-250",1,1,"demo_logit","rosmap"
"patient-251",1,1,"demo_logit","rosmap"
"patient-252",0,0,"demo_logit","rosmap"
"patient-253",0,0,"demo_logit","rosmap"
"patient-254",0,0,"demo_logit","rosmap"
"patient-255",0,1,"demo_logit","rosmap"
"patient-258",1,0.044,"demo_logit","rosmap"
"patient-259",1,0,"demo_logit","rosmap"
"patient-261",1,0,"demo_logit","rosmap"
"patient-262",0,0,"demo_logit","rosmap"
"patient-263",1,1,"demo_logit","rosmap"
"patient-265",1,0,"demo_logit","rosmap"
"patient-268",0,0,"demo_logit","rosmap"
"patient-269",0,1,"demo_logit","rosmap"
"patient-271",1,1,"demo_logit","rosmap"
"patient-272",0,0,"demo_logit","rosmap"
"patient-274",0,0,"demo_logit","rosmap"
"patient-277",0,1,"demo_logit","rosmap"
"patient-278",1,1,"demo_logit","rosmap"
"patient-279",1,1,"demo_logit","rosmap"
"patient-282",1,1,"demo_logit","rosmap"
"patient-284",1,1,"demo_logit","rosmap"
"patient-285",1,1,"demo_logit","rosmap"
"patient-286",1,1,"demo_logit","rosmap"
"patient-287",1,0,"demo_logit","rosmap"
"patient-289",1,0,"demo_logit","rosmap"
"patient-294",0,0,"demo_logit","rosmap"
"patient-295",0,1,"demo_logit","rosmap"
"patient-296",0,1,"demo_logit","rosmap"
"patient-297",1,0,"demo_logit","rosmap"
"patient-299",1,0,"demo_logit","rosmap"
"patient-302",1,1,"demo_logit","rosmap"
"patient-303",1,0,"demo_logit","rosmap"
"patient-304",0,1,"demo_logit","rosmap"
"patient-306",0,1,"demo_logit","rosmap"
"patient-307",0,0,"demo_logit","rosmap"
"patient-308",0,0,"demo_logit","rosmap"
"patient-309",0,0,"demo_logit","rosmap"
"patient-311",1,0.516,"demo_logit","rosmap"
"patient-314",1,0,"demo_logit","rosmap"
"patient-315",0,1,"demo_logit","rosmap"
"patient-318",0,0,"demo_logit","rosmap"
"patient-319",1,1,"demo_logit","rosmap"
"patient-322",1,0,"demo_logit","rosmap"
"patient-323",1,1,"demo_logit","rosmap"
"patient-327",1,0,"demo_logit","rosmap"
"patient-328",1,0,"demo_logit","rosmap"
"patient-329",0,0,"demo_logit","rosmap"
"patient-330",1,1,"demo_logit","rosmap"
"patient-331",0,1,"demo_logit","rosmap"
"patient-332",1,1,"demo_logit","rosmap"
"patient-334",0,0,"demo_logit","rosmap"
"patient-336",0,0,"demo_logit","rosmap"
"patient-337",1,1,"demo_logit","rosmap"
"patient-340",0,1,"demo_logit","rosmap"
"patient-343",1,0.112,"demo_logit","rosmap"
"patient-345",1,0,"demo_logit","rosmap"
"patient-346",1,0,"demo_logit","rosmap"
"patient-347",1,1,"demo_logit","rosmap"
"patient-350",1,1,"demo_logit","rosmap"
"subject5",0,0,"demo_logit","sim-data_n-50_effect-2_sigma-def_corr-0"
"subject7",1,0,"demo_logit","sim-data_n-50_effect-2_sigma-def_corr-0"
"subject13",0,0,"demo_logit","sim-data_n-50_effect-2_sigma-def_corr-0"
"subject22",1,1,"demo_logit","sim-data_n-50_effect-2_sigma-def_corr-0"
"subject23",1,1,"demo_logit","sim-data_n-50_effect-2_sigma-def_corr-0"
"subject24",1,1,"demo_logit","sim-data_n-50_effect-2_sigma-def_corr-0"
"subject26",0,0,"demo_logit","sim-data_n-50_effect-2_sigma-def_corr-0"
"subject31",1,0,"demo_logit","sim-data_n-50_effect-2_sigma-def_corr-0"
"subject32",0,0,"demo_logit","sim-data_n-50_effect-2_sigma-def_corr-0"
"subject36",1,1,"demo_logit","sim-data_n-50_effect-2_sigma-def_corr-0"
"subject38",1,1,"demo_logit","sim-data_n-50_effect-2_sigma-def_corr-0"
"subject40",1,1,"demo_logit","sim-data_n-50_effect-2_sigma-def_corr-0"
"subject44",0,0,"demo_logit","sim-data_n-50_effect-2_sigma-def_corr-0"
"subject47",0,0,"demo_logit","sim-data_n-50_effect-2_sigma-def_corr-0"
"subject49",1,1,"demo_logit","sim-data_n-50_effect-2_sigma-def_corr-0"
"subject1",0,0,"demo_logit","sim-data_n-50_effect-2_sigma-def_corr-0.5"
"subject2",0,0,"demo_logit","sim-data_n-50_effect-2_sigma-def_corr-0.5"
"subject6",1,1,"demo_logit","sim-data_n-50_effect-2_sigma-def_corr-0.5"
"subject10",0,0,"demo_logit","sim-data_n-50_effect-2_sigma-def_corr-0.5"
"subject11",0,0,"demo_logit","sim-data_n-50_effect-2_sigma-def_corr-0.5"
"subject12",0,0,"demo_logit","sim-data_n-50_effect-2_sigma-def_corr-0.5"
"subject15",0,0,"demo_logit","sim-data_n-50_effect-2_sigma-def_corr-0.5"
"subject27",0,0,"demo_logit","sim-data_n-50_effect-2_sigma-def_corr-0.5"
"subject30",1,0.999,"demo_logit","sim-data_n-50_effect-2_sigma-def_corr-0.5"
"subject34",1,1,"demo_logit","sim-data_n-50_effect-2_sigma-def_corr-0.5"
"subject37",1,1,"demo_logit","sim-data_n-50_effect-2_sigma-def_corr-0.5"
"subject39",0,0,"demo_logit","sim-data_n-50_effect-2_sigma-def_corr-0.5"
"subject41",0,0,"demo_logit","sim-data_n-50_effect-2_sigma-def_corr-0.5"
"subject45",1,1,"demo_logit","sim-data_n-50_effect-2_sigma-def_corr-0.5"
"subject48",1,1,"demo_logit","sim-data_n-50_effect-2_sigma-def_corr-0.5"
"TCGA.BP.5178",1,1,"demo_logit","tcga-kipan"
"TCGA.BP.5191",1,1,"demo_logit","tcga-kipan"
"TCGA.BP.5201",1,1,"demo_logit","tcga-kipan"
"TCGA.A3.3357",0,0,"demo_logit","tcga-kipan"
"TCGA.A3.3370",0,1,"demo_logit","tcga-kipan"
"TCGA.A3.3376",0,0,"demo_logit","tcga-kipan"
"TCGA.A3.3385",0,0,"demo_logit","tcga-kipan"
"TCGA.B0.4688",1,1,"demo_logit","tcga-kipan"
"TCGA.B0.4691",1,0,"demo_logit","tcga-kipan"
"TCGA.B0.4693",1,1,"demo_logit","tcga-kipan"
"TCGA.B0.4696",1,1,"demo_logit","tcga-kipan"
"TCGA.B0.4697",1,1,"demo_logit","tcga-kipan"
"TCGA.B0.4701",1,0,"demo_logit","tcga-kipan"
"TCGA.B0.4813",1,0,"demo_logit","tcga-kipan"
"TCGA.B0.4817",1,1,"demo_logit","tcga-kipan"
"TCGA.B0.4819",1,0.998,"demo_logit","tcga-kipan"
"TCGA.B0.4823",0,0,"demo_logit","tcga-kipan"
"TCGA.B0.4824",0,0,"demo_logit","tcga-kipan"
"TCGA.B0.4828",1,0,"demo_logit","tcga-kipan"
"TCGA.B0.4843",1,1,"demo_logit","tcga-kipan"
"TCGA.B0.4846",1,0,"demo_logit","tcga-kipan"
"TCGA.B0.4848",1,1,"demo_logit","tcga-kipan"
"TCGA.B0.4945",0,0,"demo_logit","tcga-kipan"
"TCGA.B0.5095",1,0,"demo_logit","tcga-kipan"
"TCGA.B0.5096",1,1,"demo_logit","tcga-kipan"
"TCGA.B0.5100",1,0,"demo_logit","tcga-kipan"
"TCGA.B0.5102",0,0,"demo_logit","tcga-kipan"
"TCGA.B0.5104",0,0,"demo_logit","tcga-kipan"
"TCGA.B0.5107",1,0,"demo_logit","tcga-kipan"
"TCGA.B0.5108",1,1,"demo_logit","tcga-kipan"
"TCGA.B0.5109",1,1,"demo_logit","tcga-kipan"
"TCGA.B0.5110",0,1,"demo_logit","tcga-kipan"
"TCGA.B0.5113",1,0,"demo_logit","tcga-kipan"
"TCGA.B0.5116",1,1,"demo_logit","tcga-kipan"
"TCGA.B0.5119",0,0,"demo_logit","tcga-kipan"
"TCGA.B2.3924",0,0.295,"demo_logit","tcga-kipan"
"TCGA.B8.5159",0,1,"demo_logit","tcga-kipan"
"TCGA.B8.5163",1,1,"demo_logit","tcga-kipan"
"TCGA.B8.5165",0,1,"demo_logit","tcga-kipan"
"TCGA.BP.4801",0,0,"demo_logit","tcga-kipan"
"TCGA.BP.5010",1,0,"demo_logit","tcga-kipan"
"TCGA.BP.5169",0,1,"demo_logit","tcga-kipan"
"TCGA.BP.5173",0,0,"demo_logit","tcga-kipan"
"TCGA.BP.5176",0,0,"demo_logit","tcga-kipan"
"TCGA.BP.5177",0,0,"demo_logit","tcga-kipan"
"TCGA.BP.5185",0,1,"demo_logit","tcga-kipan"
"TCGA.BP.5186",0,0,"demo_logit","tcga-kipan"
"TCGA.BP.5190",0,1,"demo_logit","tcga-kipan"
"TCGA.BP.5192",0,0,"demo_logit","tcga-kipan"
"TCGA.BP.5195",0,1,"demo_logit","tcga-kipan"
"TCGA.BP.5196",0,1,"demo_logit","tcga-kipan"
"TCGA.BP.5198",1,0,"demo_logit","tcga-kipan"
"TCGA.BP.5200",0,0,"demo_logit","tcga-kipan"
"TCGA.CJ.4882",1,0,"demo_logit","tcga-kipan"
"TCGA.CJ.4901",1,1,"demo_logit","tcga-kipan"
"TCGA.CJ.4902",1,1,"demo_logit","tcga-kipan"
"TCGA.CJ.4905",0,0,"demo_logit","tcga-kipan"
"TCGA.CJ.4908",0,0,"demo_logit","tcga-kipan"
"TCGA.CJ.4918",1,1,"demo_logit","tcga-kipan"
"TCGA.CJ.4920",0,0,"demo_logit","tcga-kipan"
"TCGA.CJ.4923",1,1,"demo_logit","tcga-kipan"
"TCGA.CZ.4853",0,0,"demo_logit","tcga-kipan"
"TCGA.B0.4707",1,0,"demo_logit","tcga-kipan"
"TCGA.B8.5162",0,1,"demo_logit","tcga-kipan"
"TCGA.BP.4760",0,0,"demo_logit","tcga-kipan"
"TCGA.BP.4993",0,0,"demo_logit","tcga-kipan"
"TCGA.BP.5168",0,0,"demo_logit","tcga-kipan"
"TCGA.BP.5181",0,1,"demo_logit","tcga-kipan"
"TCGA.BP.5189",0,0,"demo_logit","tcga-kipan"
"TCGA.BP.5199",0,0,"demo_logit","tcga-kipan"
"TCGA.CJ.4904",1,0,"demo_logit","tcga-kipan"
"TCGA.CZ.4856",0,0,"demo_logit","tcga-kipan"
"TCGA.A3.3367",0,1,"demo_logit","tcga-kipan"
"TCGA.A3.3373",0,1,"demo_logit","tcga-kipan"
"TCGA.AK.3428",1,0,"demo_logit","tcga-kipan"
"TCGA.AK.3434",0,0,"demo_logit","tcga-kipan"
"TCGA.B0.4690",1,0,"demo_logit","tcga-kipan"
"TCGA.B0.4694",1,0,"demo_logit","tcga-kipan"
"TCGA.B0.4699",1,1,"demo_logit","tcga-kipan"
"TCGA.B0.4703",1,1,"demo_logit","tcga-kipan"
"TCGA.B0.4713",1,0,"demo_logit","tcga-kipan"
"TCGA.B0.4714",1,1,"demo_logit","tcga-kipan"
"TCGA.B0.4718",1,0,"demo_logit","tcga-kipan"
"TCGA.B0.4814",1,0,"demo_logit","tcga-kipan"
"TCGA.B0.4822",0,1,"demo_logit","tcga-kipan"
"TCGA.B0.4827",1,1,"demo_logit","tcga-kipan"
"TCGA.B0.4841",1,1,"demo_logit","tcga-kipan"
"TCGA.B0.4842",1,0,"demo_logit","tcga-kipan"
"TCGA.B0.4844",1,0,"demo_logit","tcga-kipan"
"TCGA.B0.4845",1,1,"demo_logit","tcga-kipan"
"TCGA.B0.4847",1,1,"demo_logit","tcga-kipan"
"TCGA.B0.4849",1,0,"demo_logit","tcga-kipan"
"TCGA.B0.5092",1,1,"demo_logit","tcga-kipan"
"TCGA.B0.5094",1,1,"demo_logit","tcga-kipan"
"TCGA.B0.5097",1,0,"demo_logit","tcga-kipan"
"TCGA.B0.5098",0,0,"demo_logit","tcga-kipan"
"TCGA.B0.5099",1,1,"demo_logit","tcga-kipan"
"TCGA.B0.5106",0,0,"demo_logit","tcga-kipan"
"TCGA.B0.5115",1,1,"demo_logit","tcga-kipan"
"TCGA.B0.5117",0,1,"demo_logit","tcga-kipan"
"TCGA.B0.5120",0,0,"demo_logit","tcga-kipan"
"TCGA.B0.5121",0,1,"demo_logit","tcga-kipan"
"TCGA.B2.4101",0,1,"demo_logit","tcga-kipan"
"TCGA.B8.4622",1,1,"demo_logit","tcga-kipan"
"TCGA.B8.5158",1,0,"demo_logit","tcga-kipan"
"TCGA.B8.5164",1,0,"demo_logit","tcga-kipan"
"TCGA.BP.5170",0,0.004,"demo_logit","tcga-kipan"
"TCGA.BP.5174",0,0,"demo_logit","tcga-kipan"
"TCGA.BP.5175",0,1,"demo_logit","tcga-kipan"
"TCGA.BP.5180",0,0,"demo_logit","tcga-kipan"
"TCGA.BP.5182",0,1,"demo_logit","tcga-kipan"
"TCGA.BP.5183",1,1,"demo_logit","tcga-kipan"
"TCGA.BP.5184",0,1,"demo_logit","tcga-kipan"
"TCGA.BP.5187",0,0,"demo_logit","tcga-kipan"
"TCGA.BP.5194",0,0,"demo_logit","tcga-kipan"
"TCGA.BP.5202",1,1,"demo_logit","tcga-kipan"
"TCGA.CJ.4869",1,0.005,"demo_logit","tcga-kipan"
"TCGA.CJ.4897",1,0,"demo_logit","tcga-kipan"
"TCGA.CJ.4903",0,0,"demo_logit","tcga-kipan"
"TCGA.CJ.4907",1,1,"demo_logit","tcga-kipan"
"TCGA.CJ.4912",0,1,"demo_logit","tcga-kipan"
"TCGA.CJ.4916",1,0,"demo_logit","tcga-kipan"
"TCGA.CZ.4859",0,0,"demo_logit","tcga-kipan"
"TCGA.DJ.A2PR",0,1,"demo_logit","tcga-thca"
"TCGA.EL.A3CR",1,1,"demo_logit","tcga-thca"
"TCGA.EL.A3D5",0,1,"demo_logit","tcga-thca"
"TCGA.EL.A3H2",0,0,"demo_logit","tcga-thca"
"TCGA.EL.A3H8",0,1,"demo_logit","tcga-thca"
"TCGA.EL.A3MY",1,0,"demo_logit","tcga-thca"
"TCGA.EL.A3N3",0,0,"demo_logit","tcga-thca"
"TCGA.ET.A3BV",1,0,"demo_logit","tcga-thca"
"TCGA.J8.A3NZ",1,1,"demo_logit","tcga-thca"
"TCGA.BJ.A0YZ",0,1,"demo_logit","tcga-thca"
"TCGA.BJ.A0Z0",0,1,"demo_logit","tcga-thca"
"TCGA.BJ.A0Z2",1,1,"demo_logit","tcga-thca"
"TCGA.BJ.A0Z5",1,0,"demo_logit","tcga-thca"
"TCGA.BJ.A0ZE",1,1,"demo_logit","tcga-thca"
"TCGA.BJ.A18Y",0,0,"demo_logit","tcga-thca"
"TCGA.BJ.A18Z",1,1,"demo_logit","tcga-thca"
"TCGA.BJ.A190",0,1,"demo_logit","tcga-thca"
"TCGA.BJ.A191",0,1,"demo_logit","tcga-thca"
"TCGA.BJ.A192",1,0,"demo_logit","tcga-thca"
"TCGA.BJ.A28R",0,0.957,"demo_logit","tcga-thca"
"TCGA.BJ.A28S",0,0,"demo_logit","tcga-thca"
"TCGA.BJ.A28T",0,0,"demo_logit","tcga-thca"
"TCGA.BJ.A28V",1,0,"demo_logit","tcga-thca"
"TCGA.BJ.A28W",0,0,"demo_logit","tcga-thca"
"TCGA.BJ.A28Z",1,0,"demo_logit","tcga-thca"
"TCGA.BJ.A2N7",0,1,"demo_logit","tcga-thca"
"TCGA.BJ.A2N9",0,0.998,"demo_logit","tcga-thca"
"TCGA.BJ.A2NA",1,1,"demo_logit","tcga-thca"
"TCGA.BJ.A2P4",0,1,"demo_logit","tcga-thca"
"TCGA.CE.A27D",0,1,"demo_logit","tcga-thca"
"TCGA.DE.A2OL",0,1,"demo_logit","tcga-thca"
"TCGA.DJ.A13M",0,1,"demo_logit","tcga-thca"
"TCGA.DJ.A13O",0,1,"demo_logit","tcga-thca"
"TCGA.DJ.A13W",0,0,"demo_logit","tcga-thca"
"TCGA.DJ.A13X",1,0,"demo_logit","tcga-thca"
"TCGA.DJ.A1QD",0,0,"demo_logit","tcga-thca"
"TCGA.DJ.A1QE",1,1,"demo_logit","tcga-thca"
"TCGA.DJ.A1QG",0,1,"demo_logit","tcga-thca"
"TCGA.DJ.A1QL",0,1,"demo_logit","tcga-thca"
"TCGA.DJ.A1QO",1,0,"demo_logit","tcga-thca"
"TCGA.DJ.A2PP",0,0,"demo_logit","tcga-thca"
"TCGA.DJ.A2PQ",0,1,"demo_logit","tcga-thca"
"TCGA.DJ.A2PW",1,0,"demo_logit","tcga-thca"
"TCGA.DJ.A2PY",1,0,"demo_logit","tcga-thca"
"TCGA.DJ.A2PZ",1,1,"demo_logit","tcga-thca"
"TCGA.DJ.A2Q0",0,0,"demo_logit","tcga-thca"
"TCGA.DJ.A2Q1",0,0,"demo_logit","tcga-thca"
"TCGA.DJ.A2Q6",0,0,"demo_logit","tcga-thca"
"TCGA.DJ.A2Q9",1,1,"demo_logit","tcga-thca"
"TCGA.DJ.A2QB",1,1,"demo_logit","tcga-thca"
"TCGA.E8.A2EA",0,1,"demo_logit","tcga-thca"
"TCGA.E8.A2JQ",0,0,"demo_logit","tcga-thca"
"TCGA.EL.A3CM",1,0,"demo_logit","tcga-thca"
"TCGA.EL.A3CV",0,0,"demo_logit","tcga-thca"
"TCGA.EL.A3CX",0,0,"demo_logit","tcga-thca"
"TCGA.EL.A3D6",1,0,"demo_logit","tcga-thca"
"TCGA.EL.A3GO",0,1,"demo_logit","tcga-thca"
"TCGA.EL.A3GR",0,0,"demo_logit","tcga-thca"
"TCGA.EL.A3GS",0,1,"demo_logit","tcga-thca"
"TCGA.EL.A3GV",1,1,"demo_logit","tcga-thca"
"TCGA.EL.A3GW",0,1,"demo_logit","tcga-thca"
"TCGA.EL.A3GX",0,1,"demo_logit","tcga-thca"
"TCGA.EL.A3H3",0,0,"demo_logit","tcga-thca"
"TCGA.EL.A3H4",1,0,"demo_logit","tcga-thca"
"TCGA.EL.A3H7",0,0,"demo_logit","tcga-thca"
"TCGA.EM.A1CT",1,1,"demo_logit","tcga-thca"
"TCGA.EM.A1CU",0,1,"demo_logit","tcga-thca"
"TCGA.EM.A1CW",0,1,"demo_logit","tcga-thca"
"TCGA.EM.A1YB",0,1,"demo_logit","tcga-thca"
"TCGA.EM.A1YE",0,1,"demo_logit","tcga-thca"
"TCGA.EM.A22J",0,0,"demo_logit","tcga-thca"
"TCGA.EM.A22M",0,0,"demo_logit","tcga-thca"
"TCGA.EM.A22O",1,1,"demo_logit","tcga-thca"
"TCGA.EM.A2CJ",0,1,"demo_logit","tcga-thca"
"TCGA.EM.A2CK",0,0,"demo_logit","tcga-thca"
"TCGA.EM.A2CL",0,1,"demo_logit","tcga-thca"
"TCGA.EM.A2CP",0,0,"demo_logit","tcga-thca"
"TCGA.EM.A2CQ",0,0,"demo_logit","tcga-thca"
"TCGA.EM.A2CR",0,1,"demo_logit","tcga-thca"
"TCGA.EM.A2CS",1,0,"demo_logit","tcga-thca"
"TCGA.EM.A2CU",1,0,"demo_logit","tcga-thca"
"TCGA.EM.A3AI",0,1,"demo_logit","tcga-thca"
"TCGA.EM.A3AN",0,1,"demo_logit","tcga-thca"
"TCGA.EM.A3FJ",0,1,"demo_logit","tcga-thca"
"TCGA.EM.A3FN",0,0,"demo_logit","tcga-thca"
"TCGA.EM.A3FO",0,0,"demo_logit","tcga-thca"
"TCGA.ET.A25G",1,0.009,"demo_logit","tcga-thca"
"TCGA.ET.A2N5",1,0,"demo_logit","tcga-thca"
"TCGA.ET.A39J",0,0,"demo_logit","tcga-thca"
"TCGA.ET.A39L",0,0,"demo_logit","tcga-thca"
"TCGA.ET.A39M",0,0,"demo_logit","tcga-thca"
"TCGA.ET.A39P",1,1,"demo_logit","tcga-thca"
"TCGA.ET.A39R",0,0,"demo_logit","tcga-thca"
"TCGA.ET.A3BS",0,0,"demo_logit","tcga-thca"
"TCGA.ET.A3BT",1,1,"demo_logit","tcga-thca"
"TCGA.ET.A3BU",0,0,"demo_logit","tcga-thca"
"TCGA.ET.A3BX",0,1,"demo_logit","tcga-thca"
"TCGA.ET.A3DS",0,0,"demo_logit","tcga-thca"
"TCGA.ET.A3DW",1,1,"demo_logit","tcga-thca"
"TCGA.FE.A22Z",1,0,"demo_logit","tcga-thca"
"TCGA.FE.A230",0,1,"demo_logit","tcga-thca"
"TCGA.FE.A232",0,1,"demo_logit","tcga-thca"
"TCGA.FE.A233",0,1,"demo_logit","tcga-thca"
"TCGA.FE.A237",0,1,"demo_logit","tcga-thca"
"TCGA.FE.A23A",0,1,"demo_logit","tcga-thca"
"TCGA.FY.A3BL",0,0,"demo_logit","tcga-thca"
"TCGA.GE.A2C6",0,1,"demo_logit","tcga-thca"
"TCGA.J8.A3O1",0,1,"demo_logit","tcga-thca"
"subject4",1,1,"demo_logit","sim-data_n-500_effect-2_sigma-def_corr-0"
"subject14",0,0,"demo_logit","sim-data_n-500_effect-2_sigma-def_corr-0"
"subject16",1,1,"demo_logit","sim-data_n-500_effect-2_sigma-def_corr-0"
"subject18",1,1,"demo_logit","sim-data_n-500_effect-2_sigma-def_corr-0"
"subject20",0,0,"demo_logit","sim-data_n-500_effect-2_sigma-def_corr-0"
"subject22",1,1,"demo_logit","sim-data_n-500_effect-2_sigma-def_corr-0"
"subject23",0,0,"demo_logit","sim-data_n-500_effect-2_sigma-def_corr-0"
"subject25",1,1,"demo_logit","sim-data_n-500_effect-2_sigma-def_corr-0"
"subject30",0,0,"demo_logit","sim-data_n-500_effect-2_sigma-def_corr-0"
"subject36",1,1,"demo_logit","sim-data_n-500_effect-2_sigma-def_corr-0"
"subject55",0,0,"demo_logit","sim-data_n-500_effect-2_sigma-def_corr-0"
"subject58",1,1,"demo_logit","sim-data_n-500_effect-2_sigma-def_corr-0"
"subject60",0,0,"demo_logit","sim-data_n-500_effect-2_sigma-def_corr-0"
"subject65",0,0,"demo_logit","sim-data_n-500_effect-2_sigma-def_corr-0"
"subject67",1,1,"demo_logit","sim-data_n-500_effect-2_sigma-def_corr-0"
"subject68",1,1,"demo_logit","sim-data_n-500_effect-2_sigma-def_corr-0"
"subject72",1,1,"demo_logit","sim-data_n-500_effect-2_sigma-def_corr-0"
"subject73",0,0,"demo_logit","sim-data_n-500_effect-2_sigma-def_corr-0"
"subject74",1,1,"demo_logit","sim-data_n-500_effect-2_sigma-def_corr-0"
"subject75",0,0,"demo_logit","sim-data_n-500_effect-2_sigma-def_corr-0"
"subject76",0,0,"demo_logit","sim-data_n-500_effect-2_sigma-def_corr-0"
"subject80",1,1,"demo_logit","sim-data_n-500_effect-2_sigma-def_corr-0"
"subject81",1,1,"demo_logit","sim-data_n-500_effect-2_sigma-def_corr-0"
"subject82",1,1,"demo_logit","sim-data_n-500_effect-2_sigma-def_corr-0"
"subject84",0,0,"demo_logit","sim-data_n-500_effect-2_sigma-def_corr-0"
"subject92",1,1,"demo_logit","sim-data_n-500_effect-2_sigma-def_corr-0"
"subject95",1,1,"demo_logit","sim-data_n-500_effect-2_sigma-def_corr-0"
"subject102",0,0,"demo_logit","sim-data_n-500_effect-2_sigma-def_corr-0"
"subject103",1,1,"demo_logit","sim-data_n-500_effect-2_sigma-def_corr-0"
"subject106",1,1,"demo_logit","sim-data_n-500_effect-2_sigma-def_corr-0"
"subject111",0,0,"demo_logit","sim-data_n-500_effect-2_sigma-def_corr-0"
"subject112",0,0,"demo_logit","sim-data_n-500_effect-2_sigma-def_corr-0"
"subject113",0,0,"demo_logit","sim-data_n-500_effect-2_sigma-def_corr-0"
"subject123",1,1,"demo_logit","sim-data_n-500_effect-2_sigma-def_corr-0"
"subject129",1,1,"demo_logit","sim-data_n-500_effect-2_sigma-def_corr-0"
"subject134",1,1,"demo_logit","sim-data_n-500_effect-2_sigma-def_corr-0"
"subject137",0,0,"demo_logit","sim-data_n-500_effect-2_sigma-def_corr-0"
"subject140",1,1,"demo_logit","sim-data_n-500_effect-2_sigma-def_corr-0"
"subject141",0,0,"demo_logit","sim-data_n-500_effect-2_sigma-def_corr-0"
"subject142",0,0,"demo_logit","sim-data_n-500_effect-2_sigma-def_corr-0"
"subject147",0,0,"demo_logit","sim-data_n-500_effect-2_sigma-def_corr-0"
"subject156",1,1,"demo_logit","sim-data_n-500_effect-2_sigma-def_corr-0"
"subject157",0,0,"demo_logit","sim-data_n-500_effect-2_sigma-def_corr-0"
"subject160",1,1,"demo_logit","sim-data_n-500_effect-2_sigma-def_corr-0"
"subject163",1,1,"demo_logit","sim-data_n-500_effect-2_sigma-def_corr-0"
"subject166",0,0,"demo_logit","sim-data_n-500_effect-2_sigma-def_corr-0"
"subject168",1,1,"demo_logit","sim-data_n-500_effect-2_sigma-def_corr-0"
"subject170",0,0,"demo_logit","sim-data_n-500_effect-2_sigma-def_corr-0"
"subject175",0,0,"demo_logit","sim-data_n-500_effect-2_sigma-def_corr-0"
"subject176",1,1,"demo_logit","sim-data_n-500_effect-2_sigma-def_corr-0"
"subject178",0,0,"demo_logit","sim-data_n-500_effect-2_sigma-def_corr-0"
"subject180",1,1,"demo_logit","sim-data_n-500_effect-2_sigma-def_corr-0"
"subject186",0,0,"demo_logit","sim-data_n-500_effect-2_sigma-def_corr-0"
"subject187",1,1,"demo_logit","sim-data_n-500_effect-2_sigma-def_corr-0"
"subject193",0,0,"demo_logit","sim-data_n-500_effect-2_sigma-def_corr-0"
"subject194",1,1,"demo_logit","sim-data_n-500_effect-2_sigma-def_corr-0"
"subject198",1,1,"demo_logit","sim-data_n-500_effect-2_sigma-def_corr-0"
"subject202",0,0,"demo_logit","sim-data_n-500_effect-2_sigma-def_corr-0"
"subject208",0,0,"demo_logit","sim-data_n-500_effect-2_sigma-def_corr-0"
"subject209",1,1,"demo_logit","sim-data_n-500_effect-2_sigma-def_corr-0"
"subject210",0,0,"demo_logit","sim-data_n-500_effect-2_sigma-def_corr-0"
"subject211",1,1,"demo_logit","sim-data_n-500_effect-2_sigma-def_corr-0"
"subject216",1,1,"demo_logit","sim-data_n-500_effect-2_sigma-def_corr-0"
"subject220",1,1,"demo_logit","sim-data_n-500_effect-2_sigma-def_corr-0"
"subject221",0,0,"demo_logit","sim-data_n-500_effect-2_sigma-def_corr-0"
"subject227",0,0,"demo_logit","sim-data_n-500_effect-2_sigma-def_corr-0"
"subject229",0,0,"demo_logit","sim-data_n-500_effect-2_sigma-def_corr-0"
"subject231",0,0,"demo_logit","sim-data_n-500_effect-2_sigma-def_corr-0"
"subject235",0,0,"demo_logit","sim-data_n-500_effect-2_sigma-def_corr-0"
"subject237",0,0,"demo_logit","sim-data_n-500_effect-2_sigma-def_corr-0"
"subject238",0,0,"demo_logit","sim-data_n-500_effect-2_sigma-def_corr-0"
"subject239",1,1,"demo_logit","sim-data_n-500_effect-2_sigma-def_corr-0"
"subject245",1,1,"demo_logit","sim-data_n-500_effect-2_sigma-def_corr-0"
"subject246",1,1,"demo_logit","sim-data_n-500_effect-2_sigma-def_corr-0"
"subject247",1,1,"demo_logit","sim-data_n-500_effect-2_sigma-def_corr-0"
"subject251",0,0,"demo_logit","sim-data_n-500_effect-2_sigma-def_corr-0"
"subject253",1,1,"demo_logit","sim-data_n-500_effect-2_sigma-def_corr-0"
"subject259",0,0,"demo_logit","sim-data_n-500_effect-2_sigma-def_corr-0"
"subject260",0,0,"demo_logit","sim-data_n-500_effect-2_sigma-def_corr-0"
"subject266",1,1,"demo_logit","sim-data_n-500_effect-2_sigma-def_corr-0"
"subject267",1,1,"demo_logit","sim-data_n-500_effect-2_sigma-def_corr-0"
"subject270",0,0,"demo_logit","sim-data_n-500_effect-2_sigma-def_corr-0"
"subject276",1,1,"demo_logit","sim-data_n-500_effect-2_sigma-def_corr-0"
"subject280",1,1,"demo_logit","sim-data_n-500_effect-2_sigma-def_corr-0"
"subject285",0,0,"demo_logit","sim-data_n-500_effect-2_sigma-def_corr-0"
"subject286",0,0,"demo_logit","sim-data_n-500_effect-2_sigma-def_corr-0"
"subject302",1,1,"demo_logit","sim-data_n-500_effect-2_sigma-def_corr-0"
"subject304",0,0,"demo_logit","sim-data_n-500_effect-2_sigma-def_corr-0"
"subject305",0,0,"demo_logit","sim-data_n-500_effect-2_sigma-def_corr-0"
"subject307",1,1,"demo_logit","sim-data_n-500_effect-2_sigma-def_corr-0"
"subject318",1,1,"demo_logit","sim-data_n-500_effect-2_sigma-def_corr-0"
"subject319",0,0,"demo_logit","sim-data_n-500_effect-2_sigma-def_corr-0"
"subject330",1,1,"demo_logit","sim-data_n-500_effect-2_sigma-def_corr-0"
"subject331",1,1,"demo_logit","sim-data_n-500_effect-2_sigma-def_corr-0"
"subject332",1,1,"demo_logit","sim-data_n-500_effect-2_sigma-def_corr-0"
"subject333",0,0,"demo_logit","sim-data_n-500_effect-2_sigma-def_corr-0"
"subject337",1,1,"demo_logit","sim-data_n-500_effect-2_sigma-def_corr-0"
"subject339",0,0,"demo_logit","sim-data_n-500_effect-2_sigma-def_corr-0"
"subject340",0,0,"demo_logit","sim-data_n-500_effect-2_sigma-def_corr-0"
"subject344",0,0,"demo_logit","sim-data_n-500_effect-2_sigma-def_corr-0"
"subject346",0,0,"demo_logit","sim-data_n-500_effect-2_sigma-def_corr-0"
"subject348",1,1,"demo_logit","sim-data_n-500_effect-2_sigma-def_corr-0"
"subject356",0,0,"demo_logit","sim-data_n-500_effect-2_sigma-def_corr-0"
"subject359",1,1,"demo_logit","sim-data_n-500_effect-2_sigma-def_corr-0"
"subject360",1,1,"demo_logit","sim-data_n-500_effect-2_sigma-def_corr-0"
"subject362",0,0,"demo_logit","sim-data_n-500_effect-2_sigma-def_corr-0"
"subject363",1,1,"demo_logit","sim-data_n-500_effect-2_sigma-def_corr-0"
"subject368",1,1,"demo_logit","sim-data_n-500_effect-2_sigma-def_corr-0"
"subject376",0,0,"demo_logit","sim-data_n-500_effect-2_sigma-def_corr-0"
"subject378",0,0,"demo_logit","sim-data_n-500_effect-2_sigma-def_corr-0"
"subject381",1,1,"demo_logit","sim-data_n-500_effect-2_sigma-def_corr-0"
"subject383",0,0,"demo_logit","sim-data_n-500_effect-2_sigma-def_corr-0"
"subject384",1,1,"demo_logit","sim-data_n-500_effect-2_sigma-def_corr-0"
"subject385",1,1,"demo_logit","sim-data_n-500_effect-2_sigma-def_corr-0"
"subject386",0,0,"demo_logit","sim-data_n-500_effect-2_sigma-def_corr-0"
"subject390",1,1,"demo_logit","sim-data_n-500_effect-2_sigma-def_corr-0"
"subject396",1,1,"demo_logit","sim-data_n-500_effect-2_sigma-def_corr-0"
"subject398",0,0,"demo_logit","sim-data_n-500_effect-2_sigma-def_corr-0"
"subject405",1,1,"demo_logit","sim-data_n-500_effect-2_sigma-def_corr-0"
"subject406",0,0,"demo_logit","sim-data_n-500_effect-2_sigma-def_corr-0"
"subject407",1,1,"demo_logit","sim-data_n-500_effect-2_sigma-def_corr-0"
"subject413",0,0,"demo_logit","sim-data_n-500_effect-2_sigma-def_corr-0"
"subject414",0,0,"demo_logit","sim-data_n-500_effect-2_sigma-def_corr-0"
"subject426",0,0,"demo_logit","sim-data_n-500_effect-2_sigma-def_corr-0"
"subject429",0,0,"demo_logit","sim-data_n-500_effect-2_sigma-def_corr-0"
"subject435",1,1,"demo_logit","sim-data_n-500_effect-2_sigma-def_corr-0"
"subject442",0,0,"demo_logit","sim-data_n-500_effect-2_sigma-def_corr-0"
"subject445",1,1,"demo_logit","sim-data_n-500_effect-2_sigma-def_corr-0"
"subject446",0,0,"demo_logit","sim-data_n-500_effect-2_sigma-def_corr-0"
"subject447",1,1,"demo_logit","sim-data_n-500_effect-2_sigma-def_corr-0"
"subject449",1,1,"demo_logit","sim-data_n-500_effect-2_sigma-def_corr-0"
"subject450",0,0,"demo_logit","sim-data_n-500_effect-2_sigma-def_corr-0"
"subject452",1,1,"demo_logit","sim-data_n-500_effect-2_sigma-def_corr-0"
"subject457",1,1,"demo_logit","sim-data_n-500_effect-2_sigma-def_corr-0"
"subject460",1,1,"demo_logit","sim-data_n-500_effect-2_sigma-def_corr-0"
"subject463",1,1,"demo_logit","sim-data_n-500_effect-2_sigma-def_corr-0"
"subject464",1,1,"demo_logit","sim-data_n-500_effect-2_sigma-def_corr-0"
"subject468",0,0,"demo_logit","sim-data_n-500_effect-2_sigma-def_corr-0"
"subject469",0,0,"demo_logit","sim-data_n-500_effect-2_sigma-def_corr-0"
"subject470",1,1,"demo_logit","sim-data_n-500_effect-2_sigma-def_corr-0"
"subject471",1,1,"demo_logit","sim-data_n-500_effect-2_sigma-def_corr-0"
"subject473",1,1,"demo_logit","sim-data_n-500_effect-2_sigma-def_corr-0"
"subject474",0,0,"demo_logit","sim-data_n-500_effect-2_sigma-def_corr-0"
"subject479",0,0,"demo_logit","sim-data_n-500_effect-2_sigma-def_corr-0"
"subject482",0,0,"demo_logit","sim-data_n-500_effect-2_sigma-def_corr-0"
"subject484",0,0,"demo_logit","sim-data_n-500_effect-2_sigma-def_corr-0"
"subject487",1,1,"demo_logit","sim-data_n-500_effect-2_sigma-def_corr-0"
"subject493",1,1,"demo_logit","sim-data_n-500_effect-2_sigma-def_corr-0"
"subject494",1,1,"demo_logit","sim-data_n-500_effect-2_sigma-def_corr-0"
"subject499",0,0,"demo_logit","sim-data_n-500_effect-2_sigma-def_corr-0"
"TCGA.BJ.A290",1,0,"demo_logit","tcga-thca"
"TCGA.BJ.A291",0,0,"demo_logit","tcga-thca"
"TCGA.CE.A13K",0,0,"demo_logit","tcga-thca"
"TCGA.E3.A3E5",1,1,"demo_logit","tcga-thca"
"TCGA.EL.A3CS",1,0.009,"demo_logit","tcga-thca"
"TCGA.EL.A3CY",0,1,"demo_logit","tcga-thca"
"TCGA.EL.A3D0",1,1,"demo_logit","tcga-thca"
"TCGA.EL.A3GQ",0,0,"demo_logit","tcga-thca"
"TCGA.BJ.A0Z3",0,0,"demo_logit","tcga-thca"
"TCGA.BJ.A0Z9",1,0,"demo_logit","tcga-thca"
"TCGA.BJ.A0ZA",0,0,"demo_logit","tcga-thca"
"TCGA.BJ.A0ZB",1,1,"demo_logit","tcga-thca"
"TCGA.BJ.A0ZC",0,1,"demo_logit","tcga-thca"
"TCGA.BJ.A0ZG",0,1,"demo_logit","tcga-thca"
"TCGA.BJ.A0ZJ",0,0,"demo_logit","tcga-thca"
"TCGA.BJ.A3EZ",1,0.009,"demo_logit","tcga-thca"
"TCGA.BJ.A3F0",0,1,"demo_logit","tcga-thca"
"TCGA.CE.A3MD",0,0,"demo_logit","tcga-thca"
"TCGA.CE.A3ME",0,0,"demo_logit","tcga-thca"
"TCGA.DE.A0Y2",0,1,"demo_logit","tcga-thca"
"TCGA.DE.A3KN",1,0,"demo_logit","tcga-thca"
"TCGA.DJ.A13R",1,1,"demo_logit","tcga-thca"
"TCGA.DJ.A13S",0,1,"demo_logit","tcga-thca"
"TCGA.DJ.A1QF",0,1,"demo_logit","tcga-thca"
"TCGA.DJ.A1QI",0,1,"demo_logit","tcga-thca"
"TCGA.DJ.A1QM",0,1,"demo_logit","tcga-thca"
"TCGA.DJ.A1QN",0,0,"demo_logit","tcga-thca"
"TCGA.DJ.A2PN",0,1,"demo_logit","tcga-thca"
"TCGA.DJ.A2PO",0,0,"demo_logit","tcga-thca"
"TCGA.DJ.A2PS",0,0,"demo_logit","tcga-thca"
"TCGA.DJ.A2PU",0,0,"demo_logit","tcga-thca"
"TCGA.DJ.A2PV",0,1,"demo_logit","tcga-thca"
"TCGA.DJ.A2Q2",1,0,"demo_logit","tcga-thca"
"TCGA.DJ.A2Q4",1,0,"demo_logit","tcga-thca"
"TCGA.DJ.A2Q5",1,0,"demo_logit","tcga-thca"
"TCGA.DJ.A2Q7",1,0,"demo_logit","tcga-thca"
"TCGA.DJ.A2QA",1,0,"demo_logit","tcga-thca"
"TCGA.DJ.A2QC",0,0,"demo_logit","tcga-thca"
"TCGA.DO.A1JZ",0,1,"demo_logit","tcga-thca"
"TCGA.DO.A1K0",0,1,"demo_logit","tcga-thca"
"TCGA.E3.A3DY",0,1,"demo_logit","tcga-thca"
"TCGA.E3.A3DZ",1,1,"demo_logit","tcga-thca"
"TCGA.E3.A3E0",0,1,"demo_logit","tcga-thca"
"TCGA.E3.A3E1",0,0,"demo_logit","tcga-thca"
"TCGA.E3.A3E3",0,0,"demo_logit","tcga-thca"
"TCGA.EL.A3CL",0,0,"demo_logit","tcga-thca"
"TCGA.EL.A3CN",0,1,"demo_logit","tcga-thca"
"TCGA.EL.A3CO",1,1,"demo_logit","tcga-thca"
"TCGA.EL.A3CT",1,0,"demo_logit","tcga-thca"
"TCGA.EL.A3CU",1,1,"demo_logit","tcga-thca"
"TCGA.EL.A3CW",1,1,"demo_logit","tcga-thca"
"TCGA.EL.A3CZ",0,1,"demo_logit","tcga-thca"
"TCGA.EL.A3D1",0,0,"demo_logit","tcga-thca"
"TCGA.EL.A3D4",1,0,"demo_logit","tcga-thca"
"TCGA.EL.A3GP",1,0,"demo_logit","tcga-thca"
"TCGA.EL.A3GU",1,1,"demo_logit","tcga-thca"
"TCGA.EL.A3GY",0,0,"demo_logit","tcga-thca"
"TCGA.EL.A3GZ",0,0,"demo_logit","tcga-thca"
"TCGA.EL.A3H1",0,0,"demo_logit","tcga-thca"
"TCGA.EL.A3H5",1,1,"demo_logit","tcga-thca"
"TCGA.EL.A3MW",0,0,"demo_logit","tcga-thca"
"TCGA.EL.A3MX",1,1,"demo_logit","tcga-thca"
"TCGA.EL.A3MZ",1,1,"demo_logit","tcga-thca"
"TCGA.EL.A3N2",0,1,"demo_logit","tcga-thca"
"TCGA.EM.A1CV",0,1,"demo_logit","tcga-thca"
"TCGA.EM.A1YA",0,0,"demo_logit","tcga-thca"
"TCGA.EM.A1YC",1,0,"demo_logit","tcga-thca"
"TCGA.EM.A1YD",0,0,"demo_logit","tcga-thca"
"TCGA.EM.A22I",1,0.83,"demo_logit","tcga-thca"
"TCGA.EM.A22L",0,0,"demo_logit","tcga-thca"
"TCGA.EM.A22Q",0,0,"demo_logit","tcga-thca"
"TCGA.EM.A2CN",1,1,"demo_logit","tcga-thca"
"TCGA.EM.A2CO",0,0,"demo_logit","tcga-thca"
"TCGA.EM.A2OV",0,0,"demo_logit","tcga-thca"
"TCGA.EM.A2OY",0,1,"demo_logit","tcga-thca"
"TCGA.EM.A2P1",0,0,"demo_logit","tcga-thca"
"TCGA.EM.A3AJ",0,0,"demo_logit","tcga-thca"
"TCGA.EM.A3AL",0,0,"demo_logit","tcga-thca"
"TCGA.EM.A3AO",1,0,"demo_logit","tcga-thca"
"TCGA.EM.A3AP",0,0,"demo_logit","tcga-thca"
"TCGA.EM.A3FL",0,0,"demo_logit","tcga-thca"
"TCGA.EM.A3FP",0,1,"demo_logit","tcga-thca"
"TCGA.ET.A25L",1,1,"demo_logit","tcga-thca"
"TCGA.ET.A25M",0,1,"demo_logit","tcga-thca"
"TCGA.ET.A25O",0,0,"demo_logit","tcga-thca"
"TCGA.ET.A2MY",0,1,"demo_logit","tcga-thca"
"TCGA.ET.A2MZ",0,0,"demo_logit","tcga-thca"
"TCGA.ET.A2N0",1,0,"demo_logit","tcga-thca"
"TCGA.ET.A2N4",1,0,"demo_logit","tcga-thca"
"TCGA.ET.A39I",0,1,"demo_logit","tcga-thca"
"TCGA.ET.A39N",0,0,"demo_logit","tcga-thca"
"TCGA.ET.A39T",1,1,"demo_logit","tcga-thca"
"TCGA.ET.A3BN",0,1,"demo_logit","tcga-thca"
"TCGA.ET.A3BP",0,1,"demo_logit","tcga-thca"
"TCGA.ET.A3BW",0,0,"demo_logit","tcga-thca"
"TCGA.ET.A3DO",0,1,"demo_logit","tcga-thca"
"TCGA.ET.A3DP",0,1,"demo_logit","tcga-thca"
"TCGA.ET.A3DT",0,0,"demo_logit","tcga-thca"
"TCGA.ET.A3DV",0,0,"demo_logit","tcga-thca"
"TCGA.FE.A231",1,1,"demo_logit","tcga-thca"
"TCGA.FE.A234",0,0,"demo_logit","tcga-thca"
"TCGA.FE.A235",0,0,"demo_logit","tcga-thca"
"TCGA.FE.A236",0,1,"demo_logit","tcga-thca"
"TCGA.FE.A239",1,1,"demo_logit","tcga-thca"
"TCGA.FY.A3ON",0,0,"demo_logit","tcga-thca"
"TCGA.H2.A2K9",0,1,"demo_logit","tcga-thca"
"TCGA.IM.A3EB",0,0,"demo_logit","tcga-thca"
"TCGA.IM.A3ED",0,0,"demo_logit","tcga-thca"
"TCGA.J8.A3O0",0,0,"demo_logit","tcga-thca"
"subject4",1,1,"demo_logit","sim-data_n-500_effect-2_sigma-indep_corr-0"
"subject12",0,0,"demo_logit","sim-data_n-500_effect-2_sigma-indep_corr-0"
"subject13",0,0,"demo_logit","sim-data_n-500_effect-2_sigma-indep_corr-0"
"subject14",0,0,"demo_logit","sim-data_n-500_effect-2_sigma-indep_corr-0"
"subject18",0,0,"demo_logit","sim-data_n-500_effect-2_sigma-indep_corr-0"
"subject23",1,1,"demo_logit","sim-data_n-500_effect-2_sigma-indep_corr-0"
"subject24",1,1,"demo_logit","sim-data_n-500_effect-2_sigma-indep_corr-0"
"subject25",0,0,"demo_logit","sim-data_n-500_effect-2_sigma-indep_corr-0"
"subject29",0,0,"demo_logit","sim-data_n-500_effect-2_sigma-indep_corr-0"
"subject30",1,1,"demo_logit","sim-data_n-500_effect-2_sigma-indep_corr-0"
"subject41",0,0,"demo_logit","sim-data_n-500_effect-2_sigma-indep_corr-0"
"subject45",0,0,"demo_logit","sim-data_n-500_effect-2_sigma-indep_corr-0"
"subject46",0,0,"demo_logit","sim-data_n-500_effect-2_sigma-indep_corr-0"
"subject49",0,0,"demo_logit","sim-data_n-500_effect-2_sigma-indep_corr-0"
"subject53",1,1,"demo_logit","sim-data_n-500_effect-2_sigma-indep_corr-0"
"subject54",1,1,"demo_logit","sim-data_n-500_effect-2_sigma-indep_corr-0"
"subject56",1,1,"demo_logit","sim-data_n-500_effect-2_sigma-indep_corr-0"
"subject59",0,0,"demo_logit","sim-data_n-500_effect-2_sigma-indep_corr-0"
"subject62",0,0,"demo_logit","sim-data_n-500_effect-2_sigma-indep_corr-0"
"subject66",1,1,"demo_logit","sim-data_n-500_effect-2_sigma-indep_corr-0"
"subject67",1,1,"demo_logit","sim-data_n-500_effect-2_sigma-indep_corr-0"
"subject70",1,1,"demo_logit","sim-data_n-500_effect-2_sigma-indep_corr-0"
"subject72",1,1,"demo_logit","sim-data_n-500_effect-2_sigma-indep_corr-0"
"subject75",0,0,"demo_logit","sim-data_n-500_effect-2_sigma-indep_corr-0"
"subject77",0,0,"demo_logit","sim-data_n-500_effect-2_sigma-indep_corr-0"
"subject84",1,1,"demo_logit","sim-data_n-500_effect-2_sigma-indep_corr-0"
"subject86",0,0,"demo_logit","sim-data_n-500_effect-2_sigma-indep_corr-0"
"subject92",1,1,"demo_logit","sim-data_n-500_effect-2_sigma-indep_corr-0"
"subject93",1,1,"demo_logit","sim-data_n-500_effect-2_sigma-indep_corr-0"
"subject98",1,1,"demo_logit","sim-data_n-500_effect-2_sigma-indep_corr-0"
"subject103",0,0,"demo_logit","sim-data_n-500_effect-2_sigma-indep_corr-0"
"subject105",1,1,"demo_logit","sim-data_n-500_effect-2_sigma-indep_corr-0"
"subject106",1,1,"demo_logit","sim-data_n-500_effect-2_sigma-indep_corr-0"
"subject119",1,1,"demo_logit","sim-data_n-500_effect-2_sigma-indep_corr-0"
"subject123",1,1,"demo_logit","sim-data_n-500_effect-2_sigma-indep_corr-0"
"subject130",0,0,"demo_logit","sim-data_n-500_effect-2_sigma-indep_corr-0"
"subject134",1,1,"demo_logit","sim-data_n-500_effect-2_sigma-indep_corr-0"
"subject137",0,0,"demo_logit","sim-data_n-500_effect-2_sigma-indep_corr-0"
"subject138",1,1,"demo_logit","sim-data_n-500_effect-2_sigma-indep_corr-0"
"subject140",1,1,"demo_logit","sim-data_n-500_effect-2_sigma-indep_corr-0"
"subject148",0,0,"demo_logit","sim-data_n-500_effect-2_sigma-indep_corr-0"
"subject162",0,0,"demo_logit","sim-data_n-500_effect-2_sigma-indep_corr-0"
"subject163",1,1,"demo_logit","sim-data_n-500_effect-2_sigma-indep_corr-0"
"subject166",1,1,"demo_logit","sim-data_n-500_effect-2_sigma-indep_corr-0"
"subject168",0,0,"demo_logit","sim-data_n-500_effect-2_sigma-indep_corr-0"
"subject173",0,0,"demo_logit","sim-data_n-500_effect-2_sigma-indep_corr-0"
"subject175",0,0,"demo_logit","sim-data_n-500_effect-2_sigma-indep_corr-0"
"subject177",0,0,"demo_logit","sim-data_n-500_effect-2_sigma-indep_corr-0"
"subject179",1,1,"demo_logit","sim-data_n-500_effect-2_sigma-indep_corr-0"
"subject180",1,1,"demo_logit","sim-data_n-500_effect-2_sigma-indep_corr-0"
"subject181",0,0,"demo_logit","sim-data_n-500_effect-2_sigma-indep_corr-0"
"subject185",0,0,"demo_logit","sim-data_n-500_effect-2_sigma-indep_corr-0"
"subject189",1,1,"demo_logit","sim-data_n-500_effect-2_sigma-indep_corr-0"
"subject191",0,0,"demo_logit","sim-data_n-500_effect-2_sigma-indep_corr-0"
"subject196",1,1,"demo_logit","sim-data_n-500_effect-2_sigma-indep_corr-0"
"subject197",1,1,"demo_logit","sim-data_n-500_effect-2_sigma-indep_corr-0"
"subject200",1,1,"demo_logit","sim-data_n-500_effect-2_sigma-indep_corr-0"
"subject201",1,1,"demo_logit","sim-data_n-500_effect-2_sigma-indep_corr-0"
"subject208",1,1,"demo_logit","sim-data_n-500_effect-2_sigma-indep_corr-0"
"subject209",0,0,"demo_logit","sim-data_n-500_effect-2_sigma-indep_corr-0"
"subject210",0,0,"demo_logit","sim-data_n-500_effect-2_sigma-indep_corr-0"
"subject212",1,1,"demo_logit","sim-data_n-500_effect-2_sigma-indep_corr-0"
"subject214",1,1,"demo_logit","sim-data_n-500_effect-2_sigma-indep_corr-0"
"subject216",0,0,"demo_logit","sim-data_n-500_effect-2_sigma-indep_corr-0"
"subject217",1,1,"demo_logit","sim-data_n-500_effect-2_sigma-indep_corr-0"
"subject221",1,1,"demo_logit","sim-data_n-500_effect-2_sigma-indep_corr-0"
"subject223",1,1,"demo_logit","sim-data_n-500_effect-2_sigma-indep_corr-0"
"subject226",1,1,"demo_logit","sim-data_n-500_effect-2_sigma-indep_corr-0"
"subject232",1,1,"demo_logit","sim-data_n-500_effect-2_sigma-indep_corr-0"
"subject234",1,1,"demo_logit","sim-data_n-500_effect-2_sigma-indep_corr-0"
"subject237",0,0,"demo_logit","sim-data_n-500_effect-2_sigma-indep_corr-0"
"subject238",1,1,"demo_logit","sim-data_n-500_effect-2_sigma-indep_corr-0"
"subject244",1,1,"demo_logit","sim-data_n-500_effect-2_sigma-indep_corr-0"
"subject245",0,0,"demo_logit","sim-data_n-500_effect-2_sigma-indep_corr-0"
"subject247",0,0,"demo_logit","sim-data_n-500_effect-2_sigma-indep_corr-0"
"subject249",1,1,"demo_logit","sim-data_n-500_effect-2_sigma-indep_corr-0"
"subject251",0,0,"demo_logit","sim-data_n-500_effect-2_sigma-indep_corr-0"
"subject260",0,0,"demo_logit","sim-data_n-500_effect-2_sigma-indep_corr-0"
"subject261",1,1,"demo_logit","sim-data_n-500_effect-2_sigma-indep_corr-0"
"subject263",0,0,"demo_logit","sim-data_n-500_effect-2_sigma-indep_corr-0"
"subject264",0,0,"demo_logit","sim-data_n-500_effect-2_sigma-indep_corr-0"
"subject266",1,1,"demo_logit","sim-data_n-500_effect-2_sigma-indep_corr-0"
"subject274",0,0,"demo_logit","sim-data_n-500_effect-2_sigma-indep_corr-0"
"subject278",0,0,"demo_logit","sim-data_n-500_effect-2_sigma-indep_corr-0"
"subject283",0,0,"demo_logit","sim-data_n-500_effect-2_sigma-indep_corr-0"
"subject284",1,1,"demo_logit","sim-data_n-500_effect-2_sigma-indep_corr-0"
"subject300",0,0,"demo_logit","sim-data_n-500_effect-2_sigma-indep_corr-0"
"subject302",1,1,"demo_logit","sim-data_n-500_effect-2_sigma-indep_corr-0"
"subject303",1,1,"demo_logit","sim-data_n-500_effect-2_sigma-indep_corr-0"
"subject306",0,0,"demo_logit","sim-data_n-500_effect-2_sigma-indep_corr-0"
"subject318",0,0,"demo_logit","sim-data_n-500_effect-2_sigma-indep_corr-0"
"subject320",0,0,"demo_logit","sim-data_n-500_effect-2_sigma-indep_corr-0"
"subject330",1,1,"demo_logit","sim-data_n-500_effect-2_sigma-indep_corr-0"
"subject332",0,0,"demo_logit","sim-data_n-500_effect-2_sigma-indep_corr-0"
"subject334",1,1,"demo_logit","sim-data_n-500_effect-2_sigma-indep_corr-0"
"subject335",0,0,"demo_logit","sim-data_n-500_effect-2_sigma-indep_corr-0"
"subject340",0,0,"demo_logit","sim-data_n-500_effect-2_sigma-indep_corr-0"
"subject343",0,0,"demo_logit","sim-data_n-500_effect-2_sigma-indep_corr-0"
"subject345",1,1,"demo_logit","sim-data_n-500_effect-2_sigma-indep_corr-0"
"subject347",0,0,"demo_logit","sim-data_n-500_effect-2_sigma-indep_corr-0"
"subject349",1,1,"demo_logit","sim-data_n-500_effect-2_sigma-indep_corr-0"
"subject350",1,1,"demo_logit","sim-data_n-500_effect-2_sigma-indep_corr-0"
"subject354",1,1,"demo_logit","sim-data_n-500_effect-2_sigma-indep_corr-0"
"subject355",1,1,"demo_logit","sim-data_n-500_effect-2_sigma-indep_corr-0"
"subject356",0,0,"demo_logit","sim-data_n-500_effect-2_sigma-indep_corr-0"
"subject357",0,0,"demo_logit","sim-data_n-500_effect-2_sigma-indep_corr-0"
"subject361",1,1,"demo_logit","sim-data_n-500_effect-2_sigma-indep_corr-0"
"subject367",1,1,"demo_logit","sim-data_n-500_effect-2_sigma-indep_corr-0"
"subject374",1,1,"demo_logit","sim-data_n-500_effect-2_sigma-indep_corr-0"
"subject376",0,0,"demo_logit","sim-data_n-500_effect-2_sigma-indep_corr-0"
"subject382",0,0,"demo_logit","sim-data_n-500_effect-2_sigma-indep_corr-0"
"subject386",1,1,"demo_logit","sim-data_n-500_effect-2_sigma-indep_corr-0"
"subject388",1,1,"demo_logit","sim-data_n-500_effect-2_sigma-indep_corr-0"
"subject389",0,0,"demo_logit","sim-data_n-500_effect-2_sigma-indep_corr-0"
"subject390",1,1,"demo_logit","sim-data_n-500_effect-2_sigma-indep_corr-0"
"subject395",0,0,"demo_logit","sim-data_n-500_effect-2_sigma-indep_corr-0"
"subject400",1,1,"demo_logit","sim-data_n-500_effect-2_sigma-indep_corr-0"
"subject402",1,1,"demo_logit","sim-data_n-500_effect-2_sigma-indep_corr-0"
"subject409",0,0,"demo_logit","sim-data_n-500_effect-2_sigma-indep_corr-0"
"subject411",0,0,"demo_logit","sim-data_n-500_effect-2_sigma-indep_corr-0"
"subject412",1,1,"demo_logit","sim-data_n-500_effect-2_sigma-indep_corr-0"
"subject417",0,0,"demo_logit","sim-data_n-500_effect-2_sigma-indep_corr-0"
"subject418",1,1,"demo_logit","sim-data_n-500_effect-2_sigma-indep_corr-0"
"subject430",0,0,"demo_logit","sim-data_n-500_effect-2_sigma-indep_corr-0"
"subject434",0,0,"demo_logit","sim-data_n-500_effect-2_sigma-indep_corr-0"
"subject440",0,0,"demo_logit","sim-data_n-500_effect-2_sigma-indep_corr-0"
"subject447",1,1,"demo_logit","sim-data_n-500_effect-2_sigma-indep_corr-0"
"subject451",0,0,"demo_logit","sim-data_n-500_effect-2_sigma-indep_corr-0"
"subject452",0,0,"demo_logit","sim-data_n-500_effect-2_sigma-indep_corr-0"
"subject454",1,1,"demo_logit","sim-data_n-500_effect-2_sigma-indep_corr-0"
"subject458",1,1,"demo_logit","sim-data_n-500_effect-2_sigma-indep_corr-0"
"subject459",0,0,"demo_logit","sim-data_n-500_effect-2_sigma-indep_corr-0"
"subject465",1,1,"demo_logit","sim-data_n-500_effect-2_sigma-indep_corr-0"
"subject466",0,0,"demo_logit","sim-data_n-500_effect-2_sigma-indep_corr-0"
"subject468",1,1,"demo_logit","sim-data_n-500_effect-2_sigma-indep_corr-0"
"subject470",0,0,"demo_logit","sim-data_n-500_effect-2_sigma-indep_corr-0"
"subject471",0,0,"demo_logit","sim-data_n-500_effect-2_sigma-indep_corr-0"
"subject473",0,0,"demo_logit","sim-data_n-500_effect-2_sigma-indep_corr-0"
"subject474",1,1,"demo_logit","sim-data_n-500_effect-2_sigma-indep_corr-0"
"subject475",0,0,"demo_logit","sim-data_n-500_effect-2_sigma-indep_corr-0"
"subject476",0,0,"demo_logit","sim-data_n-500_effect-2_sigma-indep_corr-0"
"subject479",0,0,"demo_logit","sim-data_n-500_effect-2_sigma-indep_corr-0"
"subject481",1,1,"demo_logit","sim-data_n-500_effect-2_sigma-indep_corr-0"
"subject483",1,1,"demo_logit","sim-data_n-500_effect-2_sigma-indep_corr-0"
"subject484",1,1,"demo_logit","sim-data_n-500_effect-2_sigma-indep_corr-0"
"subject487",0,0,"demo_logit","sim-data_n-500_effect-2_sigma-indep_corr-0"
"subject489",0,0,"demo_logit","sim-data_n-500_effect-2_sigma-indep_corr-0"
"subject494",0,0,"demo_logit","sim-data_n-500_effect-2_sigma-indep_corr-0"
"subject495",1,1,"demo_logit","sim-data_n-500_effect-2_sigma-indep_corr-0"
"subject497",1,1,"demo_logit","sim-data_n-500_effect-2_sigma-indep_corr-0"
"patient-1",0,0,"demo_logit","rosmap"
"patient-2",1,1,"demo_logit","rosmap"
"patient-3",1,1,"demo_logit","rosmap"
"patient-7",1,1,"demo_logit","rosmap"
"patient-8",0,1,"demo_logit","rosmap"
"patient-9",0,0,"demo_logit","rosmap"
"patient-10",1,1,"demo_logit","rosmap"
"patient-12",0,0,"demo_logit","rosmap"
"patient-13",1,1,"demo_logit","rosmap"
"patient-14",1,1,"demo_logit","rosmap"
"patient-16",1,1,"demo_logit","rosmap"
"patient-19",1,1,"demo_logit","rosmap"
"patient-21",0,1,"demo_logit","rosmap"
"patient-23",1,1,"demo_logit","rosmap"
"patient-25",1,0.04,"demo_logit","rosmap"
"patient-26",1,1,"demo_logit","rosmap"
"patient-27",1,1,"demo_logit","rosmap"
"patient-31",0,1,"demo_logit","rosmap"
"patient-32",1,1,"demo_logit","rosmap"
"patient-33",0,1,"demo_logit","rosmap"
"patient-35",1,0,"demo_logit","rosmap"
"patient-39",1,0,"demo_logit","rosmap"
"patient-40",0,1,"demo_logit","rosmap"
"patient-42",1,1,"demo_logit","rosmap"
"patient-43",1,0,"demo_logit","rosmap"
"patient-45",0,0,"demo_logit","rosmap"
"patient-49",0,1,"demo_logit","rosmap"
"patient-50",0,0,"demo_logit","rosmap"
"patient-52",1,0,"demo_logit","rosmap"
"patient-54",0,1,"demo_logit","rosmap"
"patient-56",0,0,"demo_logit","rosmap"
"patient-57",0,0,"demo_logit","rosmap"
"patient-59",1,1,"demo_logit","rosmap"
"patient-60",1,1,"demo_logit","rosmap"
"patient-65",0,1,"demo_logit","rosmap"
"patient-66",0,0,"demo_logit","rosmap"
"patient-68",0,1,"demo_logit","rosmap"
"patient-70",1,1,"demo_logit","rosmap"
"patient-72",1,0,"demo_logit","rosmap"
"patient-77",0,0.002,"demo_logit","rosmap"
"patient-79",0,0,"demo_logit","rosmap"
"patient-84",1,1,"demo_logit","rosmap"
"patient-85",0,1,"demo_logit","rosmap"
"patient-86",1,1,"demo_logit","rosmap"
"patient-87",0,0,"demo_logit","rosmap"
"patient-89",0,1,"demo_logit","rosmap"
"patient-90",0,1,"demo_logit","rosmap"
"patient-91",0,0.023,"demo_logit","rosmap"
"patient-92",1,0,"demo_logit","rosmap"
"patient-95",0,1,"demo_logit","rosmap"
"patient-96",0,0,"demo_logit","rosmap"
"patient-97",1,0,"demo_logit","rosmap"
"patient-100",1,1,"demo_logit","rosmap"
"patient-104",1,0,"demo_logit","rosmap"
"patient-105",1,1,"demo_logit","rosmap"
"patient-107",0,0,"demo_logit","rosmap"
"patient-108",0,1,"demo_logit","rosmap"
"patient-111",0,1,"demo_logit","rosmap"
"patient-113",0,0,"demo_logit","rosmap"
"patient-114",0,0,"demo_logit","rosmap"
"patient-115",0,0,"demo_logit","rosmap"
"patient-116",1,1,"demo_logit","rosmap"
"patient-117",1,1,"demo_logit","rosmap"
"patient-118",1,0,"demo_logit","rosmap"
"patient-119",0,1,"demo_logit","rosmap"
"patient-121",0,0,"demo_logit","rosmap"
"patient-122",1,0,"demo_logit","rosmap"
"patient-123",1,1,"demo_logit","rosmap"
"patient-127",1,1,"demo_logit","rosmap"
"patient-130",0,0,"demo_logit","rosmap"
"patient-132",1,1,"demo_logit","rosmap"
"patient-133",1,1,"demo_logit","rosmap"
"patient-137",0,1,"demo_logit","rosmap"
"patient-138",0,1,"demo_logit","rosmap"
"patient-139",1,0,"demo_logit","rosmap"
"patient-142",0,0,"demo_logit","rosmap"
"patient-146",1,1,"demo_logit","rosmap"
"patient-147",0,0,"demo_logit","rosmap"
"patient-148",0,0,"demo_logit","rosmap"
"patient-149",1,0,"demo_logit","rosmap"
"patient-154",1,0,"demo_logit","rosmap"
"patient-156",1,1,"demo_logit","rosmap"
"patient-158",0,1,"demo_logit","rosmap"
"patient-161",0,1,"demo_logit","rosmap"
"patient-162",1,0,"demo_logit","rosmap"
"patient-168",1,1,"demo_logit","rosmap"
"patient-171",1,0,"demo_logit","rosmap"
"patient-172",1,0,"demo_logit","rosmap"
"patient-175",0,1,"demo_logit","rosmap"
"patient-176",0,1,"demo_logit","rosmap"
"patient-177",1,1,"demo_logit","rosmap"
"patient-178",1,1,"demo_logit","rosmap"
"patient-180",1,1,"demo_logit","rosmap"
"patient-181",0,0,"demo_logit","rosmap"
"patient-183",1,1,"demo_logit","rosmap"
"patient-185",1,0.864,"demo_logit","rosmap"
"patient-188",1,0,"demo_logit","rosmap"
"patient-190",0,1,"demo_logit","rosmap"
"patient-191",1,1,"demo_logit","rosmap"
"patient-193",0,0,"demo_logit","rosmap"
"patient-194",1,0,"demo_logit","rosmap"
"patient-195",1,1,"demo_logit","rosmap"
"patient-199",1,0,"demo_logit","rosmap"
"patient-201",1,1,"demo_logit","rosmap"
"patient-202",1,1,"demo_logit","rosmap"
"patient-203",0,0,"demo_logit","rosmap"
"patient-205",0,0,"demo_logit","rosmap"
"patient-210",1,1,"demo_logit","rosmap"
"patient-211",1,0,"demo_logit","rosmap"
"patient-212",1,1,"demo_logit","rosmap"
"patient-214",1,1,"demo_logit","rosmap"
"patient-216",1,1,"demo_logit","rosmap"
"patient-218",0,0,"demo_logit","rosmap"
"patient-219",0,0.001,"demo_logit","rosmap"
"patient-220",1,1,"demo_logit","rosmap"
"patient-221",1,1,"demo_logit","rosmap"
"patient-224",1,1,"demo_logit","rosmap"
"patient-225",0,0.766,"demo_logit","rosmap"
"patient-228",1,1,"demo_logit","rosmap"
"patient-229",0,0,"demo_logit","rosmap"
"patient-231",1,1,"demo_logit","rosmap"
"patient-232",1,1,"demo_logit","rosmap"
"patient-236",0,1,"demo_logit","rosmap"
"patient-238",1,0,"demo_logit","rosmap"
"patient-239",0,0,"demo_logit","rosmap"
"patient-240",0,0,"demo_logit","rosmap"
"patient-241",0,1,"demo_logit","rosmap"
"patient-242",1,0,"demo_logit","rosmap"
"patient-243",0,1,"demo_logit","rosmap"
"patient-244",1,0,"demo_logit","rosmap"
"patient-245",1,1,"demo_logit","rosmap"
"patient-248",0,0,"demo_logit","rosmap"
"patient-249",0,0,"demo_logit","rosmap"
"patient-256",0,1,"demo_logit","rosmap"
"patient-257",1,1,"demo_logit","rosmap"
"patient-260",0,0,"demo_logit","rosmap"
"patient-264",1,1,"demo_logit","rosmap"
"patient-266",0,0,"demo_logit","rosmap"
"patient-267",1,1,"demo_logit","rosmap"
"patient-270",1,1,"demo_logit","rosmap"
"patient-273",0,0,"demo_logit","rosmap"
"patient-275",0,1,"demo_logit","rosmap"
"patient-276",1,1,"demo_logit","rosmap"
"patient-280",1,0,"demo_logit","rosmap"
"patient-281",1,1,"demo_logit","rosmap"
"patient-283",1,1,"demo_logit","rosmap"
"patient-288",0,0,"demo_logit","rosmap"
"patient-290",0,0,"demo_logit","rosmap"
"patient-291",0,0,"demo_logit","rosmap"
"patient-292",0,1,"demo_logit","rosmap"
"patient-293",0,1,"demo_logit","rosmap"
"patient-298",0,0,"demo_logit","rosmap"
"patient-300",0,1,"demo_logit","rosmap"
"patient-301",0,0,"demo_logit","rosmap"
"patient-305",1,1,"demo_logit","rosmap"
"patient-310",0,1,"demo_logit","rosmap"
"patient-312",0,0,"demo_logit","rosmap"
"patient-313",1,0,"demo_logit","rosmap"
"patient-316",1,0,"demo_logit","rosmap"
"patient-317",1,1,"demo_logit","rosmap"
"patient-320",0,1,"demo_logit","rosmap"
"patient-321",1,1,"demo_logit","rosmap"
"patient-324",0,0,"demo_logit","rosmap"
"patient-325",1,0,"demo_logit","rosmap"
"patient-326",0,0,"demo_logit","rosmap"
"patient-333",1,0,"demo_logit","rosmap"
"patient-335",0,0,"demo_logit","rosmap"
"patient-338",0,1,"demo_logit","rosmap"
"patient-339",0,1,"demo_logit","rosmap"
"patient-341",1,1,"demo_logit","rosmap"
"patient-342",0,0,"demo_logit","rosmap"
"patient-344",1,1,"demo_logit","rosmap"
"patient-348",0,0,"demo_logit","rosmap"
"patient-349",0,0,"demo_logit","rosmap"
"patient-351",1,1,"demo_logit","rosmap"
"subject1",1,1,"demo_logit","sim-data_n-500_effect-2_sigma-def_corr-1"
"subject2",0,0,"demo_logit","sim-data_n-500_effect-2_sigma-def_corr-1"
"subject8",0,0,"demo_logit","sim-data_n-500_effect-2_sigma-def_corr-1"
"subject10",1,1,"demo_logit","sim-data_n-500_effect-2_sigma-def_corr-1"
"subject11",1,1,"demo_logit","sim-data_n-500_effect-2_sigma-def_corr-1"
"subject12",0,0,"demo_logit","sim-data_n-500_effect-2_sigma-def_corr-1"
"subject22",1,1,"demo_logit","sim-data_n-500_effect-2_sigma-def_corr-1"
"subject32",0,0,"demo_logit","sim-data_n-500_effect-2_sigma-def_corr-1"
"subject33",0,0,"demo_logit","sim-data_n-500_effect-2_sigma-def_corr-1"
"subject36",1,1,"demo_logit","sim-data_n-500_effect-2_sigma-def_corr-1"
"subject42",0,0,"demo_logit","sim-data_n-500_effect-2_sigma-def_corr-1"
"subject44",0,0,"demo_logit","sim-data_n-500_effect-2_sigma-def_corr-1"
"subject45",0,0,"demo_logit","sim-data_n-500_effect-2_sigma-def_corr-1"
"subject46",0,0,"demo_logit","sim-data_n-500_effect-2_sigma-def_corr-1"
"subject48",1,1,"demo_logit","sim-data_n-500_effect-2_sigma-def_corr-1"
"subject52",0,0,"demo_logit","sim-data_n-500_effect-2_sigma-def_corr-1"
"subject54",0,0,"demo_logit","sim-data_n-500_effect-2_sigma-def_corr-1"
"subject55",0,0,"demo_logit","sim-data_n-500_effect-2_sigma-def_corr-1"
"subject59",1,1,"demo_logit","sim-data_n-500_effect-2_sigma-def_corr-1"
"subject64",0,0,"demo_logit","sim-data_n-500_effect-2_sigma-def_corr-1"
"subject76",1,1,"demo_logit","sim-data_n-500_effect-2_sigma-def_corr-1"
"subject78",0,0,"demo_logit","sim-data_n-500_effect-2_sigma-def_corr-1"
"subject88",1,1,"demo_logit","sim-data_n-500_effect-2_sigma-def_corr-1"
"subject91",0,0,"demo_logit","sim-data_n-500_effect-2_sigma-def_corr-1"
"subject92",1,1,"demo_logit","sim-data_n-500_effect-2_sigma-def_corr-1"
"subject93",1,1,"demo_logit","sim-data_n-500_effect-2_sigma-def_corr-1"
"subject96",1,1,"demo_logit","sim-data_n-500_effect-2_sigma-def_corr-1"
"subject99",0,0,"demo_logit","sim-data_n-500_effect-2_sigma-def_corr-1"
"subject103",1,1,"demo_logit","sim-data_n-500_effect-2_sigma-def_corr-1"
"subject110",1,1,"demo_logit","sim-data_n-500_effect-2_sigma-def_corr-1"
"subject111",1,1,"demo_logit","sim-data_n-500_effect-2_sigma-def_corr-1"
"subject118",1,1,"demo_logit","sim-data_n-500_effect-2_sigma-def_corr-1"
"subject120",0,0,"demo_logit","sim-data_n-500_effect-2_sigma-def_corr-1"
"subject127",1,1,"demo_logit","sim-data_n-500_effect-2_sigma-def_corr-1"
"subject128",1,1,"demo_logit","sim-data_n-500_effect-2_sigma-def_corr-1"
"subject129",1,1,"demo_logit","sim-data_n-500_effect-2_sigma-def_corr-1"
"subject132",0,0,"demo_logit","sim-data_n-500_effect-2_sigma-def_corr-1"
"subject133",0,0,"demo_logit","sim-data_n-500_effect-2_sigma-def_corr-1"
"subject135",1,1,"demo_logit","sim-data_n-500_effect-2_sigma-def_corr-1"
"subject136",1,1,"demo_logit","sim-data_n-500_effect-2_sigma-def_corr-1"
"subject137",0,0,"demo_logit","sim-data_n-500_effect-2_sigma-def_corr-1"
"subject141",0,0,"demo_logit","sim-data_n-500_effect-2_sigma-def_corr-1"
"subject144",0,0,"demo_logit","sim-data_n-500_effect-2_sigma-def_corr-1"
"subject150",1,1,"demo_logit","sim-data_n-500_effect-2_sigma-def_corr-1"
"subject151",0,0,"demo_logit","sim-data_n-500_effect-2_sigma-def_corr-1"
"subject152",1,1,"demo_logit","sim-data_n-500_effect-2_sigma-def_corr-1"
"subject155",0,0,"demo_logit","sim-data_n-500_effect-2_sigma-def_corr-1"
"subject156",0,0,"demo_logit","sim-data_n-500_effect-2_sigma-def_corr-1"
"subject157",1,1,"demo_logit","sim-data_n-500_effect-2_sigma-def_corr-1"
"subject158",0,0,"demo_logit","sim-data_n-500_effect-2_sigma-def_corr-1"
"subject160",1,1,"demo_logit","sim-data_n-500_effect-2_sigma-def_corr-1"
"subject167",0,0,"demo_logit","sim-data_n-500_effect-2_sigma-def_corr-1"
"subject169",0,0,"demo_logit","sim-data_n-500_effect-2_sigma-def_corr-1"
"subject170",0,0,"demo_logit","sim-data_n-500_effect-2_sigma-def_corr-1"
"subject173",1,1,"demo_logit","sim-data_n-500_effect-2_sigma-def_corr-1"
"subject175",0,0,"demo_logit","sim-data_n-500_effect-2_sigma-def_corr-1"
"subject177",0,0,"demo_logit","sim-data_n-500_effect-2_sigma-def_corr-1"
"subject183",0,0,"demo_logit","sim-data_n-500_effect-2_sigma-def_corr-1"
"subject187",0,0,"demo_logit","sim-data_n-500_effect-2_sigma-def_corr-1"
"subject189",1,1,"demo_logit","sim-data_n-500_effect-2_sigma-def_corr-1"
"subject193",0,0,"demo_logit","sim-data_n-500_effect-2_sigma-def_corr-1"
"subject197",1,1,"demo_logit","sim-data_n-500_effect-2_sigma-def_corr-1"
"subject202",1,1,"demo_logit","sim-data_n-500_effect-2_sigma-def_corr-1"
"subject209",1,1,"demo_logit","sim-data_n-500_effect-2_sigma-def_corr-1"
"subject210",1,1,"demo_logit","sim-data_n-500_effect-2_sigma-def_corr-1"
"subject219",0,0,"demo_logit","sim-data_n-500_effect-2_sigma-def_corr-1"
"subject222",0,0,"demo_logit","sim-data_n-500_effect-2_sigma-def_corr-1"
"subject223",1,1,"demo_logit","sim-data_n-500_effect-2_sigma-def_corr-1"
"subject228",1,1,"demo_logit","sim-data_n-500_effect-2_sigma-def_corr-1"
"subject229",0,0,"demo_logit","sim-data_n-500_effect-2_sigma-def_corr-1"
"subject232",1,1,"demo_logit","sim-data_n-500_effect-2_sigma-def_corr-1"
"subject241",1,1,"demo_logit","sim-data_n-500_effect-2_sigma-def_corr-1"
"subject242",0,0,"demo_logit","sim-data_n-500_effect-2_sigma-def_corr-1"
"subject252",0,0,"demo_logit","sim-data_n-500_effect-2_sigma-def_corr-1"
"subject262",0,0,"demo_logit","sim-data_n-500_effect-2_sigma-def_corr-1"
"subject263",1,1,"demo_logit","sim-data_n-500_effect-2_sigma-def_corr-1"
"subject264",0,0,"demo_logit","sim-data_n-500_effect-2_sigma-def_corr-1"
"subject267",0,0,"demo_logit","sim-data_n-500_effect-2_sigma-def_corr-1"
"subject274",0,0,"demo_logit","sim-data_n-500_effect-2_sigma-def_corr-1"
"subject275",1,1,"demo_logit","sim-data_n-500_effect-2_sigma-def_corr-1"
"subject279",0,0,"demo_logit","sim-data_n-500_effect-2_sigma-def_corr-1"
"subject280",0,0,"demo_logit","sim-data_n-500_effect-2_sigma-def_corr-1"
"subject283",1,1,"demo_logit","sim-data_n-500_effect-2_sigma-def_corr-1"
"subject285",0,0,"demo_logit","sim-data_n-500_effect-2_sigma-def_corr-1"
"subject289",1,1,"demo_logit","sim-data_n-500_effect-2_sigma-def_corr-1"
"subject290",1,1,"demo_logit","sim-data_n-500_effect-2_sigma-def_corr-1"
"subject292",1,1,"demo_logit","sim-data_n-500_effect-2_sigma-def_corr-1"
"subject293",1,1,"demo_logit","sim-data_n-500_effect-2_sigma-def_corr-1"
"subject294",0,0,"demo_logit","sim-data_n-500_effect-2_sigma-def_corr-1"
"subject295",1,1,"demo_logit","sim-data_n-500_effect-2_sigma-def_corr-1"
"subject296",1,1,"demo_logit","sim-data_n-500_effect-2_sigma-def_corr-1"
"subject301",1,1,"demo_logit","sim-data_n-500_effect-2_sigma-def_corr-1"
"subject304",1,1,"demo_logit","sim-data_n-500_effect-2_sigma-def_corr-1"
"subject306",1,1,"demo_logit","sim-data_n-500_effect-2_sigma-def_corr-1"
"subject307",1,1,"demo_logit","sim-data_n-500_effect-2_sigma-def_corr-1"
"subject308",0,0,"demo_logit","sim-data_n-500_effect-2_sigma-def_corr-1"
"subject309",1,1,"demo_logit","sim-data_n-500_effect-2_sigma-def_corr-1"
"subject310",0,0,"demo_logit","sim-data_n-500_effect-2_sigma-def_corr-1"
"subject313",0,0,"demo_logit","sim-data_n-500_effect-2_sigma-def_corr-1"
"subject314",1,1,"demo_logit","sim-data_n-500_effect-2_sigma-def_corr-1"
"subject315",0,0,"demo_logit","sim-data_n-500_effect-2_sigma-def_corr-1"
"subject317",1,1,"demo_logit","sim-data_n-500_effect-2_sigma-def_corr-1"
"subject318",1,1,"demo_logit","sim-data_n-500_effect-2_sigma-def_corr-1"
"subject328",1,1,"demo_logit","sim-data_n-500_effect-2_sigma-def_corr-1"
"subject329",0,0,"demo_logit","sim-data_n-500_effect-2_sigma-def_corr-1"
"subject337",1,1,"demo_logit","sim-data_n-500_effect-2_sigma-def_corr-1"
"subject339",0,0,"demo_logit","sim-data_n-500_effect-2_sigma-def_corr-1"
"subject345",0,0,"demo_logit","sim-data_n-500_effect-2_sigma-def_corr-1"
"subject346",0,0,"demo_logit","sim-data_n-500_effect-2_sigma-def_corr-1"
"subject354",0,0,"demo_logit","sim-data_n-500_effect-2_sigma-def_corr-1"
"subject355",1,1,"demo_logit","sim-data_n-500_effect-2_sigma-def_corr-1"
"subject358",0,0,"demo_logit","sim-data_n-500_effect-2_sigma-def_corr-1"
"subject359",0,0,"demo_logit","sim-data_n-500_effect-2_sigma-def_corr-1"
"subject361",0,0,"demo_logit","sim-data_n-500_effect-2_sigma-def_corr-1"
"subject367",1,1,"demo_logit","sim-data_n-500_effect-2_sigma-def_corr-1"
"subject372",1,1,"demo_logit","sim-data_n-500_effect-2_sigma-def_corr-1"
"subject382",0,0,"demo_logit","sim-data_n-500_effect-2_sigma-def_corr-1"
"subject384",1,1,"demo_logit","sim-data_n-500_effect-2_sigma-def_corr-1"
"subject386",0,0,"demo_logit","sim-data_n-500_effect-2_sigma-def_corr-1"
"subject391",1,1,"demo_logit","sim-data_n-500_effect-2_sigma-def_corr-1"
"subject393",0,0,"demo_logit","sim-data_n-500_effect-2_sigma-def_corr-1"
"subject398",0,0,"demo_logit","sim-data_n-500_effect-2_sigma-def_corr-1"
"subject399",0,0,"demo_logit","sim-data_n-500_effect-2_sigma-def_corr-1"
"subject406",1,1,"demo_logit","sim-data_n-500_effect-2_sigma-def_corr-1"
"subject407",0,0,"demo_logit","sim-data_n-500_effect-2_sigma-def_corr-1"
"subject411",0,0,"demo_logit","sim-data_n-500_effect-2_sigma-def_corr-1"
"subject413",0,0,"demo_logit","sim-data_n-500_effect-2_sigma-def_corr-1"
"subject415",1,1,"demo_logit","sim-data_n-500_effect-2_sigma-def_corr-1"
"subject416",0,0,"demo_logit","sim-data_n-500_effect-2_sigma-def_corr-1"
"subject417",1,1,"demo_logit","sim-data_n-500_effect-2_sigma-def_corr-1"
"subject420",0,0,"demo_logit","sim-data_n-500_effect-2_sigma-def_corr-1"
"subject424",0,0,"demo_logit","sim-data_n-500_effect-2_sigma-def_corr-1"
"subject425",1,1,"demo_logit","sim-data_n-500_effect-2_sigma-def_corr-1"
"subject426",1,1,"demo_logit","sim-data_n-500_effect-2_sigma-def_corr-1"
"subject431",1,1,"demo_logit","sim-data_n-500_effect-2_sigma-def_corr-1"
"subject432",0,0,"demo_logit","sim-data_n-500_effect-2_sigma-def_corr-1"
"subject436",1,1,"demo_logit","sim-data_n-500_effect-2_sigma-def_corr-1"
"subject446",1,1,"demo_logit","sim-data_n-500_effect-2_sigma-def_corr-1"
"subject458",0,0,"demo_logit","sim-data_n-500_effect-2_sigma-def_corr-1"
"subject462",1,1,"demo_logit","sim-data_n-500_effect-2_sigma-def_corr-1"
"subject470",1,1,"demo_logit","sim-data_n-500_effect-2_sigma-def_corr-1"
"subject477",1,1,"demo_logit","sim-data_n-500_effect-2_sigma-def_corr-1"
"subject481",0,0,"demo_logit","sim-data_n-500_effect-2_sigma-def_corr-1"
"subject484",0,0,"demo_logit","sim-data_n-500_effect-2_sigma-def_corr-1"
"subject486",1,1,"demo_logit","sim-data_n-500_effect-2_sigma-def_corr-1"
"subject490",0,0,"demo_logit","sim-data_n-500_effect-2_sigma-def_corr-1"
"subject492",1,1,"demo_logit","sim-data_n-500_effect-2_sigma-def_corr-1"
"subject494",0,0,"demo_logit","sim-data_n-500_effect-2_sigma-def_corr-1"
"subject498",1,1,"demo_logit","sim-data_n-500_effect-2_sigma-def_corr-1"
"subject500",1,1,"demo_logit","sim-data_n-500_effect-2_sigma-def_corr-1"
"subject4",1,1,"demo_logit","sim-data_n-50_effect-2_sigma-indep_corr-0.5"
"subject5",0,0.998,"demo_logit","sim-data_n-50_effect-2_sigma-indep_corr-0.5"
"subject6",1,1,"demo_logit","sim-data_n-50_effect-2_sigma-indep_corr-0.5"
"subject20",1,1,"demo_logit","sim-data_n-50_effect-2_sigma-indep_corr-0.5"
"subject21",1,1,"demo_logit","sim-data_n-50_effect-2_sigma-indep_corr-0.5"
"subject22",1,0,"demo_logit","sim-data_n-50_effect-2_sigma-indep_corr-0.5"
"subject23",0,0,"demo_logit","sim-data_n-50_effect-2_sigma-indep_corr-0.5"
"subject29",0,0,"demo_logit","sim-data_n-50_effect-2_sigma-indep_corr-0.5"
"subject30",1,1,"demo_logit","sim-data_n-50_effect-2_sigma-indep_corr-0.5"
"subject36",0,0,"demo_logit","sim-data_n-50_effect-2_sigma-indep_corr-0.5"
"subject39",0,0,"demo_logit","sim-data_n-50_effect-2_sigma-indep_corr-0.5"
"subject41",0,1,"demo_logit","sim-data_n-50_effect-2_sigma-indep_corr-0.5"
"subject44",1,1,"demo_logit","sim-data_n-50_effect-2_sigma-indep_corr-0.5"
"subject48",1,0.837,"demo_logit","sim-data_n-50_effect-2_sigma-indep_corr-0.5"
"subject50",0,0,"demo_logit","sim-data_n-50_effect-2_sigma-indep_corr-0.5"
"subject3",0,0,"demo_logit","sim-data_n-500_effect-2_sigma-indep_corr-1"
"subject9",0,0,"demo_logit","sim-data_n-500_effect-2_sigma-indep_corr-1"
"subject13",0,0,"demo_logit","sim-data_n-500_effect-2_sigma-indep_corr-1"
"subject14",1,1,"demo_logit","sim-data_n-500_effect-2_sigma-indep_corr-1"
"subject16",0,0,"demo_logit","sim-data_n-500_effect-2_sigma-indep_corr-1"
"subject18",1,1,"demo_logit","sim-data_n-500_effect-2_sigma-indep_corr-1"
"subject19",1,1,"demo_logit","sim-data_n-500_effect-2_sigma-indep_corr-1"
"subject20",0,0,"demo_logit","sim-data_n-500_effect-2_sigma-indep_corr-1"
"subject25",0,0,"demo_logit","sim-data_n-500_effect-2_sigma-indep_corr-1"
"subject26",0,0,"demo_logit","sim-data_n-500_effect-2_sigma-indep_corr-1"
"subject40",0,0,"demo_logit","sim-data_n-500_effect-2_sigma-indep_corr-1"
"subject44",0,0,"demo_logit","sim-data_n-500_effect-2_sigma-indep_corr-1"
"subject45",1,1,"demo_logit","sim-data_n-500_effect-2_sigma-indep_corr-1"
"subject47",0,0,"demo_logit","sim-data_n-500_effect-2_sigma-indep_corr-1"
"subject50",1,1,"demo_logit","sim-data_n-500_effect-2_sigma-indep_corr-1"
"subject53",1,1,"demo_logit","sim-data_n-500_effect-2_sigma-indep_corr-1"
"subject54",0,0,"demo_logit","sim-data_n-500_effect-2_sigma-indep_corr-1"
"subject55",1,1,"demo_logit","sim-data_n-500_effect-2_sigma-indep_corr-1"
"subject57",1,1,"demo_logit","sim-data_n-500_effect-2_sigma-indep_corr-1"
"subject60",0,0,"demo_logit","sim-data_n-500_effect-2_sigma-indep_corr-1"
"subject62",0,0,"demo_logit","sim-data_n-500_effect-2_sigma-indep_corr-1"
"subject65",0,0,"demo_logit","sim-data_n-500_effect-2_sigma-indep_corr-1"
"subject66",0,0,"demo_logit","sim-data_n-500_effect-2_sigma-indep_corr-1"
"subject68",0,0,"demo_logit","sim-data_n-500_effect-2_sigma-indep_corr-1"
"subject72",0,0,"demo_logit","sim-data_n-500_effect-2_sigma-indep_corr-1"
"subject76",1,1,"demo_logit","sim-data_n-500_effect-2_sigma-indep_corr-1"
"subject79",1,1,"demo_logit","sim-data_n-500_effect-2_sigma-indep_corr-1"
"subject84",1,1,"demo_logit","sim-data_n-500_effect-2_sigma-indep_corr-1"
"subject86",1,1,"demo_logit","sim-data_n-500_effect-2_sigma-indep_corr-1"
"subject94",0,0,"demo_logit","sim-data_n-500_effect-2_sigma-indep_corr-1"
"subject101",1,1,"demo_logit","sim-data_n-500_effect-2_sigma-indep_corr-1"
"subject102",1,1,"demo_logit","sim-data_n-500_effect-2_sigma-indep_corr-1"
"subject106",1,1,"demo_logit","sim-data_n-500_effect-2_sigma-indep_corr-1"
"subject113",1,1,"demo_logit","sim-data_n-500_effect-2_sigma-indep_corr-1"
"subject117",1,1,"demo_logit","sim-data_n-500_effect-2_sigma-indep_corr-1"
"subject122",1,1,"demo_logit","sim-data_n-500_effect-2_sigma-indep_corr-1"
"subject124",0,0,"demo_logit","sim-data_n-500_effect-2_sigma-indep_corr-1"
"subject129",0,0,"demo_logit","sim-data_n-500_effect-2_sigma-indep_corr-1"
"subject131",0,0,"demo_logit","sim-data_n-500_effect-2_sigma-indep_corr-1"
"subject132",1,1,"demo_logit","sim-data_n-500_effect-2_sigma-indep_corr-1"
"subject139",1,1,"demo_logit","sim-data_n-500_effect-2_sigma-indep_corr-1"
"subject153",1,1,"demo_logit","sim-data_n-500_effect-2_sigma-indep_corr-1"
"subject155",0,0,"demo_logit","sim-data_n-500_effect-2_sigma-indep_corr-1"
"subject158",1,1,"demo_logit","sim-data_n-500_effect-2_sigma-indep_corr-1"
"subject161",0,0,"demo_logit","sim-data_n-500_effect-2_sigma-indep_corr-1"
"subject166",1,1,"demo_logit","sim-data_n-500_effect-2_sigma-indep_corr-1"
"subject169",0,0,"demo_logit","sim-data_n-500_effect-2_sigma-indep_corr-1"
"subject171",1,1,"demo_logit","sim-data_n-500_effect-2_sigma-indep_corr-1"
"subject174",1,1,"demo_logit","sim-data_n-500_effect-2_sigma-indep_corr-1"
"subject175",1,1,"demo_logit","sim-data_n-500_effect-2_sigma-indep_corr-1"
"subject176",0,0,"demo_logit","sim-data_n-500_effect-2_sigma-indep_corr-1"
"subject178",0,0,"demo_logit","sim-data_n-500_effect-2_sigma-indep_corr-1"
"subject182",1,1,"demo_logit","sim-data_n-500_effect-2_sigma-indep_corr-1"
"subject185",0,0,"demo_logit","sim-data_n-500_effect-2_sigma-indep_corr-1"
"subject189",0,0,"demo_logit","sim-data_n-500_effect-2_sigma-indep_corr-1"
"subject192",1,1,"demo_logit","sim-data_n-500_effect-2_sigma-indep_corr-1"
"subject194",1,1,"demo_logit","sim-data_n-500_effect-2_sigma-indep_corr-1"
"subject196",0,0,"demo_logit","sim-data_n-500_effect-2_sigma-indep_corr-1"
"subject200",0,0,"demo_logit","sim-data_n-500_effect-2_sigma-indep_corr-1"
"subject201",0,0,"demo_logit","sim-data_n-500_effect-2_sigma-indep_corr-1"
"subject202",1,1,"demo_logit","sim-data_n-500_effect-2_sigma-indep_corr-1"
"subject203",0,0,"demo_logit","sim-data_n-500_effect-2_sigma-indep_corr-1"
"subject206",1,1,"demo_logit","sim-data_n-500_effect-2_sigma-indep_corr-1"
"subject208",1,1,"demo_logit","sim-data_n-500_effect-2_sigma-indep_corr-1"
"subject210",1,1,"demo_logit","sim-data_n-500_effect-2_sigma-indep_corr-1"
"subject216",0,0,"demo_logit","sim-data_n-500_effect-2_sigma-indep_corr-1"
"subject217",0,0,"demo_logit","sim-data_n-500_effect-2_sigma-indep_corr-1"
"subject220",0,0,"demo_logit","sim-data_n-500_effect-2_sigma-indep_corr-1"
"subject224",1,1,"demo_logit","sim-data_n-500_effect-2_sigma-indep_corr-1"
"subject226",0,0,"demo_logit","sim-data_n-500_effect-2_sigma-indep_corr-1"
"subject227",1,1,"demo_logit","sim-data_n-500_effect-2_sigma-indep_corr-1"
"subject230",1,1,"demo_logit","sim-data_n-500_effect-2_sigma-indep_corr-1"
"subject234",0,0,"demo_logit","sim-data_n-500_effect-2_sigma-indep_corr-1"
"subject235",1,1,"demo_logit","sim-data_n-500_effect-2_sigma-indep_corr-1"
"subject236",1,1,"demo_logit","sim-data_n-500_effect-2_sigma-indep_corr-1"
"subject242",0,0,"demo_logit","sim-data_n-500_effect-2_sigma-indep_corr-1"
"subject245",0,0,"demo_logit","sim-data_n-500_effect-2_sigma-indep_corr-1"
"subject250",1,1,"demo_logit","sim-data_n-500_effect-2_sigma-indep_corr-1"
"subject252",1,1,"demo_logit","sim-data_n-500_effect-2_sigma-indep_corr-1"
"subject254",0,0,"demo_logit","sim-data_n-500_effect-2_sigma-indep_corr-1"
"subject255",1,1,"demo_logit","sim-data_n-500_effect-2_sigma-indep_corr-1"
"subject256",0,0,"demo_logit","sim-data_n-500_effect-2_sigma-indep_corr-1"
"subject261",0,0,"demo_logit","sim-data_n-500_effect-2_sigma-indep_corr-1"
"subject265",0,0,"demo_logit","sim-data_n-500_effect-2_sigma-indep_corr-1"
"subject276",1,1,"demo_logit","sim-data_n-500_effect-2_sigma-indep_corr-1"
"subject277",1,1,"demo_logit","sim-data_n-500_effect-2_sigma-indep_corr-1"
"subject290",0,0,"demo_logit","sim-data_n-500_effect-2_sigma-indep_corr-1"
"subject292",0,0,"demo_logit","sim-data_n-500_effect-2_sigma-indep_corr-1"
"subject293",0,0,"demo_logit","sim-data_n-500_effect-2_sigma-indep_corr-1"
"subject296",0,0,"demo_logit","sim-data_n-500_effect-2_sigma-indep_corr-1"
"subject306",1,1,"demo_logit","sim-data_n-500_effect-2_sigma-indep_corr-1"
"subject307",0,0,"demo_logit","sim-data_n-500_effect-2_sigma-indep_corr-1"
"subject317",1,1,"demo_logit","sim-data_n-500_effect-2_sigma-indep_corr-1"
"subject318",1,1,"demo_logit","sim-data_n-500_effect-2_sigma-indep_corr-1"
"subject319",1,1,"demo_logit","sim-data_n-500_effect-2_sigma-indep_corr-1"
"subject320",1,1,"demo_logit","sim-data_n-500_effect-2_sigma-indep_corr-1"
"subject325",1,1,"demo_logit","sim-data_n-500_effect-2_sigma-indep_corr-1"
"subject328",0,0,"demo_logit","sim-data_n-500_effect-2_sigma-indep_corr-1"
"subject330",1,1,"demo_logit","sim-data_n-500_effect-2_sigma-indep_corr-1"
"subject332",1,1,"demo_logit","sim-data_n-500_effect-2_sigma-indep_corr-1"
"subject337",0,0,"demo_logit","sim-data_n-500_effect-2_sigma-indep_corr-1"
"subject339",1,1,"demo_logit","sim-data_n-500_effect-2_sigma-indep_corr-1"
"subject344",0,0,"demo_logit","sim-data_n-500_effect-2_sigma-indep_corr-1"
"subject346",0,0,"demo_logit","sim-data_n-500_effect-2_sigma-indep_corr-1"
"subject354",0,0,"demo_logit","sim-data_n-500_effect-2_sigma-indep_corr-1"
"subject355",1,1,"demo_logit","sim-data_n-500_effect-2_sigma-indep_corr-1"
"subject356",0,0,"demo_logit","sim-data_n-500_effect-2_sigma-indep_corr-1"
"subject361",1,1,"demo_logit","sim-data_n-500_effect-2_sigma-indep_corr-1"
"subject366",1,1,"demo_logit","sim-data_n-500_effect-2_sigma-indep_corr-1"
"subject367",1,1,"demo_logit","sim-data_n-500_effect-2_sigma-indep_corr-1"
"subject370",0,0,"demo_logit","sim-data_n-500_effect-2_sigma-indep_corr-1"
"subject373",0,0,"demo_logit","sim-data_n-500_effect-2_sigma-indep_corr-1"
"subject376",1,1,"demo_logit","sim-data_n-500_effect-2_sigma-indep_corr-1"
"subject378",1,1,"demo_logit","sim-data_n-500_effect-2_sigma-indep_corr-1"
"subject380",0,0,"demo_logit","sim-data_n-500_effect-2_sigma-indep_corr-1"
"subject386",0,0,"demo_logit","sim-data_n-500_effect-2_sigma-indep_corr-1"
"subject389",1,1,"demo_logit","sim-data_n-500_effect-2_sigma-indep_corr-1"
"subject392",0,0,"demo_logit","sim-data_n-500_effect-2_sigma-indep_corr-1"
"subject397",0,0,"demo_logit","sim-data_n-500_effect-2_sigma-indep_corr-1"
"subject398",1,1,"demo_logit","sim-data_n-500_effect-2_sigma-indep_corr-1"
"subject400",1,1,"demo_logit","sim-data_n-500_effect-2_sigma-indep_corr-1"
"subject406",1,1,"demo_logit","sim-data_n-500_effect-2_sigma-indep_corr-1"
"subject407",0,0,"demo_logit","sim-data_n-500_effect-2_sigma-indep_corr-1"
"subject418",0,0,"demo_logit","sim-data_n-500_effect-2_sigma-indep_corr-1"
"subject423",1,1,"demo_logit","sim-data_n-500_effect-2_sigma-indep_corr-1"
"subject428",0,0,"demo_logit","sim-data_n-500_effect-2_sigma-indep_corr-1"
"subject434",1,1,"demo_logit","sim-data_n-500_effect-2_sigma-indep_corr-1"
"subject436",0,0,"demo_logit","sim-data_n-500_effect-2_sigma-indep_corr-1"
"subject439",0,0,"demo_logit","sim-data_n-500_effect-2_sigma-indep_corr-1"
"subject441",1,1,"demo_logit","sim-data_n-500_effect-2_sigma-indep_corr-1"
"subject444",0,0,"demo_logit","sim-data_n-500_effect-2_sigma-indep_corr-1"
"subject445",0,0,"demo_logit","sim-data_n-500_effect-2_sigma-indep_corr-1"
"subject447",1,1,"demo_logit","sim-data_n-500_effect-2_sigma-indep_corr-1"
"subject448",1,1,"demo_logit","sim-data_n-500_effect-2_sigma-indep_corr-1"
"subject455",1,1,"demo_logit","sim-data_n-500_effect-2_sigma-indep_corr-1"
"subject458",0,0,"demo_logit","sim-data_n-500_effect-2_sigma-indep_corr-1"
"subject462",0,0,"demo_logit","sim-data_n-500_effect-2_sigma-indep_corr-1"
"subject464",0,0,"demo_logit","sim-data_n-500_effect-2_sigma-indep_corr-1"
"subject465",1,1,"demo_logit","sim-data_n-500_effect-2_sigma-indep_corr-1"
"subject467",0,0,"demo_logit","sim-data_n-500_effect-2_sigma-indep_corr-1"
"subject468",0,0,"demo_logit","sim-data_n-500_effect-2_sigma-indep_corr-1"
"subject473",1,1,"demo_logit","sim-data_n-500_effect-2_sigma-indep_corr-1"
"subject476",0,0,"demo_logit","sim-data_n-500_effect-2_sigma-indep_corr-1"
"subject478",1,1,"demo_logit","sim-data_n-500_effect-2_sigma-indep_corr-1"
"subject479",1,1,"demo_logit","sim-data_n-500_effect-2_sigma-indep_corr-1"
"subject482",1,1,"demo_logit","sim-data_n-500_effect-2_sigma-indep_corr-1"
"subject486",0,0,"demo_logit","sim-data_n-500_effect-2_sigma-indep_corr-1"
"subject494",0,0,"demo_logit","sim-data_n-500_effect-2_sigma-indep_corr-1"
"subject496",1,1,"demo_logit","sim-data_n-500_effect-2_sigma-indep_corr-1"
"subject498",0,0,"demo_logit","sim-data_n-500_effect-2_sigma-indep_corr-1"
"subject6",0,0.069,"diablo-null","sim-data_n-50_effect-2_sigma-indep_corr-1"
"subject7",1,0.896,"diablo-null","sim-data_n-50_effect-2_sigma-indep_corr-1"
"subject11",1,0.924,"diablo-null","sim-data_n-50_effect-2_sigma-indep_corr-1"
"subject22",0,0.058,"diablo-null","sim-data_n-50_effect-2_sigma-indep_corr-1"
"subject23",1,0.925,"diablo-null","sim-data_n-50_effect-2_sigma-indep_corr-1"
"subject26",1,0.876,"diablo-null","sim-data_n-50_effect-2_sigma-indep_corr-1"
"subject27",1,0.932,"diablo-null","sim-data_n-50_effect-2_sigma-indep_corr-1"
"subject30",1,0.958,"diablo-null","sim-data_n-50_effect-2_sigma-indep_corr-1"
"subject31",1,0.96,"diablo-null","sim-data_n-50_effect-2_sigma-indep_corr-1"
"subject35",1,0.925,"diablo-null","sim-data_n-50_effect-2_sigma-indep_corr-1"
"subject40",0,0.029,"diablo-null","sim-data_n-50_effect-2_sigma-indep_corr-1"
"subject42",0,0.033,"diablo-null","sim-data_n-50_effect-2_sigma-indep_corr-1"
"subject44",0,0.057,"diablo-null","sim-data_n-50_effect-2_sigma-indep_corr-1"
"subject46",0,0.071,"diablo-null","sim-data_n-50_effect-2_sigma-indep_corr-1"
"subject48",1,0.92,"diablo-null","sim-data_n-50_effect-2_sigma-indep_corr-1"
"subject1",1,1.032,"diablo-null","sim-data_n-500_effect-2_sigma-indep_corr-0"
"subject2",0,-0.012,"diablo-null","sim-data_n-500_effect-2_sigma-indep_corr-0"
"subject5",1,0.945,"diablo-null","sim-data_n-500_effect-2_sigma-indep_corr-0"
"subject7",1,0.989,"diablo-null","sim-data_n-500_effect-2_sigma-indep_corr-0"
"subject8",1,0.997,"diablo-null","sim-data_n-500_effect-2_sigma-indep_corr-0"
"subject10",1,0.998,"diablo-null","sim-data_n-500_effect-2_sigma-indep_corr-0"
"subject22",1,1.027,"diablo-null","sim-data_n-500_effect-2_sigma-indep_corr-0"
"subject26",0,0.001,"diablo-null","sim-data_n-500_effect-2_sigma-indep_corr-0"
"subject27",1,0.968,"diablo-null","sim-data_n-500_effect-2_sigma-indep_corr-0"
"subject31",0,0.011,"diablo-null","sim-data_n-500_effect-2_sigma-indep_corr-0"
"subject32",0,0.026,"diablo-null","sim-data_n-500_effect-2_sigma-indep_corr-0"
"subject33",1,1.041,"diablo-null","sim-data_n-500_effect-2_sigma-indep_corr-0"
"subject34",1,0.988,"diablo-null","sim-data_n-500_effect-2_sigma-indep_corr-0"
"subject36",1,0.971,"diablo-null","sim-data_n-500_effect-2_sigma-indep_corr-0"
"subject37",1,0.972,"diablo-null","sim-data_n-500_effect-2_sigma-indep_corr-0"
"subject40",0,-0.007,"diablo-null","sim-data_n-500_effect-2_sigma-indep_corr-0"
"subject42",1,1.019,"diablo-null","sim-data_n-500_effect-2_sigma-indep_corr-0"
"subject44",0,-0.012,"diablo-null","sim-data_n-500_effect-2_sigma-indep_corr-0"
"subject47",1,1.002,"diablo-null","sim-data_n-500_effect-2_sigma-indep_corr-0"
"subject52",0,-0.003,"diablo-null","sim-data_n-500_effect-2_sigma-indep_corr-0"
"subject68",1,1.013,"diablo-null","sim-data_n-500_effect-2_sigma-indep_corr-0"
"subject69",0,0.013,"diablo-null","sim-data_n-500_effect-2_sigma-indep_corr-0"
"subject76",1,0.981,"diablo-null","sim-data_n-500_effect-2_sigma-indep_corr-0"
"subject80",0,0.01,"diablo-null","sim-data_n-500_effect-2_sigma-indep_corr-0"
"subject81",1,0.987,"diablo-null","sim-data_n-500_effect-2_sigma-indep_corr-0"
"subject83",1,0.974,"diablo-null","sim-data_n-500_effect-2_sigma-indep_corr-0"
"subject85",1,0.975,"diablo-null","sim-data_n-500_effect-2_sigma-indep_corr-0"
"subject87",1,1.01,"diablo-null","sim-data_n-500_effect-2_sigma-indep_corr-0"
"subject88",0,0.017,"diablo-null","sim-data_n-500_effect-2_sigma-indep_corr-0"
"subject96",1,0.979,"diablo-null","sim-data_n-500_effect-2_sigma-indep_corr-0"
"subject97",1,0.996,"diablo-null","sim-data_n-500_effect-2_sigma-indep_corr-0"
"subject101",1,0.989,"diablo-null","sim-data_n-500_effect-2_sigma-indep_corr-0"
"subject102",0,0.021,"diablo-null","sim-data_n-500_effect-2_sigma-indep_corr-0"
"subject112",1,0.979,"diablo-null","sim-data_n-500_effect-2_sigma-indep_corr-0"
"subject115",0,-0.03,"diablo-null","sim-data_n-500_effect-2_sigma-indep_corr-0"
"subject116",1,1.01,"diablo-null","sim-data_n-500_effect-2_sigma-indep_corr-0"
"subject120",1,1.002,"diablo-null","sim-data_n-500_effect-2_sigma-indep_corr-0"
"subject122",0,-0.017,"diablo-null","sim-data_n-500_effect-2_sigma-indep_corr-0"
"subject124",1,1.015,"diablo-null","sim-data_n-500_effect-2_sigma-indep_corr-0"
"subject125",0,0.028,"diablo-null","sim-data_n-500_effect-2_sigma-indep_corr-0"
"subject127",0,-0.038,"diablo-null","sim-data_n-500_effect-2_sigma-indep_corr-0"
"subject132",0,-0.012,"diablo-null","sim-data_n-500_effect-2_sigma-indep_corr-0"
"subject136",0,0.031,"diablo-null","sim-data_n-500_effect-2_sigma-indep_corr-0"
"subject141",1,1.025,"diablo-null","sim-data_n-500_effect-2_sigma-indep_corr-0"
"subject142",0,-0.005,"diablo-null","sim-data_n-500_effect-2_sigma-indep_corr-0"
"subject143",1,0.971,"diablo-null","sim-data_n-500_effect-2_sigma-indep_corr-0"
"subject152",1,0.999,"diablo-null","sim-data_n-500_effect-2_sigma-indep_corr-0"
"subject154",0,0.035,"diablo-null","sim-data_n-500_effect-2_sigma-indep_corr-0"
"subject155",1,0.945,"diablo-null","sim-data_n-500_effect-2_sigma-indep_corr-0"
"subject158",0,0.015,"diablo-null","sim-data_n-500_effect-2_sigma-indep_corr-0"
"subject160",1,0.959,"diablo-null","sim-data_n-500_effect-2_sigma-indep_corr-0"
"subject167",1,1.006,"diablo-null","sim-data_n-500_effect-2_sigma-indep_corr-0"
"subject170",0,-0.006,"diablo-null","sim-data_n-500_effect-2_sigma-indep_corr-0"
"subject171",1,0.972,"diablo-null","sim-data_n-500_effect-2_sigma-indep_corr-0"
"subject174",1,1.007,"diablo-null","sim-data_n-500_effect-2_sigma-indep_corr-0"
"subject176",0,0.004,"diablo-null","sim-data_n-500_effect-2_sigma-indep_corr-0"
"subject178",0,0.053,"diablo-null","sim-data_n-500_effect-2_sigma-indep_corr-0"
"subject183",1,1.002,"diablo-null","sim-data_n-500_effect-2_sigma-indep_corr-0"
"subject186",1,1.007,"diablo-null","sim-data_n-500_effect-2_sigma-indep_corr-0"
"subject187",0,0.008,"diablo-null","sim-data_n-500_effect-2_sigma-indep_corr-0"
"subject193",0,0.018,"diablo-null","sim-data_n-500_effect-2_sigma-indep_corr-0"
"subject195",0,0.075,"diablo-null","sim-data_n-500_effect-2_sigma-indep_corr-0"
"subject199",0,-0.041,"diablo-null","sim-data_n-500_effect-2_sigma-indep_corr-0"
"subject202",0,0.025,"diablo-null","sim-data_n-500_effect-2_sigma-indep_corr-0"
"subject206",1,0.96,"diablo-null","sim-data_n-500_effect-2_sigma-indep_corr-0"
"subject215",0,-0.015,"diablo-null","sim-data_n-500_effect-2_sigma-indep_corr-0"
"subject218",0,0.023,"diablo-null","sim-data_n-500_effect-2_sigma-indep_corr-0"
"subject219",0,0.043,"diablo-null","sim-data_n-500_effect-2_sigma-indep_corr-0"
"subject227",0,-0.003,"diablo-null","sim-data_n-500_effect-2_sigma-indep_corr-0"
"subject230",1,1.023,"diablo-null","sim-data_n-500_effect-2_sigma-indep_corr-0"
"subject233",1,1.003,"diablo-null","sim-data_n-500_effect-2_sigma-indep_corr-0"
"subject240",1,0.973,"diablo-null","sim-data_n-500_effect-2_sigma-indep_corr-0"
"subject243",0,0.055,"diablo-null","sim-data_n-500_effect-2_sigma-indep_corr-0"
"subject248",0,0.016,"diablo-null","sim-data_n-500_effect-2_sigma-indep_corr-0"
"subject252",0,0.038,"diablo-null","sim-data_n-500_effect-2_sigma-indep_corr-0"
"subject254",0,0.003,"diablo-null","sim-data_n-500_effect-2_sigma-indep_corr-0"
"subject256",1,1.03,"diablo-null","sim-data_n-500_effect-2_sigma-indep_corr-0"
"subject262",0,0.042,"diablo-null","sim-data_n-500_effect-2_sigma-indep_corr-0"
"subject271",0,0.001,"diablo-null","sim-data_n-500_effect-2_sigma-indep_corr-0"
"subject273",0,-0.008,"diablo-null","sim-data_n-500_effect-2_sigma-indep_corr-0"
"subject276",0,0.033,"diablo-null","sim-data_n-500_effect-2_sigma-indep_corr-0"
"subject277",1,1.022,"diablo-null","sim-data_n-500_effect-2_sigma-indep_corr-0"
"subject279",0,0.025,"diablo-null","sim-data_n-500_effect-2_sigma-indep_corr-0"
"subject281",0,0.035,"diablo-null","sim-data_n-500_effect-2_sigma-indep_corr-0"
"subject289",0,-0.02,"diablo-null","sim-data_n-500_effect-2_sigma-indep_corr-0"
"subject292",1,0.96,"diablo-null","sim-data_n-500_effect-2_sigma-indep_corr-0"
"subject294",1,0.963,"diablo-null","sim-data_n-500_effect-2_sigma-indep_corr-0"
"subject295",0,0.005,"diablo-null","sim-data_n-500_effect-2_sigma-indep_corr-0"
"subject296",1,0.962,"diablo-null","sim-data_n-500_effect-2_sigma-indep_corr-0"
"subject297",1,0.982,"diablo-null","sim-data_n-500_effect-2_sigma-indep_corr-0"
"subject299",0,-0.054,"diablo-null","sim-data_n-500_effect-2_sigma-indep_corr-0"
"subject305",0,0.026,"diablo-null","sim-data_n-500_effect-2_sigma-indep_corr-0"
"subject310",1,1.037,"diablo-null","sim-data_n-500_effect-2_sigma-indep_corr-0"
"subject312",1,0.964,"diablo-null","sim-data_n-500_effect-2_sigma-indep_corr-0"
"subject314",1,1.002,"diablo-null","sim-data_n-500_effect-2_sigma-indep_corr-0"
"subject315",0,-0.003,"diablo-null","sim-data_n-500_effect-2_sigma-indep_corr-0"
"subject316",0,-0.004,"diablo-null","sim-data_n-500_effect-2_sigma-indep_corr-0"
"subject317",1,0.999,"diablo-null","sim-data_n-500_effect-2_sigma-indep_corr-0"
"subject322",0,0.02,"diablo-null","sim-data_n-500_effect-2_sigma-indep_corr-0"
"subject323",1,0.982,"diablo-null","sim-data_n-500_effect-2_sigma-indep_corr-0"
"subject324",0,0.048,"diablo-null","sim-data_n-500_effect-2_sigma-indep_corr-0"
"subject325",1,1.028,"diablo-null","sim-data_n-500_effect-2_sigma-indep_corr-0"
"subject328",0,-0.008,"diablo-null","sim-data_n-500_effect-2_sigma-indep_corr-0"
"subject337",1,1.019,"diablo-null","sim-data_n-500_effect-2_sigma-indep_corr-0"
"subject339",0,0.012,"diablo-null","sim-data_n-500_effect-2_sigma-indep_corr-0"
"subject346",1,0.986,"diablo-null","sim-data_n-500_effect-2_sigma-indep_corr-0"
"subject348",0,-0.026,"diablo-null","sim-data_n-500_effect-2_sigma-indep_corr-0"
"subject351",1,1.012,"diablo-null","sim-data_n-500_effect-2_sigma-indep_corr-0"
"subject352",1,0.968,"diablo-null","sim-data_n-500_effect-2_sigma-indep_corr-0"
"subject363",0,-0.022,"diablo-null","sim-data_n-500_effect-2_sigma-indep_corr-0"
"subject365",1,1.003,"diablo-null","sim-data_n-500_effect-2_sigma-indep_corr-0"
"subject368",1,1.033,"diablo-null","sim-data_n-500_effect-2_sigma-indep_corr-0"
"subject371",1,0.956,"diablo-null","sim-data_n-500_effect-2_sigma-indep_corr-0"
"subject372",1,1.045,"diablo-null","sim-data_n-500_effect-2_sigma-indep_corr-0"
"subject379",0,-0.037,"diablo-null","sim-data_n-500_effect-2_sigma-indep_corr-0"
"subject385",0,-0.006,"diablo-null","sim-data_n-500_effect-2_sigma-indep_corr-0"
"subject392",1,0.969,"diablo-null","sim-data_n-500_effect-2_sigma-indep_corr-0"
"subject393",0,0.029,"diablo-null","sim-data_n-500_effect-2_sigma-indep_corr-0"
"subject394",0,0,"diablo-null","sim-data_n-500_effect-2_sigma-indep_corr-0"
"subject399",0,-0.048,"diablo-null","sim-data_n-500_effect-2_sigma-indep_corr-0"
"subject401",1,1.051,"diablo-null","sim-data_n-500_effect-2_sigma-indep_corr-0"
"subject404",0,-0.015,"diablo-null","sim-data_n-500_effect-2_sigma-indep_corr-0"
"subject405",1,0.935,"diablo-null","sim-data_n-500_effect-2_sigma-indep_corr-0"
"subject413",1,0.989,"diablo-null","sim-data_n-500_effect-2_sigma-indep_corr-0"
"subject414",1,0.965,"diablo-null","sim-data_n-500_effect-2_sigma-indep_corr-0"
"subject420",0,0.012,"diablo-null","sim-data_n-500_effect-2_sigma-indep_corr-0"
"subject423",0,0.002,"diablo-null","sim-data_n-500_effect-2_sigma-indep_corr-0"
"subject425",0,0.02,"diablo-null","sim-data_n-500_effect-2_sigma-indep_corr-0"
"subject427",1,0.981,"diablo-null","sim-data_n-500_effect-2_sigma-indep_corr-0"
"subject429",1,0.977,"diablo-null","sim-data_n-500_effect-2_sigma-indep_corr-0"
"subject431",1,1.01,"diablo-null","sim-data_n-500_effect-2_sigma-indep_corr-0"
"subject435",0,-0.033,"diablo-null","sim-data_n-500_effect-2_sigma-indep_corr-0"
"subject438",1,1.007,"diablo-null","sim-data_n-500_effect-2_sigma-indep_corr-0"
"subject439",1,0.987,"diablo-null","sim-data_n-500_effect-2_sigma-indep_corr-0"
"subject441",0,-0.009,"diablo-null","sim-data_n-500_effect-2_sigma-indep_corr-0"
"subject443",0,0.006,"diablo-null","sim-data_n-500_effect-2_sigma-indep_corr-0"
"subject450",1,0.981,"diablo-null","sim-data_n-500_effect-2_sigma-indep_corr-0"
"subject456",0,0.018,"diablo-null","sim-data_n-500_effect-2_sigma-indep_corr-0"
"subject467",0,0.04,"diablo-null","sim-data_n-500_effect-2_sigma-indep_corr-0"
"subject469",0,-0.012,"diablo-null","sim-data_n-500_effect-2_sigma-indep_corr-0"
"subject472",0,0.013,"diablo-null","sim-data_n-500_effect-2_sigma-indep_corr-0"
"subject478",1,1.001,"diablo-null","sim-data_n-500_effect-2_sigma-indep_corr-0"
"subject482",0,-0.01,"diablo-null","sim-data_n-500_effect-2_sigma-indep_corr-0"
"subject486",0,-0.002,"diablo-null","sim-data_n-500_effect-2_sigma-indep_corr-0"
"subject488",0,0.003,"diablo-null","sim-data_n-500_effect-2_sigma-indep_corr-0"
"subject490",1,0.989,"diablo-null","sim-data_n-500_effect-2_sigma-indep_corr-0"
"subject491",0,0.032,"diablo-null","sim-data_n-500_effect-2_sigma-indep_corr-0"
"subject492",1,0.994,"diablo-null","sim-data_n-500_effect-2_sigma-indep_corr-0"
"subject496",0,-0.02,"diablo-null","sim-data_n-500_effect-2_sigma-indep_corr-0"
"subject500",0,0.003,"diablo-null","sim-data_n-500_effect-2_sigma-indep_corr-0"
"TCGA.B0.4707",1,0.99,"diablo-null","tcga-kipan"
"TCGA.B8.5162",0,0.493,"diablo-null","tcga-kipan"
"TCGA.BP.4760",0,0.405,"diablo-null","tcga-kipan"
"TCGA.BP.4993",0,0.111,"diablo-null","tcga-kipan"
"TCGA.BP.5168",0,0.114,"diablo-null","tcga-kipan"
"TCGA.BP.5181",0,0.101,"diablo-null","tcga-kipan"
"TCGA.BP.5189",0,0.391,"diablo-null","tcga-kipan"
"TCGA.BP.5199",0,0.606,"diablo-null","tcga-kipan"
"TCGA.CJ.4904",1,0.044,"diablo-null","tcga-kipan"
"TCGA.CZ.4856",0,0.186,"diablo-null","tcga-kipan"
"TCGA.A3.3367",0,0.475,"diablo-null","tcga-kipan"
"TCGA.A3.3373",0,-0.009,"diablo-null","tcga-kipan"
"TCGA.AK.3428",1,0.32,"diablo-null","tcga-kipan"
"TCGA.AK.3434",0,0.463,"diablo-null","tcga-kipan"
"TCGA.B0.4690",1,1.102,"diablo-null","tcga-kipan"
"TCGA.B0.4694",1,0.815,"diablo-null","tcga-kipan"
"TCGA.B0.4699",1,0.874,"diablo-null","tcga-kipan"
"TCGA.B0.4703",1,0.804,"diablo-null","tcga-kipan"
"TCGA.B0.4713",1,0.89,"diablo-null","tcga-kipan"
"TCGA.B0.4714",1,0.463,"diablo-null","tcga-kipan"
"TCGA.B0.4718",1,0.708,"diablo-null","tcga-kipan"
"TCGA.B0.4814",1,0.534,"diablo-null","tcga-kipan"
"TCGA.B0.4822",0,0.951,"diablo-null","tcga-kipan"
"TCGA.B0.4827",1,0.774,"diablo-null","tcga-kipan"
"TCGA.B0.4841",1,0.499,"diablo-null","tcga-kipan"
"TCGA.B0.4842",1,0.806,"diablo-null","tcga-kipan"
"TCGA.B0.4844",1,0.961,"diablo-null","tcga-kipan"
"TCGA.B0.4845",1,0.663,"diablo-null","tcga-kipan"
"TCGA.B0.4847",1,0.69,"diablo-null","tcga-kipan"
"TCGA.B0.4849",1,0.368,"diablo-null","tcga-kipan"
"TCGA.B0.5092",1,0.862,"diablo-null","tcga-kipan"
"TCGA.B0.5094",1,1.007,"diablo-null","tcga-kipan"
"TCGA.B0.5097",1,0.666,"diablo-null","tcga-kipan"
"TCGA.B0.5098",0,0.969,"diablo-null","tcga-kipan"
"TCGA.B0.5099",1,0.109,"diablo-null","tcga-kipan"
"TCGA.B0.5106",0,0.564,"diablo-null","tcga-kipan"
"TCGA.B0.5115",1,0.342,"diablo-null","tcga-kipan"
"TCGA.B0.5117",0,0.423,"diablo-null","tcga-kipan"
"TCGA.B0.5120",0,0.355,"diablo-null","tcga-kipan"
"TCGA.B0.5121",0,0.367,"diablo-null","tcga-kipan"
"TCGA.B2.4101",0,0.457,"diablo-null","tcga-kipan"
"TCGA.B8.4622",1,0.979,"diablo-null","tcga-kipan"
"TCGA.B8.5158",1,0.98,"diablo-null","tcga-kipan"
"TCGA.B8.5164",1,0.295,"diablo-null","tcga-kipan"
"TCGA.BP.5170",0,0.408,"diablo-null","tcga-kipan"
"TCGA.BP.5174",0,0.073,"diablo-null","tcga-kipan"
"TCGA.BP.5175",0,0.724,"diablo-null","tcga-kipan"
"TCGA.BP.5180",0,0.606,"diablo-null","tcga-kipan"
"TCGA.BP.5182",0,0.259,"diablo-null","tcga-kipan"
"TCGA.BP.5183",1,0.333,"diablo-null","tcga-kipan"
"TCGA.BP.5184",0,0.108,"diablo-null","tcga-kipan"
"TCGA.BP.5187",0,0.453,"diablo-null","tcga-kipan"
"TCGA.BP.5194",0,-0.026,"diablo-null","tcga-kipan"
"TCGA.BP.5202",1,0.081,"diablo-null","tcga-kipan"
"TCGA.CJ.4869",1,0.752,"diablo-null","tcga-kipan"
"TCGA.CJ.4897",1,0.189,"diablo-null","tcga-kipan"
"TCGA.CJ.4903",0,0.161,"diablo-null","tcga-kipan"
"TCGA.CJ.4907",1,0.344,"diablo-null","tcga-kipan"
"TCGA.CJ.4912",0,0.821,"diablo-null","tcga-kipan"
"TCGA.CJ.4916",1,0.442,"diablo-null","tcga-kipan"
"TCGA.CZ.4859",0,-0.045,"diablo-null","tcga-kipan"
"patient-4",0,0.68,"diablo-null","rosmap"
"patient-5",0,0.265,"diablo-null","rosmap"
"patient-6",0,0.434,"diablo-null","rosmap"
"patient-11",1,0.643,"diablo-null","rosmap"
"patient-15",0,0.577,"diablo-null","rosmap"
"patient-17",1,0.43,"diablo-null","rosmap"
"patient-18",0,0.152,"diablo-null","rosmap"
"patient-20",1,0.783,"diablo-null","rosmap"
"patient-22",1,1.159,"diablo-null","rosmap"
"patient-24",0,0.07,"diablo-null","rosmap"
"patient-28",0,0.514,"diablo-null","rosmap"
"patient-29",0,0.475,"diablo-null","rosmap"
"patient-30",0,0.449,"diablo-null","rosmap"
"patient-34",0,0.546,"diablo-null","rosmap"
"patient-36",0,0.232,"diablo-null","rosmap"
"patient-37",0,0.274,"diablo-null","rosmap"
"patient-38",1,0.795,"diablo-null","rosmap"
"patient-41",0,0.105,"diablo-null","rosmap"
"patient-44",1,0.818,"diablo-null","rosmap"
"patient-46",1,0.772,"diablo-null","rosmap"
"patient-47",0,0.542,"diablo-null","rosmap"
"patient-48",1,0.25,"diablo-null","rosmap"
"patient-51",0,0.372,"diablo-null","rosmap"
"patient-53",1,0.806,"diablo-null","rosmap"
"patient-55",0,0.672,"diablo-null","rosmap"
"patient-58",0,0.267,"diablo-null","rosmap"
"patient-61",1,0.636,"diablo-null","rosmap"
"patient-62",1,0.618,"diablo-null","rosmap"
"patient-63",1,1.053,"diablo-null","rosmap"
"patient-64",1,0.479,"diablo-null","rosmap"
"patient-67",1,0.862,"diablo-null","rosmap"
"patient-69",0,0.379,"diablo-null","rosmap"
"patient-71",0,0.086,"diablo-null","rosmap"
"patient-73",1,0.416,"diablo-null","rosmap"
"patient-74",0,0.299,"diablo-null","rosmap"
"patient-75",0,0.463,"diablo-null","rosmap"
"patient-76",0,0.419,"diablo-null","rosmap"
"patient-78",1,0.845,"diablo-null","rosmap"
"patient-80",1,0.694,"diablo-null","rosmap"
"patient-81",0,0.482,"diablo-null","rosmap"
"patient-82",0,0.661,"diablo-null","rosmap"
"patient-83",0,0.19,"diablo-null","rosmap"
"patient-88",1,0.772,"diablo-null","rosmap"
"patient-93",1,0.451,"diablo-null","rosmap"
"patient-94",0,0.285,"diablo-null","rosmap"
"patient-98",0,0.428,"diablo-null","rosmap"
"patient-99",0,0.41,"diablo-null","rosmap"
"patient-101",0,0.644,"diablo-null","rosmap"
"patient-102",1,0.376,"diablo-null","rosmap"
"patient-103",0,0.331,"diablo-null","rosmap"
"patient-106",1,0.673,"diablo-null","rosmap"
"patient-109",1,0.572,"diablo-null","rosmap"
"patient-110",0,0.255,"diablo-null","rosmap"
"patient-112",1,0.717,"diablo-null","rosmap"
"patient-120",0,0.614,"diablo-null","rosmap"
"patient-124",0,0.296,"diablo-null","rosmap"
"patient-125",0,0.212,"diablo-null","rosmap"
"patient-126",0,0.07,"diablo-null","rosmap"
"patient-128",1,0.355,"diablo-null","rosmap"
"patient-129",0,0.571,"diablo-null","rosmap"
"patient-131",0,0.344,"diablo-null","rosmap"
"patient-134",1,0.282,"diablo-null","rosmap"
"patient-135",0,0.464,"diablo-null","rosmap"
"patient-136",1,0.555,"diablo-null","rosmap"
"patient-140",1,0.558,"diablo-null","rosmap"
"patient-141",1,0.773,"diablo-null","rosmap"
"patient-143",0,0.364,"diablo-null","rosmap"
"patient-144",1,0.576,"diablo-null","rosmap"
"patient-145",0,0.475,"diablo-null","rosmap"
"patient-150",1,0.62,"diablo-null","rosmap"
"patient-151",1,0.59,"diablo-null","rosmap"
"patient-152",0,0.351,"diablo-null","rosmap"
"patient-153",1,0.44,"diablo-null","rosmap"
"patient-155",1,0.576,"diablo-null","rosmap"
"patient-157",0,0.199,"diablo-null","rosmap"
"patient-159",1,0.525,"diablo-null","rosmap"
"patient-160",1,1.141,"diablo-null","rosmap"
"patient-163",1,0.541,"diablo-null","rosmap"
"patient-164",1,0.367,"diablo-null","rosmap"
"patient-165",0,0.188,"diablo-null","rosmap"
"patient-166",1,0.602,"diablo-null","rosmap"
"patient-167",1,0.672,"diablo-null","rosmap"
"patient-169",0,0.26,"diablo-null","rosmap"
"patient-170",0,0.308,"diablo-null","rosmap"
"patient-173",0,0.424,"diablo-null","rosmap"
"patient-174",1,0.499,"diablo-null","rosmap"
"patient-179",0,0.452,"diablo-null","rosmap"
"patient-182",1,0.515,"diablo-null","rosmap"
"patient-184",1,0.376,"diablo-null","rosmap"
"patient-186",1,0.278,"diablo-null","rosmap"
"patient-187",0,0.166,"diablo-null","rosmap"
"patient-189",1,0.843,"diablo-null","rosmap"
"patient-192",0,0.776,"diablo-null","rosmap"
"patient-196",1,0.519,"diablo-null","rosmap"
"patient-197",1,1.125,"diablo-null","rosmap"
"patient-198",0,0.373,"diablo-null","rosmap"
"patient-200",1,0.337,"diablo-null","rosmap"
"patient-204",0,0.339,"diablo-null","rosmap"
"patient-206",1,0.239,"diablo-null","rosmap"
"patient-207",0,0.381,"diablo-null","rosmap"
"patient-208",1,0.694,"diablo-null","rosmap"
"patient-209",1,0.788,"diablo-null","rosmap"
"patient-213",1,0.418,"diablo-null","rosmap"
"patient-215",0,0.516,"diablo-null","rosmap"
"patient-217",0,0.373,"diablo-null","rosmap"
"patient-222",0,0.412,"diablo-null","rosmap"
"patient-223",0,0.464,"diablo-null","rosmap"
"patient-226",0,0.512,"diablo-null","rosmap"
"patient-227",0,0.384,"diablo-null","rosmap"
"patient-230",1,0.987,"diablo-null","rosmap"
"patient-233",0,0.537,"diablo-null","rosmap"
"patient-234",1,0.754,"diablo-null","rosmap"
"patient-235",0,0.592,"diablo-null","rosmap"
"patient-237",1,0.647,"diablo-null","rosmap"
"patient-246",1,0.84,"diablo-null","rosmap"
"patient-247",1,0.596,"diablo-null","rosmap"
"patient-250",1,0.331,"diablo-null","rosmap"
"patient-251",1,0.892,"diablo-null","rosmap"
"patient-252",0,0.404,"diablo-null","rosmap"
"patient-253",0,0.294,"diablo-null","rosmap"
"patient-254",0,0.48,"diablo-null","rosmap"
"patient-255",0,0.267,"diablo-null","rosmap"
"patient-258",1,0.775,"diablo-null","rosmap"
"patient-259",1,0.776,"diablo-null","rosmap"
"patient-261",1,0.776,"diablo-null","rosmap"
"patient-262",0,0.304,"diablo-null","rosmap"
"patient-263",1,0.925,"diablo-null","rosmap"
"patient-265",1,0.44,"diablo-null","rosmap"
"patient-268",0,0.446,"diablo-null","rosmap"
"patient-269",0,0.416,"diablo-null","rosmap"
"patient-271",1,0.81,"diablo-null","rosmap"
"patient-272",0,0.589,"diablo-null","rosmap"
"patient-274",0,0.311,"diablo-null","rosmap"
"patient-277",0,0.456,"diablo-null","rosmap"
"patient-278",1,0.756,"diablo-null","rosmap"
"patient-279",1,0.34,"diablo-null","rosmap"
"patient-282",1,0.948,"diablo-null","rosmap"
"patient-284",1,0.504,"diablo-null","rosmap"
"patient-285",1,0.945,"diablo-null","rosmap"
"patient-286",1,0.763,"diablo-null","rosmap"
"patient-287",1,0.588,"diablo-null","rosmap"
"patient-289",1,0.349,"diablo-null","rosmap"
"patient-294",0,0.175,"diablo-null","rosmap"
"patient-295",0,0.53,"diablo-null","rosmap"
"patient-296",0,0.246,"diablo-null","rosmap"
"patient-297",1,0.556,"diablo-null","rosmap"
"patient-299",1,0.537,"diablo-null","rosmap"
"patient-302",1,0.578,"diablo-null","rosmap"
"patient-303",1,0.501,"diablo-null","rosmap"
"patient-304",0,0.344,"diablo-null","rosmap"
"patient-306",0,0.584,"diablo-null","rosmap"
"patient-307",0,0.458,"diablo-null","rosmap"
"patient-308",0,0.185,"diablo-null","rosmap"
"patient-309",0,0.248,"diablo-null","rosmap"
"patient-311",1,0.489,"diablo-null","rosmap"
"patient-314",1,0.733,"diablo-null","rosmap"
"patient-315",0,0.521,"diablo-null","rosmap"
"patient-318",0,0.38,"diablo-null","rosmap"
"patient-319",1,0.887,"diablo-null","rosmap"
"patient-322",1,0.964,"diablo-null","rosmap"
"patient-323",1,0.812,"diablo-null","rosmap"
"patient-327",1,0.509,"diablo-null","rosmap"
"patient-328",1,0.577,"diablo-null","rosmap"
"patient-329",0,0.381,"diablo-null","rosmap"
"patient-330",1,0.704,"diablo-null","rosmap"
"patient-331",0,0.553,"diablo-null","rosmap"
"patient-332",1,0.814,"diablo-null","rosmap"
"patient-334",0,0.327,"diablo-null","rosmap"
"patient-336",0,0.266,"diablo-null","rosmap"
"patient-337",1,0.992,"diablo-null","rosmap"
"patient-340",0,0.683,"diablo-null","rosmap"
"patient-343",1,0.63,"diablo-null","rosmap"
"patient-345",1,0.66,"diablo-null","rosmap"
"patient-346",1,0.527,"diablo-null","rosmap"
"patient-347",1,0.608,"diablo-null","rosmap"
"patient-350",1,0.512,"diablo-null","rosmap"
"subject1",0,0.018,"diablo-null","sim-data_n-50_effect-2_sigma-indep_corr-1"
"subject5",1,0.939,"diablo-null","sim-data_n-50_effect-2_sigma-indep_corr-1"
"subject12",1,0.973,"diablo-null","sim-data_n-50_effect-2_sigma-indep_corr-1"
"subject13",0,0.039,"diablo-null","sim-data_n-50_effect-2_sigma-indep_corr-1"
"subject15",0,0.006,"diablo-null","sim-data_n-50_effect-2_sigma-indep_corr-1"
"subject16",0,0.063,"diablo-null","sim-data_n-50_effect-2_sigma-indep_corr-1"
"subject20",0,0.017,"diablo-null","sim-data_n-50_effect-2_sigma-indep_corr-1"
"subject28",1,0.96,"diablo-null","sim-data_n-50_effect-2_sigma-indep_corr-1"
"subject29",0,0.04,"diablo-null","sim-data_n-50_effect-2_sigma-indep_corr-1"
"subject33",1,0.973,"diablo-null","sim-data_n-50_effect-2_sigma-indep_corr-1"
"subject37",1,0.916,"diablo-null","sim-data_n-50_effect-2_sigma-indep_corr-1"
"subject41",0,0.059,"diablo-null","sim-data_n-50_effect-2_sigma-indep_corr-1"
"subject43",0,0.081,"diablo-null","sim-data_n-50_effect-2_sigma-indep_corr-1"
"subject45",0,0.094,"diablo-null","sim-data_n-50_effect-2_sigma-indep_corr-1"
"subject47",1,0.983,"diablo-null","sim-data_n-50_effect-2_sigma-indep_corr-1"
"subject4",0,0.045,"diablo-null","sim-data_n-50_effect-2_sigma-indep_corr-0"
"subject5",1,0.947,"diablo-null","sim-data_n-50_effect-2_sigma-indep_corr-0"
"subject6",0,-0.016,"diablo-null","sim-data_n-50_effect-2_sigma-indep_corr-0"
"subject20",0,0.037,"diablo-null","sim-data_n-50_effect-2_sigma-indep_corr-0"
"subject23",0,0.048,"diablo-null","sim-data_n-50_effect-2_sigma-indep_corr-0"
"subject24",1,0.988,"diablo-null","sim-data_n-50_effect-2_sigma-indep_corr-0"
"subject26",0,0.034,"diablo-null","sim-data_n-50_effect-2_sigma-indep_corr-0"
"subject31",1,1.01,"diablo-null","sim-data_n-50_effect-2_sigma-indep_corr-0"
"subject32",0,0.002,"diablo-null","sim-data_n-50_effect-2_sigma-indep_corr-0"
"subject34",0,0.084,"diablo-null","sim-data_n-50_effect-2_sigma-indep_corr-0"
"subject36",1,0.979,"diablo-null","sim-data_n-50_effect-2_sigma-indep_corr-0"
"subject40",1,0.969,"diablo-null","sim-data_n-50_effect-2_sigma-indep_corr-0"
"subject42",0,0.051,"diablo-null","sim-data_n-50_effect-2_sigma-indep_corr-0"
"subject46",1,0.967,"diablo-null","sim-data_n-50_effect-2_sigma-indep_corr-0"
"subject49",0,0.068,"diablo-null","sim-data_n-50_effect-2_sigma-indep_corr-0"
"TCGA.A1.A0SK",0,0.249,"diablo-null","tcga-brca"
"TCGA.A2.A0CT",0,0.063,"diablo-null","tcga-brca"
"TCGA.A2.A0EU",0,0.37,"diablo-null","tcga-brca"
"TCGA.A2.A0SU",0,0.497,"diablo-null","tcga-brca"
"TCGA.A2.A0SW",1,0.609,"diablo-null","tcga-brca"
"TCGA.A2.A0T0",0,0.488,"diablo-null","tcga-brca"
"TCGA.A2.A0T1",1,0.341,"diablo-null","tcga-brca"
"TCGA.A2.A0T4",0,0.208,"diablo-null","tcga-brca"
"TCGA.A2.A0T5",0,0.505,"diablo-null","tcga-brca"
"TCGA.A2.A0YC",0,0.483,"diablo-null","tcga-brca"
"TCGA.A2.A0YD",0,0.507,"diablo-null","tcga-brca"
"TCGA.A2.A0YH",1,0.572,"diablo-null","tcga-brca"
"TCGA.A2.A0YK",0,0.34,"diablo-null","tcga-brca"
"TCGA.A2.A0YM",0,0.113,"diablo-null","tcga-brca"
"TCGA.A2.A0YT",1,0.767,"diablo-null","tcga-brca"
"TCGA.A8.A075",0,0.487,"diablo-null","tcga-brca"
"TCGA.AN.A0XN",1,0.354,"diablo-null","tcga-brca"
"TCGA.AN.A0XS",1,0.369,"diablo-null","tcga-brca"
"TCGA.AN.A0XU",0,0.344,"diablo-null","tcga-brca"
"TCGA.AO.A03L",1,0.604,"diablo-null","tcga-brca"
"TCGA.AO.A03M",0,0.45,"diablo-null","tcga-brca"
"TCGA.AO.A03N",0,0.539,"diablo-null","tcga-brca"
"TCGA.AO.A03U",0,0.026,"diablo-null","tcga-brca"
"TCGA.AO.A0JC",0,0.017,"diablo-null","tcga-brca"
"TCGA.AO.A0JF",0,0.3,"diablo-null","tcga-brca"
"TCGA.AO.A0JJ",0,0.282,"diablo-null","tcga-brca"
"TCGA.AO.A0JM",0,0.652,"diablo-null","tcga-brca"
"TCGA.AO.A12E",0,0.374,"diablo-null","tcga-brca"
"TCGA.AQ.A04L",0,0.145,"diablo-null","tcga-brca"
"TCGA.AR.A0TP",0,0.21,"diablo-null","tcga-brca"
"TCGA.AR.A0TQ",1,0.473,"diablo-null","tcga-brca"
"TCGA.AR.A0TZ",1,0.272,"diablo-null","tcga-brca"
"TCGA.AR.A0U2",1,0.687,"diablo-null","tcga-brca"
"TCGA.B6.A0RG",0,0.639,"diablo-null","tcga-brca"
"TCGA.B6.A0RO",1,0.436,"diablo-null","tcga-brca"
"TCGA.B6.A0RT",1,-0.068,"diablo-null","tcga-brca"
"TCGA.B6.A0RU",0,0.374,"diablo-null","tcga-brca"
"TCGA.B6.A0RV",1,0.372,"diablo-null","tcga-brca"
"TCGA.BH.A0B3",0,0.35,"diablo-null","tcga-brca"
"TCGA.BH.A0B9",0,0.112,"diablo-null","tcga-brca"
"TCGA.BH.A0BA",1,0.397,"diablo-null","tcga-brca"
"TCGA.BH.A0DH",0,0.28,"diablo-null","tcga-brca"
"TCGA.BH.A0DS",1,0.189,"diablo-null","tcga-brca"
"TCGA.BH.A0E0",1,0.415,"diablo-null","tcga-brca"
"TCGA.BH.A0E1",0,0.296,"diablo-null","tcga-brca"
"TCGA.BH.A0H6",0,0.145,"diablo-null","tcga-brca"
"TCGA.BH.A0H7",1,0.492,"diablo-null","tcga-brca"
"TCGA.BH.A0H9",0,0.67,"diablo-null","tcga-brca"
"TCGA.BH.A0HP",1,0.32,"diablo-null","tcga-brca"
"TCGA.BH.A0HX",0,0.543,"diablo-null","tcga-brca"
"TCGA.BH.A0W5",0,0.354,"diablo-null","tcga-brca"
"TCGA.E2.A108",1,-0.026,"diablo-null","tcga-brca"
"TCGA.E2.A109",0,0.604,"diablo-null","tcga-brca"
"TCGA.E2.A10B",0,0.457,"diablo-null","tcga-brca"
"TCGA.AO.A0JI",0,0.486,"diablo-null","tcga-brca"
"TCGA.A1.A0SH",0,0.21,"diablo-null","tcga-brca"
"TCGA.A1.A0SJ",1,0.384,"diablo-null","tcga-brca"
"TCGA.A1.A0SO",0,0.284,"diablo-null","tcga-brca"
"TCGA.A2.A0ST",0,0.686,"diablo-null","tcga-brca"
"TCGA.A2.A0SV",1,0.463,"diablo-null","tcga-brca"
"TCGA.A2.A0SX",0,0.404,"diablo-null","tcga-brca"
"TCGA.A2.A0T2",1,0.5,"diablo-null","tcga-brca"
"TCGA.A2.A0T6",0,0.333,"diablo-null","tcga-brca"
"TCGA.A2.A0T7",0,0.444,"diablo-null","tcga-brca"
"TCGA.A2.A0YF",0,0.231,"diablo-null","tcga-brca"
"TCGA.A2.A0YG",1,0.476,"diablo-null","tcga-brca"
"TCGA.A2.A0YI",0,0.343,"diablo-null","tcga-brca"
"TCGA.A2.A0YL",1,0.257,"diablo-null","tcga-brca"
"TCGA.A7.A0D9",0,0.492,"diablo-null","tcga-brca"
"TCGA.A8.A08O",1,0.148,"diablo-null","tcga-brca"
"TCGA.AN.A0XO",1,0.22,"diablo-null","tcga-brca"
"TCGA.AN.A0XP",1,0.101,"diablo-null","tcga-brca"
"TCGA.AN.A0XT",1,0.14,"diablo-null","tcga-brca"
"TCGA.AN.A0XW",1,0.123,"diablo-null","tcga-brca"
"TCGA.AO.A0JB",1,0.23,"diablo-null","tcga-brca"
"TCGA.AO.A0JD",1,0.246,"diablo-null","tcga-brca"
"TCGA.AO.A0JE",1,0.404,"diablo-null","tcga-brca"
"TCGA.AO.A0JG",1,0.32,"diablo-null","tcga-brca"
"TCGA.AO.A0JL",1,0.175,"diablo-null","tcga-brca"
"TCGA.AO.A124",0,0.082,"diablo-null","tcga-brca"
"TCGA.AO.A126",0,0.134,"diablo-null","tcga-brca"
"TCGA.AO.A128",0,0.602,"diablo-null","tcga-brca"
"TCGA.AO.A129",0,0.261,"diablo-null","tcga-brca"
"TCGA.AO.A12C",0,0.1,"diablo-null","tcga-brca"
"TCGA.AO.A12G",0,0.254,"diablo-null","tcga-brca"
"TCGA.AR.A0TR",0,0.063,"diablo-null","tcga-brca"
"TCGA.AR.A0TT",1,0.542,"diablo-null","tcga-brca"
"TCGA.AR.A0TV",0,0.385,"diablo-null","tcga-brca"
"TCGA.AR.A0TX",0,0.705,"diablo-null","tcga-brca"
"TCGA.AR.A0U3",0,0.607,"diablo-null","tcga-brca"
"TCGA.AR.A0U4",0,0.618,"diablo-null","tcga-brca"
"TCGA.B6.A0IK",1,0.427,"diablo-null","tcga-brca"
"TCGA.B6.A0RL",0,0.358,"diablo-null","tcga-brca"
"TCGA.B6.A0RN",0,0.146,"diablo-null","tcga-brca"
"TCGA.B6.A0WX",1,0.267,"diablo-null","tcga-brca"
"TCGA.BH.A0BC",1,0.42,"diablo-null","tcga-brca"
"TCGA.BH.A0BJ",0,0.333,"diablo-null","tcga-brca"
"TCGA.BH.A0BM",0,-0.045,"diablo-null","tcga-brca"
"TCGA.BH.A0C0",0,0.522,"diablo-null","tcga-brca"
"TCGA.BH.A0DK",0,0.505,"diablo-null","tcga-brca"
"TCGA.BH.A0DP",0,0.283,"diablo-null","tcga-brca"
"TCGA.BH.A0GY",0,0.569,"diablo-null","tcga-brca"
"TCGA.BH.A0HK",0,0.223,"diablo-null","tcga-brca"
"TCGA.BH.A0HY",0,0.349,"diablo-null","tcga-brca"
"TCGA.BH.A0RX",0,0.656,"diablo-null","tcga-brca"
"TCGA.BH.A0W4",0,0.131,"diablo-null","tcga-brca"
"TCGA.E2.A107",1,0.43,"diablo-null","tcga-brca"
"TCGA.E2.A10C",0,0.563,"diablo-null","tcga-brca"
"TCGA.E2.A10E",0,0.071,"diablo-null","tcga-brca"
"subject1",0,-0.004,"diablo-null","sim-data_n-50_effect-2_sigma-def_corr-0.5"
"subject2",0,-0.026,"diablo-null","sim-data_n-50_effect-2_sigma-def_corr-0.5"
"subject6",1,0.953,"diablo-null","sim-data_n-50_effect-2_sigma-def_corr-0.5"
"subject10",0,-0.032,"diablo-null","sim-data_n-50_effect-2_sigma-def_corr-0.5"
"subject11",0,-0.06,"diablo-null","sim-data_n-50_effect-2_sigma-def_corr-0.5"
"subject12",0,0.064,"diablo-null","sim-data_n-50_effect-2_sigma-def_corr-0.5"
"subject15",0,0.152,"diablo-null","sim-data_n-50_effect-2_sigma-def_corr-0.5"
"subject27",0,0.109,"diablo-null","sim-data_n-50_effect-2_sigma-def_corr-0.5"
"subject30",1,0.923,"diablo-null","sim-data_n-50_effect-2_sigma-def_corr-0.5"
"subject34",1,0.941,"diablo-null","sim-data_n-50_effect-2_sigma-def_corr-0.5"
"subject37",1,0.981,"diablo-null","sim-data_n-50_effect-2_sigma-def_corr-0.5"
"subject39",0,0.004,"diablo-null","sim-data_n-50_effect-2_sigma-def_corr-0.5"
"subject41",0,0.145,"diablo-null","sim-data_n-50_effect-2_sigma-def_corr-0.5"
"subject45",1,0.972,"diablo-null","sim-data_n-50_effect-2_sigma-def_corr-0.5"
"subject48",1,0.983,"diablo-null","sim-data_n-50_effect-2_sigma-def_corr-0.5"
"subject6",0,0.025,"diablo-null","sim-data_n-500_effect-2_sigma-def_corr-1"
"subject17",0,0.018,"diablo-null","sim-data_n-500_effect-2_sigma-def_corr-1"
"subject18",0,-0.094,"diablo-null","sim-data_n-500_effect-2_sigma-def_corr-1"
"subject19",1,0.98,"diablo-null","sim-data_n-500_effect-2_sigma-def_corr-1"
"subject20",0,0.056,"diablo-null","sim-data_n-500_effect-2_sigma-def_corr-1"
"subject24",0,0.012,"diablo-null","sim-data_n-500_effect-2_sigma-def_corr-1"
"subject25",0,0.084,"diablo-null","sim-data_n-500_effect-2_sigma-def_corr-1"
"subject27",1,0.929,"diablo-null","sim-data_n-500_effect-2_sigma-def_corr-1"
"subject34",0,0.085,"diablo-null","sim-data_n-500_effect-2_sigma-def_corr-1"
"subject35",0,0.125,"diablo-null","sim-data_n-500_effect-2_sigma-def_corr-1"
"subject53",1,0.936,"diablo-null","sim-data_n-500_effect-2_sigma-def_corr-1"
"subject56",0,0.071,"diablo-null","sim-data_n-500_effect-2_sigma-def_corr-1"
"subject58",1,0.98,"diablo-null","sim-data_n-500_effect-2_sigma-def_corr-1"
"subject63",0,-0.033,"diablo-null","sim-data_n-500_effect-2_sigma-def_corr-1"
"subject66",1,0.938,"diablo-null","sim-data_n-500_effect-2_sigma-def_corr-1"
"subject68",1,1.023,"diablo-null","sim-data_n-500_effect-2_sigma-def_corr-1"
"subject70",1,1.047,"diablo-null","sim-data_n-500_effect-2_sigma-def_corr-1"
"subject71",1,0.941,"diablo-null","sim-data_n-500_effect-2_sigma-def_corr-1"
"subject73",1,1,"diablo-null","sim-data_n-500_effect-2_sigma-def_corr-1"
"subject74",1,0.91,"diablo-null","sim-data_n-500_effect-2_sigma-def_corr-1"
"subject75",0,-0.071,"diablo-null","sim-data_n-500_effect-2_sigma-def_corr-1"
"subject81",1,0.949,"diablo-null","sim-data_n-500_effect-2_sigma-def_corr-1"
"subject83",1,0.955,"diablo-null","sim-data_n-500_effect-2_sigma-def_corr-1"
"subject86",1,1.012,"diablo-null","sim-data_n-500_effect-2_sigma-def_corr-1"
"subject89",1,0.901,"diablo-null","sim-data_n-500_effect-2_sigma-def_corr-1"
"subject95",0,-0.028,"diablo-null","sim-data_n-500_effect-2_sigma-def_corr-1"
"subject97",1,0.975,"diablo-null","sim-data_n-500_effect-2_sigma-def_corr-1"
"subject106",1,0.948,"diablo-null","sim-data_n-500_effect-2_sigma-def_corr-1"
"subject109",0,0.053,"diablo-null","sim-data_n-500_effect-2_sigma-def_corr-1"
"subject114",0,0.013,"diablo-null","sim-data_n-500_effect-2_sigma-def_corr-1"
"subject122",0,0.045,"diablo-null","sim-data_n-500_effect-2_sigma-def_corr-1"
"subject123",1,0.984,"diablo-null","sim-data_n-500_effect-2_sigma-def_corr-1"
"subject125",0,-0.063,"diablo-null","sim-data_n-500_effect-2_sigma-def_corr-1"
"subject130",0,-0.019,"diablo-null","sim-data_n-500_effect-2_sigma-def_corr-1"
"subject134",0,0.095,"diablo-null","sim-data_n-500_effect-2_sigma-def_corr-1"
"subject138",0,0.019,"diablo-null","sim-data_n-500_effect-2_sigma-def_corr-1"
"subject142",0,-0.007,"diablo-null","sim-data_n-500_effect-2_sigma-def_corr-1"
"subject146",0,0.008,"diablo-null","sim-data_n-500_effect-2_sigma-def_corr-1"
"subject147",1,0.965,"diablo-null","sim-data_n-500_effect-2_sigma-def_corr-1"
"subject148",0,-0.031,"diablo-null","sim-data_n-500_effect-2_sigma-def_corr-1"
"subject153",0,0.008,"diablo-null","sim-data_n-500_effect-2_sigma-def_corr-1"
"subject163",0,0.001,"diablo-null","sim-data_n-500_effect-2_sigma-def_corr-1"
"subject165",1,0.955,"diablo-null","sim-data_n-500_effect-2_sigma-def_corr-1"
"subject166",1,1.022,"diablo-null","sim-data_n-500_effect-2_sigma-def_corr-1"
"subject168",1,0.937,"diablo-null","sim-data_n-500_effect-2_sigma-def_corr-1"
"subject172",0,-0.024,"diablo-null","sim-data_n-500_effect-2_sigma-def_corr-1"
"subject174",1,0.98,"diablo-null","sim-data_n-500_effect-2_sigma-def_corr-1"
"subject176",1,0.928,"diablo-null","sim-data_n-500_effect-2_sigma-def_corr-1"
"subject180",0,0.033,"diablo-null","sim-data_n-500_effect-2_sigma-def_corr-1"
"subject181",1,0.968,"diablo-null","sim-data_n-500_effect-2_sigma-def_corr-1"
"subject182",0,0.017,"diablo-null","sim-data_n-500_effect-2_sigma-def_corr-1"
"subject184",1,0.948,"diablo-null","sim-data_n-500_effect-2_sigma-def_corr-1"
"subject190",1,0.929,"diablo-null","sim-data_n-500_effect-2_sigma-def_corr-1"
"subject192",0,0.038,"diablo-null","sim-data_n-500_effect-2_sigma-def_corr-1"
"subject198",1,0.924,"diablo-null","sim-data_n-500_effect-2_sigma-def_corr-1"
"subject201",1,0.993,"diablo-null","sim-data_n-500_effect-2_sigma-def_corr-1"
"subject205",1,1.003,"diablo-null","sim-data_n-500_effect-2_sigma-def_corr-1"
"subject208",0,0.011,"diablo-null","sim-data_n-500_effect-2_sigma-def_corr-1"
"subject212",0,-0.048,"diablo-null","sim-data_n-500_effect-2_sigma-def_corr-1"
"subject214",0,-0.005,"diablo-null","sim-data_n-500_effect-2_sigma-def_corr-1"
"subject215",0,0.019,"diablo-null","sim-data_n-500_effect-2_sigma-def_corr-1"
"subject216",1,0.996,"diablo-null","sim-data_n-500_effect-2_sigma-def_corr-1"
"subject217",1,0.91,"diablo-null","sim-data_n-500_effect-2_sigma-def_corr-1"
"subject220",0,-0.062,"diablo-null","sim-data_n-500_effect-2_sigma-def_corr-1"
"subject221",0,0.042,"diablo-null","sim-data_n-500_effect-2_sigma-def_corr-1"
"subject224",1,1.022,"diablo-null","sim-data_n-500_effect-2_sigma-def_corr-1"
"subject226",0,0.069,"diablo-null","sim-data_n-500_effect-2_sigma-def_corr-1"
"subject227",1,0.903,"diablo-null","sim-data_n-500_effect-2_sigma-def_corr-1"
"subject231",0,0.029,"diablo-null","sim-data_n-500_effect-2_sigma-def_corr-1"
"subject233",0,0.036,"diablo-null","sim-data_n-500_effect-2_sigma-def_corr-1"
"subject234",1,0.924,"diablo-null","sim-data_n-500_effect-2_sigma-def_corr-1"
"subject237",1,0.93,"diablo-null","sim-data_n-500_effect-2_sigma-def_corr-1"
"subject243",1,1,"diablo-null","sim-data_n-500_effect-2_sigma-def_corr-1"
"subject245",0,0.066,"diablo-null","sim-data_n-500_effect-2_sigma-def_corr-1"
"subject248",1,0.982,"diablo-null","sim-data_n-500_effect-2_sigma-def_corr-1"
"subject259",0,-0.002,"diablo-null","sim-data_n-500_effect-2_sigma-def_corr-1"
"subject260",1,0.977,"diablo-null","sim-data_n-500_effect-2_sigma-def_corr-1"
"subject265",1,0.993,"diablo-null","sim-data_n-500_effect-2_sigma-def_corr-1"
"subject266",1,0.93,"diablo-null","sim-data_n-500_effect-2_sigma-def_corr-1"
"subject270",0,-0.015,"diablo-null","sim-data_n-500_effect-2_sigma-def_corr-1"
"subject271",0,0.047,"diablo-null","sim-data_n-500_effect-2_sigma-def_corr-1"
"subject273",0,-0.037,"diablo-null","sim-data_n-500_effect-2_sigma-def_corr-1"
"subject278",1,0.945,"diablo-null","sim-data_n-500_effect-2_sigma-def_corr-1"
"subject281",0,-0.068,"diablo-null","sim-data_n-500_effect-2_sigma-def_corr-1"
"subject286",1,0.979,"diablo-null","sim-data_n-500_effect-2_sigma-def_corr-1"
"subject288",1,0.992,"diablo-null","sim-data_n-500_effect-2_sigma-def_corr-1"
"subject297",0,0.002,"diablo-null","sim-data_n-500_effect-2_sigma-def_corr-1"
"subject299",1,0.97,"diablo-null","sim-data_n-500_effect-2_sigma-def_corr-1"
"subject300",0,0.064,"diablo-null","sim-data_n-500_effect-2_sigma-def_corr-1"
"subject302",0,-0.008,"diablo-null","sim-data_n-500_effect-2_sigma-def_corr-1"
"subject311",0,-0.006,"diablo-null","sim-data_n-500_effect-2_sigma-def_corr-1"
"subject312",0,0.044,"diablo-null","sim-data_n-500_effect-2_sigma-def_corr-1"
"subject319",1,1.006,"diablo-null","sim-data_n-500_effect-2_sigma-def_corr-1"
"subject320",0,-0.011,"diablo-null","sim-data_n-500_effect-2_sigma-def_corr-1"
"subject323",0,0.042,"diablo-null","sim-data_n-500_effect-2_sigma-def_corr-1"
"subject326",1,1.01,"diablo-null","sim-data_n-500_effect-2_sigma-def_corr-1"
"subject331",1,0.977,"diablo-null","sim-data_n-500_effect-2_sigma-def_corr-1"
"subject334",1,1.053,"diablo-null","sim-data_n-500_effect-2_sigma-def_corr-1"
"subject335",1,0.999,"diablo-null","sim-data_n-500_effect-2_sigma-def_corr-1"
"subject338",1,0.951,"diablo-null","sim-data_n-500_effect-2_sigma-def_corr-1"
"subject343",1,0.981,"diablo-null","sim-data_n-500_effect-2_sigma-def_corr-1"
"subject344",0,-0.01,"diablo-null","sim-data_n-500_effect-2_sigma-def_corr-1"
"subject347",0,0.007,"diablo-null","sim-data_n-500_effect-2_sigma-def_corr-1"
"subject349",1,0.961,"diablo-null","sim-data_n-500_effect-2_sigma-def_corr-1"
"subject351",1,0.931,"diablo-null","sim-data_n-500_effect-2_sigma-def_corr-1"
"subject352",0,0.051,"diablo-null","sim-data_n-500_effect-2_sigma-def_corr-1"
"subject353",0,0.075,"diablo-null","sim-data_n-500_effect-2_sigma-def_corr-1"
"subject356",0,0.025,"diablo-null","sim-data_n-500_effect-2_sigma-def_corr-1"
"subject362",0,0.046,"diablo-null","sim-data_n-500_effect-2_sigma-def_corr-1"
"subject364",0,0.076,"diablo-null","sim-data_n-500_effect-2_sigma-def_corr-1"
"subject368",1,0.97,"diablo-null","sim-data_n-500_effect-2_sigma-def_corr-1"
"subject376",1,0.958,"diablo-null","sim-data_n-500_effect-2_sigma-def_corr-1"
"subject377",0,0.012,"diablo-null","sim-data_n-500_effect-2_sigma-def_corr-1"
"subject378",1,0.942,"diablo-null","sim-data_n-500_effect-2_sigma-def_corr-1"
"subject379",1,0.947,"diablo-null","sim-data_n-500_effect-2_sigma-def_corr-1"
"subject389",1,0.909,"diablo-null","sim-data_n-500_effect-2_sigma-def_corr-1"
"subject392",0,0.006,"diablo-null","sim-data_n-500_effect-2_sigma-def_corr-1"
"subject395",1,0.986,"diablo-null","sim-data_n-500_effect-2_sigma-def_corr-1"
"subject403",0,0.056,"diablo-null","sim-data_n-500_effect-2_sigma-def_corr-1"
"subject404",0,-0.002,"diablo-null","sim-data_n-500_effect-2_sigma-def_corr-1"
"subject405",1,0.98,"diablo-null","sim-data_n-500_effect-2_sigma-def_corr-1"
"subject408",0,-0.036,"diablo-null","sim-data_n-500_effect-2_sigma-def_corr-1"
"subject410",0,-0.022,"diablo-null","sim-data_n-500_effect-2_sigma-def_corr-1"
"subject418",1,0.988,"diablo-null","sim-data_n-500_effect-2_sigma-def_corr-1"
"subject422",0,-0.011,"diablo-null","sim-data_n-500_effect-2_sigma-def_corr-1"
"subject430",0,0.07,"diablo-null","sim-data_n-500_effect-2_sigma-def_corr-1"
"subject435",0,0.02,"diablo-null","sim-data_n-500_effect-2_sigma-def_corr-1"
"subject437",1,0.924,"diablo-null","sim-data_n-500_effect-2_sigma-def_corr-1"
"subject440",1,1.025,"diablo-null","sim-data_n-500_effect-2_sigma-def_corr-1"
"subject445",1,0.959,"diablo-null","sim-data_n-500_effect-2_sigma-def_corr-1"
"subject447",0,0.022,"diablo-null","sim-data_n-500_effect-2_sigma-def_corr-1"
"subject449",1,0.994,"diablo-null","sim-data_n-500_effect-2_sigma-def_corr-1"
"subject450",1,1.03,"diablo-null","sim-data_n-500_effect-2_sigma-def_corr-1"
"subject453",0,0.01,"diablo-null","sim-data_n-500_effect-2_sigma-def_corr-1"
"subject459",0,0.054,"diablo-null","sim-data_n-500_effect-2_sigma-def_corr-1"
"subject466",1,1.027,"diablo-null","sim-data_n-500_effect-2_sigma-def_corr-1"
"subject467",1,0.984,"diablo-null","sim-data_n-500_effect-2_sigma-def_corr-1"
"subject471",0,-0.005,"diablo-null","sim-data_n-500_effect-2_sigma-def_corr-1"
"subject472",1,0.93,"diablo-null","sim-data_n-500_effect-2_sigma-def_corr-1"
"subject473",1,1.006,"diablo-null","sim-data_n-500_effect-2_sigma-def_corr-1"
"subject476",0,0.026,"diablo-null","sim-data_n-500_effect-2_sigma-def_corr-1"
"subject478",0,-0.056,"diablo-null","sim-data_n-500_effect-2_sigma-def_corr-1"
"subject479",1,0.94,"diablo-null","sim-data_n-500_effect-2_sigma-def_corr-1"
"subject482",1,0.99,"diablo-null","sim-data_n-500_effect-2_sigma-def_corr-1"
"subject483",1,0.921,"diablo-null","sim-data_n-500_effect-2_sigma-def_corr-1"
"subject485",0,0.058,"diablo-null","sim-data_n-500_effect-2_sigma-def_corr-1"
"subject489",0,0.056,"diablo-null","sim-data_n-500_effect-2_sigma-def_corr-1"
"subject495",1,1.017,"diablo-null","sim-data_n-500_effect-2_sigma-def_corr-1"
"subject496",1,0.922,"diablo-null","sim-data_n-500_effect-2_sigma-def_corr-1"
"subject499",1,1.048,"diablo-null","sim-data_n-500_effect-2_sigma-def_corr-1"
"subject1",1,0.976,"diablo-null","sim-data_n-500_effect-2_sigma-def_corr-1"
"subject2",0,0.006,"diablo-null","sim-data_n-500_effect-2_sigma-def_corr-1"
"subject8",0,-0.009,"diablo-null","sim-data_n-500_effect-2_sigma-def_corr-1"
"subject10",1,0.941,"diablo-null","sim-data_n-500_effect-2_sigma-def_corr-1"
"subject11",1,1.001,"diablo-null","sim-data_n-500_effect-2_sigma-def_corr-1"
"subject12",0,0.003,"diablo-null","sim-data_n-500_effect-2_sigma-def_corr-1"
"subject22",1,0.988,"diablo-null","sim-data_n-500_effect-2_sigma-def_corr-1"
"subject32",0,0.01,"diablo-null","sim-data_n-500_effect-2_sigma-def_corr-1"
"subject33",0,0.055,"diablo-null","sim-data_n-500_effect-2_sigma-def_corr-1"
"subject36",1,1.012,"diablo-null","sim-data_n-500_effect-2_sigma-def_corr-1"
"subject42",0,-0.014,"diablo-null","sim-data_n-500_effect-2_sigma-def_corr-1"
"subject44",0,0.026,"diablo-null","sim-data_n-500_effect-2_sigma-def_corr-1"
"subject45",0,0.015,"diablo-null","sim-data_n-500_effect-2_sigma-def_corr-1"
"subject46",0,0.091,"diablo-null","sim-data_n-500_effect-2_sigma-def_corr-1"
"subject48",1,1.06,"diablo-null","sim-data_n-500_effect-2_sigma-def_corr-1"
"subject52",0,0.054,"diablo-null","sim-data_n-500_effect-2_sigma-def_corr-1"
"subject54",0,-0.021,"diablo-null","sim-data_n-500_effect-2_sigma-def_corr-1"
"subject55",0,-0.038,"diablo-null","sim-data_n-500_effect-2_sigma-def_corr-1"
"subject59",1,1.09,"diablo-null","sim-data_n-500_effect-2_sigma-def_corr-1"
"subject64",0,0.051,"diablo-null","sim-data_n-500_effect-2_sigma-def_corr-1"
"subject76",1,1.063,"diablo-null","sim-data_n-500_effect-2_sigma-def_corr-1"
"subject78",0,-0.027,"diablo-null","sim-data_n-500_effect-2_sigma-def_corr-1"
"subject88",1,0.988,"diablo-null","sim-data_n-500_effect-2_sigma-def_corr-1"
"subject91",0,-0.032,"diablo-null","sim-data_n-500_effect-2_sigma-def_corr-1"
"subject92",1,0.946,"diablo-null","sim-data_n-500_effect-2_sigma-def_corr-1"
"subject93",1,0.973,"diablo-null","sim-data_n-500_effect-2_sigma-def_corr-1"
"subject96",1,0.976,"diablo-null","sim-data_n-500_effect-2_sigma-def_corr-1"
"subject99",0,-0.03,"diablo-null","sim-data_n-500_effect-2_sigma-def_corr-1"
"subject103",1,1.019,"diablo-null","sim-data_n-500_effect-2_sigma-def_corr-1"
"subject110",1,1.056,"diablo-null","sim-data_n-500_effect-2_sigma-def_corr-1"
"subject111",1,1.009,"diablo-null","sim-data_n-500_effect-2_sigma-def_corr-1"
"subject118",1,0.984,"diablo-null","sim-data_n-500_effect-2_sigma-def_corr-1"
"subject120",0,-0.018,"diablo-null","sim-data_n-500_effect-2_sigma-def_corr-1"
"subject127",1,1.052,"diablo-null","sim-data_n-500_effect-2_sigma-def_corr-1"
"subject128",1,0.951,"diablo-null","sim-data_n-500_effect-2_sigma-def_corr-1"
"subject129",1,0.997,"diablo-null","sim-data_n-500_effect-2_sigma-def_corr-1"
"subject132",0,0.076,"diablo-null","sim-data_n-500_effect-2_sigma-def_corr-1"
"subject133",0,0.019,"diablo-null","sim-data_n-500_effect-2_sigma-def_corr-1"
"subject135",1,1.092,"diablo-null","sim-data_n-500_effect-2_sigma-def_corr-1"
"subject136",1,1.035,"diablo-null","sim-data_n-500_effect-2_sigma-def_corr-1"
"subject137",0,-0.023,"diablo-null","sim-data_n-500_effect-2_sigma-def_corr-1"
"subject141",0,0.009,"diablo-null","sim-data_n-500_effect-2_sigma-def_corr-1"
"subject144",0,0.115,"diablo-null","sim-data_n-500_effect-2_sigma-def_corr-1"
"subject150",1,0.982,"diablo-null","sim-data_n-500_effect-2_sigma-def_corr-1"
"subject151",0,0.039,"diablo-null","sim-data_n-500_effect-2_sigma-def_corr-1"
"subject152",1,1.017,"diablo-null","sim-data_n-500_effect-2_sigma-def_corr-1"
"subject155",0,-0.024,"diablo-null","sim-data_n-500_effect-2_sigma-def_corr-1"
"subject156",0,-0.009,"diablo-null","sim-data_n-500_effect-2_sigma-def_corr-1"
"subject157",1,1,"diablo-null","sim-data_n-500_effect-2_sigma-def_corr-1"
"subject158",0,-0.013,"diablo-null","sim-data_n-500_effect-2_sigma-def_corr-1"
"subject160",1,0.985,"diablo-null","sim-data_n-500_effect-2_sigma-def_corr-1"
"subject167",0,0.004,"diablo-null","sim-data_n-500_effect-2_sigma-def_corr-1"
"subject169",0,-0.032,"diablo-null","sim-data_n-500_effect-2_sigma-def_corr-1"
"subject170",0,0.002,"diablo-null","sim-data_n-500_effect-2_sigma-def_corr-1"
"subject173",1,1.055,"diablo-null","sim-data_n-500_effect-2_sigma-def_corr-1"
"subject175",0,0.033,"diablo-null","sim-data_n-500_effect-2_sigma-def_corr-1"
"subject177",0,0.055,"diablo-null","sim-data_n-500_effect-2_sigma-def_corr-1"
"subject183",0,-0.059,"diablo-null","sim-data_n-500_effect-2_sigma-def_corr-1"
"subject187",0,0.048,"diablo-null","sim-data_n-500_effect-2_sigma-def_corr-1"
"subject189",1,0.998,"diablo-null","sim-data_n-500_effect-2_sigma-def_corr-1"
"subject193",0,0.022,"diablo-null","sim-data_n-500_effect-2_sigma-def_corr-1"
"subject197",1,1.037,"diablo-null","sim-data_n-500_effect-2_sigma-def_corr-1"
"subject202",1,0.992,"diablo-null","sim-data_n-500_effect-2_sigma-def_corr-1"
"subject209",1,1.043,"diablo-null","sim-data_n-500_effect-2_sigma-def_corr-1"
"subject210",1,0.984,"diablo-null","sim-data_n-500_effect-2_sigma-def_corr-1"
"subject219",0,-0.007,"diablo-null","sim-data_n-500_effect-2_sigma-def_corr-1"
"subject222",0,0.016,"diablo-null","sim-data_n-500_effect-2_sigma-def_corr-1"
"subject223",1,0.947,"diablo-null","sim-data_n-500_effect-2_sigma-def_corr-1"
"subject228",1,1.011,"diablo-null","sim-data_n-500_effect-2_sigma-def_corr-1"
"subject229",0,0.024,"diablo-null","sim-data_n-500_effect-2_sigma-def_corr-1"
"subject232",1,1.026,"diablo-null","sim-data_n-500_effect-2_sigma-def_corr-1"
"subject241",1,1.01,"diablo-null","sim-data_n-500_effect-2_sigma-def_corr-1"
"subject242",0,0.011,"diablo-null","sim-data_n-500_effect-2_sigma-def_corr-1"
"subject252",0,-0.067,"diablo-null","sim-data_n-500_effect-2_sigma-def_corr-1"
"subject262",0,0.048,"diablo-null","sim-data_n-500_effect-2_sigma-def_corr-1"
"subject263",1,0.945,"diablo-null","sim-data_n-500_effect-2_sigma-def_corr-1"
"subject264",0,-0.047,"diablo-null","sim-data_n-500_effect-2_sigma-def_corr-1"
"subject267",0,-0.059,"diablo-null","sim-data_n-500_effect-2_sigma-def_corr-1"
"subject274",0,0.027,"diablo-null","sim-data_n-500_effect-2_sigma-def_corr-1"
"subject275",1,1.006,"diablo-null","sim-data_n-500_effect-2_sigma-def_corr-1"
"subject279",0,0.008,"diablo-null","sim-data_n-500_effect-2_sigma-def_corr-1"
"subject280",0,-0.006,"diablo-null","sim-data_n-500_effect-2_sigma-def_corr-1"
"subject283",1,0.987,"diablo-null","sim-data_n-500_effect-2_sigma-def_corr-1"
"subject285",0,0.04,"diablo-null","sim-data_n-500_effect-2_sigma-def_corr-1"
"subject289",1,0.977,"diablo-null","sim-data_n-500_effect-2_sigma-def_corr-1"
"subject290",1,1.117,"diablo-null","sim-data_n-500_effect-2_sigma-def_corr-1"
"subject292",1,1.003,"diablo-null","sim-data_n-500_effect-2_sigma-def_corr-1"
"subject293",1,1.038,"diablo-null","sim-data_n-500_effect-2_sigma-def_corr-1"
"subject294",0,-0.027,"diablo-null","sim-data_n-500_effect-2_sigma-def_corr-1"
"subject295",1,0.955,"diablo-null","sim-data_n-500_effect-2_sigma-def_corr-1"
"subject296",1,1.009,"diablo-null","sim-data_n-500_effect-2_sigma-def_corr-1"
"subject301",1,0.985,"diablo-null","sim-data_n-500_effect-2_sigma-def_corr-1"
"subject304",1,1.007,"diablo-null","sim-data_n-500_effect-2_sigma-def_corr-1"
"subject306",1,1.021,"diablo-null","sim-data_n-500_effect-2_sigma-def_corr-1"
"subject307",1,0.94,"diablo-null","sim-data_n-500_effect-2_sigma-def_corr-1"
"subject308",0,0.043,"diablo-null","sim-data_n-500_effect-2_sigma-def_corr-1"
"subject309",1,0.975,"diablo-null","sim-data_n-500_effect-2_sigma-def_corr-1"
"subject310",0,0.069,"diablo-null","sim-data_n-500_effect-2_sigma-def_corr-1"
"subject313",0,0.023,"diablo-null","sim-data_n-500_effect-2_sigma-def_corr-1"
"subject314",1,1.005,"diablo-null","sim-data_n-500_effect-2_sigma-def_corr-1"
"subject315",0,0.028,"diablo-null","sim-data_n-500_effect-2_sigma-def_corr-1"
"subject317",1,1.022,"diablo-null","sim-data_n-500_effect-2_sigma-def_corr-1"
"subject318",1,1.024,"diablo-null","sim-data_n-500_effect-2_sigma-def_corr-1"
"subject328",1,0.99,"diablo-null","sim-data_n-500_effect-2_sigma-def_corr-1"
"subject329",0,0.011,"diablo-null","sim-data_n-500_effect-2_sigma-def_corr-1"
"subject337",1,1.047,"diablo-null","sim-data_n-500_effect-2_sigma-def_corr-1"
"subject339",0,0.028,"diablo-null","sim-data_n-500_effect-2_sigma-def_corr-1"
"subject345",0,0.007,"diablo-null","sim-data_n-500_effect-2_sigma-def_corr-1"
"subject346",0,-0.027,"diablo-null","sim-data_n-500_effect-2_sigma-def_corr-1"
"subject354",0,-0.029,"diablo-null","sim-data_n-500_effect-2_sigma-def_corr-1"
"subject355",1,0.978,"diablo-null","sim-data_n-500_effect-2_sigma-def_corr-1"
"subject358",0,0.069,"diablo-null","sim-data_n-500_effect-2_sigma-def_corr-1"
"subject359",0,0.027,"diablo-null","sim-data_n-500_effect-2_sigma-def_corr-1"
"subject361",0,0.058,"diablo-null","sim-data_n-500_effect-2_sigma-def_corr-1"
"subject367",1,0.942,"diablo-null","sim-data_n-500_effect-2_sigma-def_corr-1"
"subject372",1,0.953,"diablo-null","sim-data_n-500_effect-2_sigma-def_corr-1"
"subject382",0,0.038,"diablo-null","sim-data_n-500_effect-2_sigma-def_corr-1"
"subject384",1,0.955,"diablo-null","sim-data_n-500_effect-2_sigma-def_corr-1"
"subject386",0,-0.028,"diablo-null","sim-data_n-500_effect-2_sigma-def_corr-1"
"subject391",1,0.978,"diablo-null","sim-data_n-500_effect-2_sigma-def_corr-1"
"subject393",0,0.041,"diablo-null","sim-data_n-500_effect-2_sigma-def_corr-1"
"subject398",0,0.005,"diablo-null","sim-data_n-500_effect-2_sigma-def_corr-1"
"subject399",0,0.021,"diablo-null","sim-data_n-500_effect-2_sigma-def_corr-1"
"subject406",1,0.989,"diablo-null","sim-data_n-500_effect-2_sigma-def_corr-1"
"subject407",0,-0.005,"diablo-null","sim-data_n-500_effect-2_sigma-def_corr-1"
"subject411",0,0.004,"diablo-null","sim-data_n-500_effect-2_sigma-def_corr-1"
"subject413",0,-0.007,"diablo-null","sim-data_n-500_effect-2_sigma-def_corr-1"
"subject415",1,1.003,"diablo-null","sim-data_n-500_effect-2_sigma-def_corr-1"
"subject416",0,0.081,"diablo-null","sim-data_n-500_effect-2_sigma-def_corr-1"
"subject417",1,0.929,"diablo-null","sim-data_n-500_effect-2_sigma-def_corr-1"
"subject420",0,0.091,"diablo-null","sim-data_n-500_effect-2_sigma-def_corr-1"
"subject424",0,0.068,"diablo-null","sim-data_n-500_effect-2_sigma-def_corr-1"
"subject425",1,1.002,"diablo-null","sim-data_n-500_effect-2_sigma-def_corr-1"
"subject426",1,0.908,"diablo-null","sim-data_n-500_effect-2_sigma-def_corr-1"
"subject431",1,1.028,"diablo-null","sim-data_n-500_effect-2_sigma-def_corr-1"
"subject432",0,0.038,"diablo-null","sim-data_n-500_effect-2_sigma-def_corr-1"
"subject436",1,0.927,"diablo-null","sim-data_n-500_effect-2_sigma-def_corr-1"
"subject446",1,0.989,"diablo-null","sim-data_n-500_effect-2_sigma-def_corr-1"
"subject458",0,0.088,"diablo-null","sim-data_n-500_effect-2_sigma-def_corr-1"
"subject462",1,1.01,"diablo-null","sim-data_n-500_effect-2_sigma-def_corr-1"
"subject470",1,0.972,"diablo-null","sim-data_n-500_effect-2_sigma-def_corr-1"
"subject477",1,1.082,"diablo-null","sim-data_n-500_effect-2_sigma-def_corr-1"
"subject481",0,0.073,"diablo-null","sim-data_n-500_effect-2_sigma-def_corr-1"
"subject484",0,-0.007,"diablo-null","sim-data_n-500_effect-2_sigma-def_corr-1"
"subject486",1,1.09,"diablo-null","sim-data_n-500_effect-2_sigma-def_corr-1"
"subject490",0,-0.004,"diablo-null","sim-data_n-500_effect-2_sigma-def_corr-1"
"subject492",1,0.996,"diablo-null","sim-data_n-500_effect-2_sigma-def_corr-1"
"subject494",0,0.046,"diablo-null","sim-data_n-500_effect-2_sigma-def_corr-1"
"subject498",1,0.955,"diablo-null","sim-data_n-500_effect-2_sigma-def_corr-1"
"subject500",1,0.987,"diablo-null","sim-data_n-500_effect-2_sigma-def_corr-1"
"subject4",1,0.97,"diablo-null","sim-data_n-500_effect-2_sigma-def_corr-0"
"subject14",0,0.049,"diablo-null","sim-data_n-500_effect-2_sigma-def_corr-0"
"subject16",1,1.141,"diablo-null","sim-data_n-500_effect-2_sigma-def_corr-0"
"subject18",1,0.973,"diablo-null","sim-data_n-500_effect-2_sigma-def_corr-0"
"subject20",0,0.032,"diablo-null","sim-data_n-500_effect-2_sigma-def_corr-0"
"subject22",1,0.946,"diablo-null","sim-data_n-500_effect-2_sigma-def_corr-0"
"subject23",0,-0.006,"diablo-null","sim-data_n-500_effect-2_sigma-def_corr-0"
"subject25",1,0.996,"diablo-null","sim-data_n-500_effect-2_sigma-def_corr-0"
"subject30",0,0.029,"diablo-null","sim-data_n-500_effect-2_sigma-def_corr-0"
"subject36",1,0.996,"diablo-null","sim-data_n-500_effect-2_sigma-def_corr-0"
"subject55",0,0.081,"diablo-null","sim-data_n-500_effect-2_sigma-def_corr-0"
"subject58",1,1.034,"diablo-null","sim-data_n-500_effect-2_sigma-def_corr-0"
"subject60",0,-0.002,"diablo-null","sim-data_n-500_effect-2_sigma-def_corr-0"
"subject65",0,0.026,"diablo-null","sim-data_n-500_effect-2_sigma-def_corr-0"
"subject67",1,0.977,"diablo-null","sim-data_n-500_effect-2_sigma-def_corr-0"
"subject68",1,0.969,"diablo-null","sim-data_n-500_effect-2_sigma-def_corr-0"
"subject72",1,1.013,"diablo-null","sim-data_n-500_effect-2_sigma-def_corr-0"
"subject73",0,0.053,"diablo-null","sim-data_n-500_effect-2_sigma-def_corr-0"
"subject74",1,0.955,"diablo-null","sim-data_n-500_effect-2_sigma-def_corr-0"
"subject75",0,0.039,"diablo-null","sim-data_n-500_effect-2_sigma-def_corr-0"
"subject76",0,0,"diablo-null","sim-data_n-500_effect-2_sigma-def_corr-0"
"subject80",1,0.893,"diablo-null","sim-data_n-500_effect-2_sigma-def_corr-0"
"subject81",1,0.94,"diablo-null","sim-data_n-500_effect-2_sigma-def_corr-0"
"subject82",1,0.964,"diablo-null","sim-data_n-500_effect-2_sigma-def_corr-0"
"subject84",0,0.014,"diablo-null","sim-data_n-500_effect-2_sigma-def_corr-0"
"subject92",1,0.936,"diablo-null","sim-data_n-500_effect-2_sigma-def_corr-0"
"subject95",1,0.974,"diablo-null","sim-data_n-500_effect-2_sigma-def_corr-0"
"subject102",0,0.042,"diablo-null","sim-data_n-500_effect-2_sigma-def_corr-0"
"subject103",1,1.049,"diablo-null","sim-data_n-500_effect-2_sigma-def_corr-0"
"subject106",1,0.951,"diablo-null","sim-data_n-500_effect-2_sigma-def_corr-0"
"subject111",0,-0.003,"diablo-null","sim-data_n-500_effect-2_sigma-def_corr-0"
"subject112",0,0.061,"diablo-null","sim-data_n-500_effect-2_sigma-def_corr-0"
"subject113",0,-0.001,"diablo-null","sim-data_n-500_effect-2_sigma-def_corr-0"
"subject123",1,0.924,"diablo-null","sim-data_n-500_effect-2_sigma-def_corr-0"
"subject129",1,1.052,"diablo-null","sim-data_n-500_effect-2_sigma-def_corr-0"
"subject134",1,1.033,"diablo-null","sim-data_n-500_effect-2_sigma-def_corr-0"
"subject137",0,-0.007,"diablo-null","sim-data_n-500_effect-2_sigma-def_corr-0"
"subject140",1,1.035,"diablo-null","sim-data_n-500_effect-2_sigma-def_corr-0"
"subject141",0,0.018,"diablo-null","sim-data_n-500_effect-2_sigma-def_corr-0"
"subject142",0,0.01,"diablo-null","sim-data_n-500_effect-2_sigma-def_corr-0"
"subject147",0,0.039,"diablo-null","sim-data_n-500_effect-2_sigma-def_corr-0"
"subject156",1,0.951,"diablo-null","sim-data_n-500_effect-2_sigma-def_corr-0"
"subject157",0,0.002,"diablo-null","sim-data_n-500_effect-2_sigma-def_corr-0"
"subject160",1,0.979,"diablo-null","sim-data_n-500_effect-2_sigma-def_corr-0"
"subject163",1,0.924,"diablo-null","sim-data_n-500_effect-2_sigma-def_corr-0"
"subject166",0,0.021,"diablo-null","sim-data_n-500_effect-2_sigma-def_corr-0"
"subject168",1,1.012,"diablo-null","sim-data_n-500_effect-2_sigma-def_corr-0"
"subject170",0,0.05,"diablo-null","sim-data_n-500_effect-2_sigma-def_corr-0"
"subject175",0,0.019,"diablo-null","sim-data_n-500_effect-2_sigma-def_corr-0"
"subject176",1,0.96,"diablo-null","sim-data_n-500_effect-2_sigma-def_corr-0"
"subject178",0,-0.004,"diablo-null","sim-data_n-500_effect-2_sigma-def_corr-0"
"subject180",1,0.918,"diablo-null","sim-data_n-500_effect-2_sigma-def_corr-0"
"subject186",0,0.045,"diablo-null","sim-data_n-500_effect-2_sigma-def_corr-0"
"subject187",1,1.053,"diablo-null","sim-data_n-500_effect-2_sigma-def_corr-0"
"subject193",0,0.012,"diablo-null","sim-data_n-500_effect-2_sigma-def_corr-0"
"subject194",1,0.983,"diablo-null","sim-data_n-500_effect-2_sigma-def_corr-0"
"subject198",1,1.054,"diablo-null","sim-data_n-500_effect-2_sigma-def_corr-0"
"subject202",0,0.015,"diablo-null","sim-data_n-500_effect-2_sigma-def_corr-0"
"subject208",0,0.034,"diablo-null","sim-data_n-500_effect-2_sigma-def_corr-0"
"subject209",1,0.958,"diablo-null","sim-data_n-500_effect-2_sigma-def_corr-0"
"subject210",0,0.039,"diablo-null","sim-data_n-500_effect-2_sigma-def_corr-0"
"subject211",1,0.875,"diablo-null","sim-data_n-500_effect-2_sigma-def_corr-0"
"subject216",1,1.022,"diablo-null","sim-data_n-500_effect-2_sigma-def_corr-0"
"subject220",1,1.06,"diablo-null","sim-data_n-500_effect-2_sigma-def_corr-0"
"subject221",0,0.067,"diablo-null","sim-data_n-500_effect-2_sigma-def_corr-0"
"subject227",0,0.08,"diablo-null","sim-data_n-500_effect-2_sigma-def_corr-0"
"subject229",0,0.013,"diablo-null","sim-data_n-500_effect-2_sigma-def_corr-0"
"subject231",0,0.07,"diablo-null","sim-data_n-500_effect-2_sigma-def_corr-0"
"subject235",0,0.032,"diablo-null","sim-data_n-500_effect-2_sigma-def_corr-0"
"subject237",0,0.069,"diablo-null","sim-data_n-500_effect-2_sigma-def_corr-0"
"subject238",0,-0.037,"diablo-null","sim-data_n-500_effect-2_sigma-def_corr-0"
"subject239",1,1.012,"diablo-null","sim-data_n-500_effect-2_sigma-def_corr-0"
"subject245",1,0.978,"diablo-null","sim-data_n-500_effect-2_sigma-def_corr-0"
"subject246",1,0.966,"diablo-null","sim-data_n-500_effect-2_sigma-def_corr-0"
"subject247",1,1.007,"diablo-null","sim-data_n-500_effect-2_sigma-def_corr-0"
"subject251",0,-0.032,"diablo-null","sim-data_n-500_effect-2_sigma-def_corr-0"
"subject253",1,0.967,"diablo-null","sim-data_n-500_effect-2_sigma-def_corr-0"
"subject259",0,0.011,"diablo-null","sim-data_n-500_effect-2_sigma-def_corr-0"
"subject260",0,0.003,"diablo-null","sim-data_n-500_effect-2_sigma-def_corr-0"
"subject266",1,1.032,"diablo-null","sim-data_n-500_effect-2_sigma-def_corr-0"
"subject267",1,1.029,"diablo-null","sim-data_n-500_effect-2_sigma-def_corr-0"
"subject270",0,-0.066,"diablo-null","sim-data_n-500_effect-2_sigma-def_corr-0"
"subject276",1,1.003,"diablo-null","sim-data_n-500_effect-2_sigma-def_corr-0"
"subject280",1,1.025,"diablo-null","sim-data_n-500_effect-2_sigma-def_corr-0"
"subject285",0,0.048,"diablo-null","sim-data_n-500_effect-2_sigma-def_corr-0"
"subject286",0,0.044,"diablo-null","sim-data_n-500_effect-2_sigma-def_corr-0"
"subject302",1,1.01,"diablo-null","sim-data_n-500_effect-2_sigma-def_corr-0"
"subject304",0,0.063,"diablo-null","sim-data_n-500_effect-2_sigma-def_corr-0"
"subject305",0,-0.015,"diablo-null","sim-data_n-500_effect-2_sigma-def_corr-0"
"subject307",1,1.036,"diablo-null","sim-data_n-500_effect-2_sigma-def_corr-0"
"subject318",1,1.117,"diablo-null","sim-data_n-500_effect-2_sigma-def_corr-0"
"subject319",0,0.033,"diablo-null","sim-data_n-500_effect-2_sigma-def_corr-0"
"subject330",1,0.943,"diablo-null","sim-data_n-500_effect-2_sigma-def_corr-0"
"subject331",1,0.978,"diablo-null","sim-data_n-500_effect-2_sigma-def_corr-0"
"subject332",1,0.882,"diablo-null","sim-data_n-500_effect-2_sigma-def_corr-0"
"subject333",0,-0.009,"diablo-null","sim-data_n-500_effect-2_sigma-def_corr-0"
"subject337",1,0.989,"diablo-null","sim-data_n-500_effect-2_sigma-def_corr-0"
"subject339",0,-0.054,"diablo-null","sim-data_n-500_effect-2_sigma-def_corr-0"
"subject340",0,0.043,"diablo-null","sim-data_n-500_effect-2_sigma-def_corr-0"
"subject344",0,0.051,"diablo-null","sim-data_n-500_effect-2_sigma-def_corr-0"
"subject346",0,0.018,"diablo-null","sim-data_n-500_effect-2_sigma-def_corr-0"
"subject348",1,0.986,"diablo-null","sim-data_n-500_effect-2_sigma-def_corr-0"
"subject356",0,0.045,"diablo-null","sim-data_n-500_effect-2_sigma-def_corr-0"
"subject359",1,0.941,"diablo-null","sim-data_n-500_effect-2_sigma-def_corr-0"
"subject360",1,1.053,"diablo-null","sim-data_n-500_effect-2_sigma-def_corr-0"
"subject362",0,0.047,"diablo-null","sim-data_n-500_effect-2_sigma-def_corr-0"
"subject363",1,0.987,"diablo-null","sim-data_n-500_effect-2_sigma-def_corr-0"
"subject368",1,1.033,"diablo-null","sim-data_n-500_effect-2_sigma-def_corr-0"
"subject376",0,0.054,"diablo-null","sim-data_n-500_effect-2_sigma-def_corr-0"
"subject378",0,0.029,"diablo-null","sim-data_n-500_effect-2_sigma-def_corr-0"
"subject381",1,0.898,"diablo-null","sim-data_n-500_effect-2_sigma-def_corr-0"
"subject383",0,-0.005,"diablo-null","sim-data_n-500_effect-2_sigma-def_corr-0"
"subject384",1,0.936,"diablo-null","sim-data_n-500_effect-2_sigma-def_corr-0"
"subject385",1,0.998,"diablo-null","sim-data_n-500_effect-2_sigma-def_corr-0"
"subject386",0,0.015,"diablo-null","sim-data_n-500_effect-2_sigma-def_corr-0"
"subject390",1,0.965,"diablo-null","sim-data_n-500_effect-2_sigma-def_corr-0"
"subject396",1,0.941,"diablo-null","sim-data_n-500_effect-2_sigma-def_corr-0"
"subject398",0,0.069,"diablo-null","sim-data_n-500_effect-2_sigma-def_corr-0"
"subject405",1,1.02,"diablo-null","sim-data_n-500_effect-2_sigma-def_corr-0"
"subject406",0,0.073,"diablo-null","sim-data_n-500_effect-2_sigma-def_corr-0"
"subject407",1,1.045,"diablo-null","sim-data_n-500_effect-2_sigma-def_corr-0"
"subject413",0,-0.017,"diablo-null","sim-data_n-500_effect-2_sigma-def_corr-0"
"subject414",0,0.018,"diablo-null","sim-data_n-500_effect-2_sigma-def_corr-0"
"subject426",0,0.005,"diablo-null","sim-data_n-500_effect-2_sigma-def_corr-0"
"subject429",0,0.064,"diablo-null","sim-data_n-500_effect-2_sigma-def_corr-0"
"subject435",1,0.929,"diablo-null","sim-data_n-500_effect-2_sigma-def_corr-0"
"subject442",0,0.036,"diablo-null","sim-data_n-500_effect-2_sigma-def_corr-0"
"subject445",1,0.939,"diablo-null","sim-data_n-500_effect-2_sigma-def_corr-0"
"subject446",0,-0.125,"diablo-null","sim-data_n-500_effect-2_sigma-def_corr-0"
"subject447",1,0.905,"diablo-null","sim-data_n-500_effect-2_sigma-def_corr-0"
"subject449",1,0.99,"diablo-null","sim-data_n-500_effect-2_sigma-def_corr-0"
"subject450",0,0.025,"diablo-null","sim-data_n-500_effect-2_sigma-def_corr-0"
"subject452",1,1.056,"diablo-null","sim-data_n-500_effect-2_sigma-def_corr-0"
"subject457",1,0.951,"diablo-null","sim-data_n-500_effect-2_sigma-def_corr-0"
"subject460",1,1.034,"diablo-null","sim-data_n-500_effect-2_sigma-def_corr-0"
"subject463",1,0.931,"diablo-null","sim-data_n-500_effect-2_sigma-def_corr-0"
"subject464",1,1.061,"diablo-null","sim-data_n-500_effect-2_sigma-def_corr-0"
"subject468",0,-0.013,"diablo-null","sim-data_n-500_effect-2_sigma-def_corr-0"
"subject469",0,0.047,"diablo-null","sim-data_n-500_effect-2_sigma-def_corr-0"
"subject470",1,0.969,"diablo-null","sim-data_n-500_effect-2_sigma-def_corr-0"
"subject471",1,0.973,"diablo-null","sim-data_n-500_effect-2_sigma-def_corr-0"
"subject473",1,1.009,"diablo-null","sim-data_n-500_effect-2_sigma-def_corr-0"
"subject474",0,0.006,"diablo-null","sim-data_n-500_effect-2_sigma-def_corr-0"
"subject479",0,0.001,"diablo-null","sim-data_n-500_effect-2_sigma-def_corr-0"
"subject482",0,0.023,"diablo-null","sim-data_n-500_effect-2_sigma-def_corr-0"
"subject484",0,-0.042,"diablo-null","sim-data_n-500_effect-2_sigma-def_corr-0"
"subject487",1,0.992,"diablo-null","sim-data_n-500_effect-2_sigma-def_corr-0"
"subject493",1,1.039,"diablo-null","sim-data_n-500_effect-2_sigma-def_corr-0"
"subject494",1,0.986,"diablo-null","sim-data_n-500_effect-2_sigma-def_corr-0"
"subject499",0,0.018,"diablo-null","sim-data_n-500_effect-2_sigma-def_corr-0"
"subject3",0,0.027,"diablo-null","sim-data_n-500_effect-2_sigma-indep_corr-0.5"
"subject18",0,-0.019,"diablo-null","sim-data_n-500_effect-2_sigma-indep_corr-0.5"
"subject21",1,0.99,"diablo-null","sim-data_n-500_effect-2_sigma-indep_corr-0.5"
"subject22",0,0,"diablo-null","sim-data_n-500_effect-2_sigma-indep_corr-0.5"
"subject23",0,0.009,"diablo-null","sim-data_n-500_effect-2_sigma-indep_corr-0.5"
"subject26",1,1.008,"diablo-null","sim-data_n-500_effect-2_sigma-indep_corr-0.5"
"subject28",1,1.032,"diablo-null","sim-data_n-500_effect-2_sigma-indep_corr-0.5"
"subject29",0,-0.015,"diablo-null","sim-data_n-500_effect-2_sigma-indep_corr-0.5"
"subject33",0,0.015,"diablo-null","sim-data_n-500_effect-2_sigma-indep_corr-0.5"
"subject34",1,1.024,"diablo-null","sim-data_n-500_effect-2_sigma-indep_corr-0.5"
"subject50",0,0.001,"diablo-null","sim-data_n-500_effect-2_sigma-indep_corr-0.5"
"subject53",1,0.996,"diablo-null","sim-data_n-500_effect-2_sigma-indep_corr-0.5"
"subject54",0,-0.003,"diablo-null","sim-data_n-500_effect-2_sigma-indep_corr-0.5"
"subject59",1,0.988,"diablo-null","sim-data_n-500_effect-2_sigma-indep_corr-0.5"
"subject63",1,0.984,"diablo-null","sim-data_n-500_effect-2_sigma-indep_corr-0.5"
"subject64",1,1.001,"diablo-null","sim-data_n-500_effect-2_sigma-indep_corr-0.5"
"subject65",0,0.043,"diablo-null","sim-data_n-500_effect-2_sigma-indep_corr-0.5"
"subject67",0,0.031,"diablo-null","sim-data_n-500_effect-2_sigma-indep_corr-0.5"
"subject69",1,0.983,"diablo-null","sim-data_n-500_effect-2_sigma-indep_corr-0.5"
"subject70",1,1.01,"diablo-null","sim-data_n-500_effect-2_sigma-indep_corr-0.5"
"subject72",0,0.018,"diablo-null","sim-data_n-500_effect-2_sigma-indep_corr-0.5"
"subject75",0,-0.023,"diablo-null","sim-data_n-500_effect-2_sigma-indep_corr-0.5"
"subject76",1,1.003,"diablo-null","sim-data_n-500_effect-2_sigma-indep_corr-0.5"
"subject77",1,0.965,"diablo-null","sim-data_n-500_effect-2_sigma-indep_corr-0.5"
"subject82",0,0.029,"diablo-null","sim-data_n-500_effect-2_sigma-indep_corr-0.5"
"subject86",0,0.002,"diablo-null","sim-data_n-500_effect-2_sigma-indep_corr-0.5"
"subject92",0,0.044,"diablo-null","sim-data_n-500_effect-2_sigma-indep_corr-0.5"
"subject95",0,0.029,"diablo-null","sim-data_n-500_effect-2_sigma-indep_corr-0.5"
"subject97",0,0.014,"diablo-null","sim-data_n-500_effect-2_sigma-indep_corr-0.5"
"subject101",1,0.959,"diablo-null","sim-data_n-500_effect-2_sigma-indep_corr-0.5"
"subject104",0,0.026,"diablo-null","sim-data_n-500_effect-2_sigma-indep_corr-0.5"
"subject106",0,0.016,"diablo-null","sim-data_n-500_effect-2_sigma-indep_corr-0.5"
"subject107",1,1.003,"diablo-null","sim-data_n-500_effect-2_sigma-indep_corr-0.5"
"subject115",0,-0.046,"diablo-null","sim-data_n-500_effect-2_sigma-indep_corr-0.5"
"subject120",0,-0.043,"diablo-null","sim-data_n-500_effect-2_sigma-indep_corr-0.5"
"subject126",1,1.019,"diablo-null","sim-data_n-500_effect-2_sigma-indep_corr-0.5"
"subject130",1,1.006,"diablo-null","sim-data_n-500_effect-2_sigma-indep_corr-0.5"
"subject135",0,0.031,"diablo-null","sim-data_n-500_effect-2_sigma-indep_corr-0.5"
"subject138",0,0.011,"diablo-null","sim-data_n-500_effect-2_sigma-indep_corr-0.5"
"subject140",1,0.994,"diablo-null","sim-data_n-500_effect-2_sigma-indep_corr-0.5"
"subject145",1,0.975,"diablo-null","sim-data_n-500_effect-2_sigma-indep_corr-0.5"
"subject153",1,0.999,"diablo-null","sim-data_n-500_effect-2_sigma-indep_corr-0.5"
"subject154",1,0.967,"diablo-null","sim-data_n-500_effect-2_sigma-indep_corr-0.5"
"subject155",1,0.978,"diablo-null","sim-data_n-500_effect-2_sigma-indep_corr-0.5"
"subject157",0,-0.003,"diablo-null","sim-data_n-500_effect-2_sigma-indep_corr-0.5"
"subject164",1,1.009,"diablo-null","sim-data_n-500_effect-2_sigma-indep_corr-0.5"
"subject167",0,0.029,"diablo-null","sim-data_n-500_effect-2_sigma-indep_corr-0.5"
"subject170",0,-0.007,"diablo-null","sim-data_n-500_effect-2_sigma-indep_corr-0.5"
"subject172",1,1.004,"diablo-null","sim-data_n-500_effect-2_sigma-indep_corr-0.5"
"subject173",0,0.011,"diablo-null","sim-data_n-500_effect-2_sigma-indep_corr-0.5"
"subject174",0,-0.02,"diablo-null","sim-data_n-500_effect-2_sigma-indep_corr-0.5"
"subject177",0,0.016,"diablo-null","sim-data_n-500_effect-2_sigma-indep_corr-0.5"
"subject181",1,0.977,"diablo-null","sim-data_n-500_effect-2_sigma-indep_corr-0.5"
"subject182",0,-0.005,"diablo-null","sim-data_n-500_effect-2_sigma-indep_corr-0.5"
"subject188",1,0.992,"diablo-null","sim-data_n-500_effect-2_sigma-indep_corr-0.5"
"subject189",1,0.989,"diablo-null","sim-data_n-500_effect-2_sigma-indep_corr-0.5"
"subject193",0,-0.025,"diablo-null","sim-data_n-500_effect-2_sigma-indep_corr-0.5"
"subject194",1,1,"diablo-null","sim-data_n-500_effect-2_sigma-indep_corr-0.5"
"subject199",1,1.006,"diablo-null","sim-data_n-500_effect-2_sigma-indep_corr-0.5"
"subject203",1,1.008,"diablo-null","sim-data_n-500_effect-2_sigma-indep_corr-0.5"
"subject206",0,0.001,"diablo-null","sim-data_n-500_effect-2_sigma-indep_corr-0.5"
"subject207",0,0.026,"diablo-null","sim-data_n-500_effect-2_sigma-indep_corr-0.5"
"subject208",0,0.047,"diablo-null","sim-data_n-500_effect-2_sigma-indep_corr-0.5"
"subject210",0,0.036,"diablo-null","sim-data_n-500_effect-2_sigma-indep_corr-0.5"
"subject211",1,0.997,"diablo-null","sim-data_n-500_effect-2_sigma-indep_corr-0.5"
"subject218",0,-0.02,"diablo-null","sim-data_n-500_effect-2_sigma-indep_corr-0.5"
"subject220",1,0.982,"diablo-null","sim-data_n-500_effect-2_sigma-indep_corr-0.5"
"subject221",1,0.926,"diablo-null","sim-data_n-500_effect-2_sigma-indep_corr-0.5"
"subject225",1,0.999,"diablo-null","sim-data_n-500_effect-2_sigma-indep_corr-0.5"
"subject231",0,0.04,"diablo-null","sim-data_n-500_effect-2_sigma-indep_corr-0.5"
"subject232",1,0.998,"diablo-null","sim-data_n-500_effect-2_sigma-indep_corr-0.5"
"subject233",0,0.03,"diablo-null","sim-data_n-500_effect-2_sigma-indep_corr-0.5"
"subject238",0,-0.044,"diablo-null","sim-data_n-500_effect-2_sigma-indep_corr-0.5"
"subject239",1,0.981,"diablo-null","sim-data_n-500_effect-2_sigma-indep_corr-0.5"
"subject241",1,1.013,"diablo-null","sim-data_n-500_effect-2_sigma-indep_corr-0.5"
"subject243",1,0.977,"diablo-null","sim-data_n-500_effect-2_sigma-indep_corr-0.5"
"subject244",0,-0.015,"diablo-null","sim-data_n-500_effect-2_sigma-indep_corr-0.5"
"subject251",0,0.028,"diablo-null","sim-data_n-500_effect-2_sigma-indep_corr-0.5"
"subject252",1,1.012,"diablo-null","sim-data_n-500_effect-2_sigma-indep_corr-0.5"
"subject258",1,0.969,"diablo-null","sim-data_n-500_effect-2_sigma-indep_corr-0.5"
"subject259",1,1.018,"diablo-null","sim-data_n-500_effect-2_sigma-indep_corr-0.5"
"subject260",0,0.03,"diablo-null","sim-data_n-500_effect-2_sigma-indep_corr-0.5"
"subject264",0,0.006,"diablo-null","sim-data_n-500_effect-2_sigma-indep_corr-0.5"
"subject270",1,0.988,"diablo-null","sim-data_n-500_effect-2_sigma-indep_corr-0.5"
"subject276",1,0.944,"diablo-null","sim-data_n-500_effect-2_sigma-indep_corr-0.5"
"subject277",1,1.02,"diablo-null","sim-data_n-500_effect-2_sigma-indep_corr-0.5"
"subject286",1,1.032,"diablo-null","sim-data_n-500_effect-2_sigma-indep_corr-0.5"
"subject289",1,0.955,"diablo-null","sim-data_n-500_effect-2_sigma-indep_corr-0.5"
"subject290",1,0.992,"diablo-null","sim-data_n-500_effect-2_sigma-indep_corr-0.5"
"subject293",1,0.983,"diablo-null","sim-data_n-500_effect-2_sigma-indep_corr-0.5"
"subject305",1,0.974,"diablo-null","sim-data_n-500_effect-2_sigma-indep_corr-0.5"
"subject306",1,1.013,"diablo-null","sim-data_n-500_effect-2_sigma-indep_corr-0.5"
"subject315",0,0.026,"diablo-null","sim-data_n-500_effect-2_sigma-indep_corr-0.5"
"subject316",0,-0.013,"diablo-null","sim-data_n-500_effect-2_sigma-indep_corr-0.5"
"subject320",1,0.978,"diablo-null","sim-data_n-500_effect-2_sigma-indep_corr-0.5"
"subject321",0,0.025,"diablo-null","sim-data_n-500_effect-2_sigma-indep_corr-0.5"
"subject326",0,0,"diablo-null","sim-data_n-500_effect-2_sigma-indep_corr-0.5"
"subject328",1,0.983,"diablo-null","sim-data_n-500_effect-2_sigma-indep_corr-0.5"
"subject333",0,0.03,"diablo-null","sim-data_n-500_effect-2_sigma-indep_corr-0.5"
"subject335",0,0.004,"diablo-null","sim-data_n-500_effect-2_sigma-indep_corr-0.5"
"subject337",1,1.007,"diablo-null","sim-data_n-500_effect-2_sigma-indep_corr-0.5"
"subject339",1,0.965,"diablo-null","sim-data_n-500_effect-2_sigma-indep_corr-0.5"
"subject348",1,0.975,"diablo-null","sim-data_n-500_effect-2_sigma-indep_corr-0.5"
"subject349",0,0.016,"diablo-null","sim-data_n-500_effect-2_sigma-indep_corr-0.5"
"subject350",0,-0.004,"diablo-null","sim-data_n-500_effect-2_sigma-indep_corr-0.5"
"subject351",0,-0.002,"diablo-null","sim-data_n-500_effect-2_sigma-indep_corr-0.5"
"subject352",1,1.014,"diablo-null","sim-data_n-500_effect-2_sigma-indep_corr-0.5"
"subject355",0,0.021,"diablo-null","sim-data_n-500_effect-2_sigma-indep_corr-0.5"
"subject359",0,0.011,"diablo-null","sim-data_n-500_effect-2_sigma-indep_corr-0.5"
"subject360",0,0.009,"diablo-null","sim-data_n-500_effect-2_sigma-indep_corr-0.5"
"subject362",0,-0.02,"diablo-null","sim-data_n-500_effect-2_sigma-indep_corr-0.5"
"subject368",1,0.984,"diablo-null","sim-data_n-500_effect-2_sigma-indep_corr-0.5"
"subject369",1,0.993,"diablo-null","sim-data_n-500_effect-2_sigma-indep_corr-0.5"
"subject372",1,0.995,"diablo-null","sim-data_n-500_effect-2_sigma-indep_corr-0.5"
"subject374",0,-0.006,"diablo-null","sim-data_n-500_effect-2_sigma-indep_corr-0.5"
"subject380",1,0.986,"diablo-null","sim-data_n-500_effect-2_sigma-indep_corr-0.5"
"subject383",0,0.012,"diablo-null","sim-data_n-500_effect-2_sigma-indep_corr-0.5"
"subject387",0,0.01,"diablo-null","sim-data_n-500_effect-2_sigma-indep_corr-0.5"
"subject398",1,1.015,"diablo-null","sim-data_n-500_effect-2_sigma-indep_corr-0.5"
"subject399",0,0.022,"diablo-null","sim-data_n-500_effect-2_sigma-indep_corr-0.5"
"subject401",0,-0.016,"diablo-null","sim-data_n-500_effect-2_sigma-indep_corr-0.5"
"subject405",1,0.956,"diablo-null","sim-data_n-500_effect-2_sigma-indep_corr-0.5"
"subject406",0,0.017,"diablo-null","sim-data_n-500_effect-2_sigma-indep_corr-0.5"
"subject415",0,-0.017,"diablo-null","sim-data_n-500_effect-2_sigma-indep_corr-0.5"
"subject418",0,0.023,"diablo-null","sim-data_n-500_effect-2_sigma-indep_corr-0.5"
"subject423",1,0.982,"diablo-null","sim-data_n-500_effect-2_sigma-indep_corr-0.5"
"subject426",0,0.02,"diablo-null","sim-data_n-500_effect-2_sigma-indep_corr-0.5"
"subject433",1,0.987,"diablo-null","sim-data_n-500_effect-2_sigma-indep_corr-0.5"
"subject435",1,0.998,"diablo-null","sim-data_n-500_effect-2_sigma-indep_corr-0.5"
"subject436",0,0.005,"diablo-null","sim-data_n-500_effect-2_sigma-indep_corr-0.5"
"subject444",1,0.999,"diablo-null","sim-data_n-500_effect-2_sigma-indep_corr-0.5"
"subject445",1,1.012,"diablo-null","sim-data_n-500_effect-2_sigma-indep_corr-0.5"
"subject446",1,1.018,"diablo-null","sim-data_n-500_effect-2_sigma-indep_corr-0.5"
"subject448",0,-0.002,"diablo-null","sim-data_n-500_effect-2_sigma-indep_corr-0.5"
"subject453",1,1.013,"diablo-null","sim-data_n-500_effect-2_sigma-indep_corr-0.5"
"subject456",0,0.049,"diablo-null","sim-data_n-500_effect-2_sigma-indep_corr-0.5"
"subject457",0,0.005,"diablo-null","sim-data_n-500_effect-2_sigma-indep_corr-0.5"
"subject463",1,1.033,"diablo-null","sim-data_n-500_effect-2_sigma-indep_corr-0.5"
"subject465",1,1.008,"diablo-null","sim-data_n-500_effect-2_sigma-indep_corr-0.5"
"subject466",1,1.006,"diablo-null","sim-data_n-500_effect-2_sigma-indep_corr-0.5"
"subject468",0,0.019,"diablo-null","sim-data_n-500_effect-2_sigma-indep_corr-0.5"
"subject470",0,-0.006,"diablo-null","sim-data_n-500_effect-2_sigma-indep_corr-0.5"
"subject471",0,-0.021,"diablo-null","sim-data_n-500_effect-2_sigma-indep_corr-0.5"
"subject476",0,0,"diablo-null","sim-data_n-500_effect-2_sigma-indep_corr-0.5"
"subject477",1,0.995,"diablo-null","sim-data_n-500_effect-2_sigma-indep_corr-0.5"
"subject481",1,0.979,"diablo-null","sim-data_n-500_effect-2_sigma-indep_corr-0.5"
"subject488",0,0.023,"diablo-null","sim-data_n-500_effect-2_sigma-indep_corr-0.5"
"subject493",0,0.026,"diablo-null","sim-data_n-500_effect-2_sigma-indep_corr-0.5"
"subject496",1,1.014,"diablo-null","sim-data_n-500_effect-2_sigma-indep_corr-0.5"
"subject498",0,0.02,"diablo-null","sim-data_n-500_effect-2_sigma-indep_corr-0.5"
"pat-3",1,0.677,"diablo-null","sim-data_n-50_p-200_j-3_beta-30_s-39"
"pat-5",0,0.412,"diablo-null","sim-data_n-50_p-200_j-3_beta-30_s-39"
"pat-6",0,0.544,"diablo-null","sim-data_n-50_p-200_j-3_beta-30_s-39"
"pat-7",0,0.163,"diablo-null","sim-data_n-50_p-200_j-3_beta-30_s-39"
"pat-11",0,0.281,"diablo-null","sim-data_n-50_p-200_j-3_beta-30_s-39"
"pat-14",0,0.374,"diablo-null","sim-data_n-50_p-200_j-3_beta-30_s-39"
"pat-16",0,0.514,"diablo-null","sim-data_n-50_p-200_j-3_beta-30_s-39"
"pat-17",1,0.772,"diablo-null","sim-data_n-50_p-200_j-3_beta-30_s-39"
"pat-18",1,0.655,"diablo-null","sim-data_n-50_p-200_j-3_beta-30_s-39"
"pat-19",0,0.757,"diablo-null","sim-data_n-50_p-200_j-3_beta-30_s-39"
"pat-20",1,0.801,"diablo-null","sim-data_n-50_p-200_j-3_beta-30_s-39"
"pat-24",0,0.704,"diablo-null","sim-data_n-50_p-200_j-3_beta-30_s-39"
"pat-26",0,0.694,"diablo-null","sim-data_n-50_p-200_j-3_beta-30_s-39"
"pat-27",1,0.44,"diablo-null","sim-data_n-50_p-200_j-3_beta-30_s-39"
"pat-28",1,0.66,"diablo-null","sim-data_n-50_p-200_j-3_beta-30_s-39"
"pat-31",0,0.596,"diablo-null","sim-data_n-50_p-200_j-3_beta-30_s-39"
"pat-33",0,0.798,"diablo-null","sim-data_n-50_p-200_j-3_beta-30_s-39"
"pat-34",1,0.662,"diablo-null","sim-data_n-50_p-200_j-3_beta-30_s-39"
"pat-37",0,0.599,"diablo-null","sim-data_n-50_p-200_j-3_beta-30_s-39"
"pat-40",1,0.356,"diablo-null","sim-data_n-50_p-200_j-3_beta-30_s-39"
"pat-43",0,0.686,"diablo-null","sim-data_n-50_p-200_j-3_beta-30_s-39"
"pat-44",0,0.403,"diablo-null","sim-data_n-50_p-200_j-3_beta-30_s-39"
"pat-46",1,0.56,"diablo-null","sim-data_n-50_p-200_j-3_beta-30_s-39"
"pat-48",1,0.655,"diablo-null","sim-data_n-50_p-200_j-3_beta-30_s-39"
"pat-50",0,0.672,"diablo-null","sim-data_n-50_p-200_j-3_beta-30_s-39"
"subject1",1,0.952,"diablo-null","sim-data_n-50_effect-2_sigma-indep_corr-0"
"subject2",1,0.902,"diablo-null","sim-data_n-50_effect-2_sigma-indep_corr-0"
"subject11",0,0.035,"diablo-null","sim-data_n-50_effect-2_sigma-indep_corr-0"
"subject12",0,0.062,"diablo-null","sim-data_n-50_effect-2_sigma-indep_corr-0"
"subject14",0,0.031,"diablo-null","sim-data_n-50_effect-2_sigma-indep_corr-0"
"subject16",1,0.963,"diablo-null","sim-data_n-50_effect-2_sigma-indep_corr-0"
"subject19",1,0.912,"diablo-null","sim-data_n-50_effect-2_sigma-indep_corr-0"
"subject27",0,0.034,"diablo-null","sim-data_n-50_effect-2_sigma-indep_corr-0"
"subject29",1,0.893,"diablo-null","sim-data_n-50_effect-2_sigma-indep_corr-0"
"subject33",0,0.064,"diablo-null","sim-data_n-50_effect-2_sigma-indep_corr-0"
"subject35",1,0.914,"diablo-null","sim-data_n-50_effect-2_sigma-indep_corr-0"
"subject39",1,0.969,"diablo-null","sim-data_n-50_effect-2_sigma-indep_corr-0"
"subject41",1,0.928,"diablo-null","sim-data_n-50_effect-2_sigma-indep_corr-0"
"subject45",0,0.076,"diablo-null","sim-data_n-50_effect-2_sigma-indep_corr-0"
"subject48",1,0.941,"diablo-null","sim-data_n-50_effect-2_sigma-indep_corr-0"
"subject4",0,0.053,"diablo-null","sim-data_n-50_effect-2_sigma-def_corr-1"
"subject5",1,0.911,"diablo-null","sim-data_n-50_effect-2_sigma-def_corr-1"
"subject8",0,0.066,"diablo-null","sim-data_n-50_effect-2_sigma-def_corr-1"
"subject17",0,0.049,"diablo-null","sim-data_n-50_effect-2_sigma-def_corr-1"
"subject19",0,0.083,"diablo-null","sim-data_n-50_effect-2_sigma-def_corr-1"
"subject20",1,0.884,"diablo-null","sim-data_n-50_effect-2_sigma-def_corr-1"
"subject24",0,0.075,"diablo-null","sim-data_n-50_effect-2_sigma-def_corr-1"
"subject28",0,0.058,"diablo-null","sim-data_n-50_effect-2_sigma-def_corr-1"
"subject29",1,0.869,"diablo-null","sim-data_n-50_effect-2_sigma-def_corr-1"
"subject35",1,0.881,"diablo-null","sim-data_n-50_effect-2_sigma-def_corr-1"
"subject38",1,0.984,"diablo-null","sim-data_n-50_effect-2_sigma-def_corr-1"
"subject40",1,0.901,"diablo-null","sim-data_n-50_effect-2_sigma-def_corr-1"
"subject42",0,0.133,"diablo-null","sim-data_n-50_effect-2_sigma-def_corr-1"
"subject46",0,0.036,"diablo-null","sim-data_n-50_effect-2_sigma-def_corr-1"
"subject50",0,0.084,"diablo-null","sim-data_n-50_effect-2_sigma-def_corr-1"
"subject2",1,0.998,"diablo-null","sim-data_n-100_effect-2_sigma-def_corr-0.5"
"subject9",0,0.111,"diablo-null","sim-data_n-100_effect-2_sigma-def_corr-0.5"
"subject11",1,0.986,"diablo-null","sim-data_n-100_effect-2_sigma-def_corr-0.5"
"subject14",0,0.06,"diablo-null","sim-data_n-100_effect-2_sigma-def_corr-0.5"
"subject18",0,0.019,"diablo-null","sim-data_n-100_effect-2_sigma-def_corr-0.5"
"subject24",0,0.031,"diablo-null","sim-data_n-100_effect-2_sigma-def_corr-0.5"
"subject27",0,0.006,"diablo-null","sim-data_n-100_effect-2_sigma-def_corr-0.5"
"subject29",0,0.087,"diablo-null","sim-data_n-100_effect-2_sigma-def_corr-0.5"
"subject30",0,0.161,"diablo-null","sim-data_n-100_effect-2_sigma-def_corr-0.5"
"subject31",1,1,"diablo-null","sim-data_n-100_effect-2_sigma-def_corr-0.5"
"subject33",0,-0.045,"diablo-null","sim-data_n-100_effect-2_sigma-def_corr-0.5"
"subject38",0,0.107,"diablo-null","sim-data_n-100_effect-2_sigma-def_corr-0.5"
"subject41",1,0.976,"diablo-null","sim-data_n-100_effect-2_sigma-def_corr-0.5"
"subject44",1,0.968,"diablo-null","sim-data_n-100_effect-2_sigma-def_corr-0.5"
"subject50",0,0.138,"diablo-null","sim-data_n-100_effect-2_sigma-def_corr-0.5"
"subject51",0,-0.005,"diablo-null","sim-data_n-100_effect-2_sigma-def_corr-0.5"
"subject53",0,0.059,"diablo-null","sim-data_n-100_effect-2_sigma-def_corr-0.5"
"subject55",0,0.05,"diablo-null","sim-data_n-100_effect-2_sigma-def_corr-0.5"
"subject56",0,0.04,"diablo-null","sim-data_n-100_effect-2_sigma-def_corr-0.5"
"subject60",1,0.97,"diablo-null","sim-data_n-100_effect-2_sigma-def_corr-0.5"
"subject61",1,0.955,"diablo-null","sim-data_n-100_effect-2_sigma-def_corr-0.5"
"subject72",0,0.163,"diablo-null","sim-data_n-100_effect-2_sigma-def_corr-0.5"
"subject75",0,0.057,"diablo-null","sim-data_n-100_effect-2_sigma-def_corr-0.5"
"subject76",1,0.96,"diablo-null","sim-data_n-100_effect-2_sigma-def_corr-0.5"
"subject79",1,0.99,"diablo-null","sim-data_n-100_effect-2_sigma-def_corr-0.5"
"subject83",1,0.932,"diablo-null","sim-data_n-100_effect-2_sigma-def_corr-0.5"
"subject86",0,0.122,"diablo-null","sim-data_n-100_effect-2_sigma-def_corr-0.5"
"subject87",1,0.95,"diablo-null","sim-data_n-100_effect-2_sigma-def_corr-0.5"
"subject97",0,0.072,"diablo-null","sim-data_n-100_effect-2_sigma-def_corr-0.5"
"subject98",0,0.066,"diablo-null","sim-data_n-100_effect-2_sigma-def_corr-0.5"
"subject3",0,0.058,"diablo-null","sim-data_n-500_effect-2_sigma-indep_corr-1"
"subject9",0,0.022,"diablo-null","sim-data_n-500_effect-2_sigma-indep_corr-1"
"subject13",0,0.019,"diablo-null","sim-data_n-500_effect-2_sigma-indep_corr-1"
"subject14",1,0.969,"diablo-null","sim-data_n-500_effect-2_sigma-indep_corr-1"
"subject16",0,-0.002,"diablo-null","sim-data_n-500_effect-2_sigma-indep_corr-1"
"subject18",1,0.979,"diablo-null","sim-data_n-500_effect-2_sigma-indep_corr-1"
"subject19",1,1.006,"diablo-null","sim-data_n-500_effect-2_sigma-indep_corr-1"
"subject20",0,-0.038,"diablo-null","sim-data_n-500_effect-2_sigma-indep_corr-1"
"subject25",0,0.008,"diablo-null","sim-data_n-500_effect-2_sigma-indep_corr-1"
"subject26",0,0.031,"diablo-null","sim-data_n-500_effect-2_sigma-indep_corr-1"
"subject40",0,0.043,"diablo-null","sim-data_n-500_effect-2_sigma-indep_corr-1"
"subject44",0,0.068,"diablo-null","sim-data_n-500_effect-2_sigma-indep_corr-1"
"subject45",1,0.979,"diablo-null","sim-data_n-500_effect-2_sigma-indep_corr-1"
"subject47",0,0.008,"diablo-null","sim-data_n-500_effect-2_sigma-indep_corr-1"
"subject50",1,1.004,"diablo-null","sim-data_n-500_effect-2_sigma-indep_corr-1"
"subject53",1,0.987,"diablo-null","sim-data_n-500_effect-2_sigma-indep_corr-1"
"subject54",0,0.013,"diablo-null","sim-data_n-500_effect-2_sigma-indep_corr-1"
"subject55",1,1.035,"diablo-null","sim-data_n-500_effect-2_sigma-indep_corr-1"
"subject57",1,0.958,"diablo-null","sim-data_n-500_effect-2_sigma-indep_corr-1"
"subject60",0,0.062,"diablo-null","sim-data_n-500_effect-2_sigma-indep_corr-1"
"subject62",0,0.01,"diablo-null","sim-data_n-500_effect-2_sigma-indep_corr-1"
"subject65",0,0.05,"diablo-null","sim-data_n-500_effect-2_sigma-indep_corr-1"
"subject66",0,0.017,"diablo-null","sim-data_n-500_effect-2_sigma-indep_corr-1"
"subject68",0,0.025,"diablo-null","sim-data_n-500_effect-2_sigma-indep_corr-1"
"subject72",0,0.054,"diablo-null","sim-data_n-500_effect-2_sigma-indep_corr-1"
"subject76",1,0.982,"diablo-null","sim-data_n-500_effect-2_sigma-indep_corr-1"
"subject79",1,0.976,"diablo-null","sim-data_n-500_effect-2_sigma-indep_corr-1"
"subject84",1,1.014,"diablo-null","sim-data_n-500_effect-2_sigma-indep_corr-1"
"subject86",1,0.982,"diablo-null","sim-data_n-500_effect-2_sigma-indep_corr-1"
"subject94",0,-0.013,"diablo-null","sim-data_n-500_effect-2_sigma-indep_corr-1"
"subject101",1,1.004,"diablo-null","sim-data_n-500_effect-2_sigma-indep_corr-1"
"subject102",1,0.957,"diablo-null","sim-data_n-500_effect-2_sigma-indep_corr-1"
"subject106",1,0.95,"diablo-null","sim-data_n-500_effect-2_sigma-indep_corr-1"
"subject113",1,1.015,"diablo-null","sim-data_n-500_effect-2_sigma-indep_corr-1"
"subject117",1,0.968,"diablo-null","sim-data_n-500_effect-2_sigma-indep_corr-1"
"subject122",1,1,"diablo-null","sim-data_n-500_effect-2_sigma-indep_corr-1"
"subject124",0,0.037,"diablo-null","sim-data_n-500_effect-2_sigma-indep_corr-1"
"subject129",0,0.002,"diablo-null","sim-data_n-500_effect-2_sigma-indep_corr-1"
"subject131",0,0.029,"diablo-null","sim-data_n-500_effect-2_sigma-indep_corr-1"
"subject132",1,1.038,"diablo-null","sim-data_n-500_effect-2_sigma-indep_corr-1"
"subject139",1,0.979,"diablo-null","sim-data_n-500_effect-2_sigma-indep_corr-1"
"subject153",1,0.986,"diablo-null","sim-data_n-500_effect-2_sigma-indep_corr-1"
"subject155",0,0,"diablo-null","sim-data_n-500_effect-2_sigma-indep_corr-1"
"subject158",1,0.98,"diablo-null","sim-data_n-500_effect-2_sigma-indep_corr-1"
"subject161",0,0.021,"diablo-null","sim-data_n-500_effect-2_sigma-indep_corr-1"
"subject166",1,0.993,"diablo-null","sim-data_n-500_effect-2_sigma-indep_corr-1"
"subject169",0,0.071,"diablo-null","sim-data_n-500_effect-2_sigma-indep_corr-1"
"subject171",1,0.985,"diablo-null","sim-data_n-500_effect-2_sigma-indep_corr-1"
"subject174",1,0.986,"diablo-null","sim-data_n-500_effect-2_sigma-indep_corr-1"
"subject175",1,0.969,"diablo-null","sim-data_n-500_effect-2_sigma-indep_corr-1"
"subject176",0,0.047,"diablo-null","sim-data_n-500_effect-2_sigma-indep_corr-1"
"subject178",0,0.036,"diablo-null","sim-data_n-500_effect-2_sigma-indep_corr-1"
"subject182",1,1.019,"diablo-null","sim-data_n-500_effect-2_sigma-indep_corr-1"
"subject185",0,0.044,"diablo-null","sim-data_n-500_effect-2_sigma-indep_corr-1"
"subject189",0,-0.005,"diablo-null","sim-data_n-500_effect-2_sigma-indep_corr-1"
"subject192",1,1.013,"diablo-null","sim-data_n-500_effect-2_sigma-indep_corr-1"
"subject194",1,1.019,"diablo-null","sim-data_n-500_effect-2_sigma-indep_corr-1"
"subject196",0,0.026,"diablo-null","sim-data_n-500_effect-2_sigma-indep_corr-1"
"subject200",0,0.009,"diablo-null","sim-data_n-500_effect-2_sigma-indep_corr-1"
"subject201",0,0.038,"diablo-null","sim-data_n-500_effect-2_sigma-indep_corr-1"
"subject202",1,0.997,"diablo-null","sim-data_n-500_effect-2_sigma-indep_corr-1"
"subject203",0,0.022,"diablo-null","sim-data_n-500_effect-2_sigma-indep_corr-1"
"subject206",1,0.987,"diablo-null","sim-data_n-500_effect-2_sigma-indep_corr-1"
"subject208",1,1.009,"diablo-null","sim-data_n-500_effect-2_sigma-indep_corr-1"
"subject210",1,0.974,"diablo-null","sim-data_n-500_effect-2_sigma-indep_corr-1"
"subject216",0,0.022,"diablo-null","sim-data_n-500_effect-2_sigma-indep_corr-1"
"subject217",0,0.034,"diablo-null","sim-data_n-500_effect-2_sigma-indep_corr-1"
"subject220",0,0.008,"diablo-null","sim-data_n-500_effect-2_sigma-indep_corr-1"
"subject224",1,1.022,"diablo-null","sim-data_n-500_effect-2_sigma-indep_corr-1"
"subject226",0,0.021,"diablo-null","sim-data_n-500_effect-2_sigma-indep_corr-1"
"subject227",1,0.979,"diablo-null","sim-data_n-500_effect-2_sigma-indep_corr-1"
"subject230",1,0.99,"diablo-null","sim-data_n-500_effect-2_sigma-indep_corr-1"
"subject234",0,-0.011,"diablo-null","sim-data_n-500_effect-2_sigma-indep_corr-1"
"subject235",1,0.983,"diablo-null","sim-data_n-500_effect-2_sigma-indep_corr-1"
"subject236",1,0.999,"diablo-null","sim-data_n-500_effect-2_sigma-indep_corr-1"
"subject242",0,0.036,"diablo-null","sim-data_n-500_effect-2_sigma-indep_corr-1"
"subject245",0,-0.008,"diablo-null","sim-data_n-500_effect-2_sigma-indep_corr-1"
"subject250",1,1.015,"diablo-null","sim-data_n-500_effect-2_sigma-indep_corr-1"
"subject252",1,0.992,"diablo-null","sim-data_n-500_effect-2_sigma-indep_corr-1"
"subject254",0,0.038,"diablo-null","sim-data_n-500_effect-2_sigma-indep_corr-1"
"subject255",1,0.968,"diablo-null","sim-data_n-500_effect-2_sigma-indep_corr-1"
"subject256",0,-0.003,"diablo-null","sim-data_n-500_effect-2_sigma-indep_corr-1"
"subject261",0,0.024,"diablo-null","sim-data_n-500_effect-2_sigma-indep_corr-1"
"subject265",0,-0.006,"diablo-null","sim-data_n-500_effect-2_sigma-indep_corr-1"
"subject276",1,1.039,"diablo-null","sim-data_n-500_effect-2_sigma-indep_corr-1"
"subject277",1,0.967,"diablo-null","sim-data_n-500_effect-2_sigma-indep_corr-1"
"subject290",0,0.023,"diablo-null","sim-data_n-500_effect-2_sigma-indep_corr-1"
"subject292",0,0.034,"diablo-null","sim-data_n-500_effect-2_sigma-indep_corr-1"
"subject293",0,0.031,"diablo-null","sim-data_n-500_effect-2_sigma-indep_corr-1"
"subject296",0,0.062,"diablo-null","sim-data_n-500_effect-2_sigma-indep_corr-1"
"subject306",1,0.974,"diablo-null","sim-data_n-500_effect-2_sigma-indep_corr-1"
"subject307",0,0.031,"diablo-null","sim-data_n-500_effect-2_sigma-indep_corr-1"
"subject317",1,0.957,"diablo-null","sim-data_n-500_effect-2_sigma-indep_corr-1"
"subject318",1,0.972,"diablo-null","sim-data_n-500_effect-2_sigma-indep_corr-1"
"subject319",1,0.977,"diablo-null","sim-data_n-500_effect-2_sigma-indep_corr-1"
"subject320",1,1.002,"diablo-null","sim-data_n-500_effect-2_sigma-indep_corr-1"
"subject325",1,0.999,"diablo-null","sim-data_n-500_effect-2_sigma-indep_corr-1"
"subject328",0,0.004,"diablo-null","sim-data_n-500_effect-2_sigma-indep_corr-1"
"subject330",1,1.031,"diablo-null","sim-data_n-500_effect-2_sigma-indep_corr-1"
"subject332",1,0.983,"diablo-null","sim-data_n-500_effect-2_sigma-indep_corr-1"
"subject337",0,0.014,"diablo-null","sim-data_n-500_effect-2_sigma-indep_corr-1"
"subject339",1,1.033,"diablo-null","sim-data_n-500_effect-2_sigma-indep_corr-1"
"subject344",0,-0.032,"diablo-null","sim-data_n-500_effect-2_sigma-indep_corr-1"
"subject346",0,0.055,"diablo-null","sim-data_n-500_effect-2_sigma-indep_corr-1"
"subject354",0,0.03,"diablo-null","sim-data_n-500_effect-2_sigma-indep_corr-1"
"subject355",1,0.964,"diablo-null","sim-data_n-500_effect-2_sigma-indep_corr-1"
"subject356",0,0.011,"diablo-null","sim-data_n-500_effect-2_sigma-indep_corr-1"
"subject361",1,0.981,"diablo-null","sim-data_n-500_effect-2_sigma-indep_corr-1"
"subject366",1,1.029,"diablo-null","sim-data_n-500_effect-2_sigma-indep_corr-1"
"subject367",1,1.046,"diablo-null","sim-data_n-500_effect-2_sigma-indep_corr-1"
"subject370",0,0.006,"diablo-null","sim-data_n-500_effect-2_sigma-indep_corr-1"
"subject373",0,0.008,"diablo-null","sim-data_n-500_effect-2_sigma-indep_corr-1"
"subject376",1,1.016,"diablo-null","sim-data_n-500_effect-2_sigma-indep_corr-1"
"subject378",1,0.975,"diablo-null","sim-data_n-500_effect-2_sigma-indep_corr-1"
"subject380",0,0.051,"diablo-null","sim-data_n-500_effect-2_sigma-indep_corr-1"
"subject386",0,0.001,"diablo-null","sim-data_n-500_effect-2_sigma-indep_corr-1"
"subject389",1,0.989,"diablo-null","sim-data_n-500_effect-2_sigma-indep_corr-1"
"subject392",0,-0.011,"diablo-null","sim-data_n-500_effect-2_sigma-indep_corr-1"
"subject397",0,0.031,"diablo-null","sim-data_n-500_effect-2_sigma-indep_corr-1"
"subject398",1,0.973,"diablo-null","sim-data_n-500_effect-2_sigma-indep_corr-1"
"subject400",1,0.982,"diablo-null","sim-data_n-500_effect-2_sigma-indep_corr-1"
"subject406",1,0.968,"diablo-null","sim-data_n-500_effect-2_sigma-indep_corr-1"
"subject407",0,-0.002,"diablo-null","sim-data_n-500_effect-2_sigma-indep_corr-1"
"subject418",0,0.063,"diablo-null","sim-data_n-500_effect-2_sigma-indep_corr-1"
"subject423",1,1.026,"diablo-null","sim-data_n-500_effect-2_sigma-indep_corr-1"
"subject428",0,0.037,"diablo-null","sim-data_n-500_effect-2_sigma-indep_corr-1"
"subject434",1,0.997,"diablo-null","sim-data_n-500_effect-2_sigma-indep_corr-1"
"subject436",0,0,"diablo-null","sim-data_n-500_effect-2_sigma-indep_corr-1"
"subject439",0,0.049,"diablo-null","sim-data_n-500_effect-2_sigma-indep_corr-1"
"subject441",1,0.988,"diablo-null","sim-data_n-500_effect-2_sigma-indep_corr-1"
"subject444",0,0.018,"diablo-null","sim-data_n-500_effect-2_sigma-indep_corr-1"
"subject445",0,-0.005,"diablo-null","sim-data_n-500_effect-2_sigma-indep_corr-1"
"subject447",1,1.024,"diablo-null","sim-data_n-500_effect-2_sigma-indep_corr-1"
"subject448",1,0.997,"diablo-null","sim-data_n-500_effect-2_sigma-indep_corr-1"
"subject455",1,1.03,"diablo-null","sim-data_n-500_effect-2_sigma-indep_corr-1"
"subject458",0,0.039,"diablo-null","sim-data_n-500_effect-2_sigma-indep_corr-1"
"subject462",0,0.015,"diablo-null","sim-data_n-500_effect-2_sigma-indep_corr-1"
"subject464",0,0.027,"diablo-null","sim-data_n-500_effect-2_sigma-indep_corr-1"
"subject465",1,1.009,"diablo-null","sim-data_n-500_effect-2_sigma-indep_corr-1"
"subject467",0,0.015,"diablo-null","sim-data_n-500_effect-2_sigma-indep_corr-1"
"subject468",0,-0.004,"diablo-null","sim-data_n-500_effect-2_sigma-indep_corr-1"
"subject473",1,0.972,"diablo-null","sim-data_n-500_effect-2_sigma-indep_corr-1"
"subject476",0,0.005,"diablo-null","sim-data_n-500_effect-2_sigma-indep_corr-1"
"subject478",1,0.999,"diablo-null","sim-data_n-500_effect-2_sigma-indep_corr-1"
"subject479",1,0.983,"diablo-null","sim-data_n-500_effect-2_sigma-indep_corr-1"
"subject482",1,1.018,"diablo-null","sim-data_n-500_effect-2_sigma-indep_corr-1"
"subject486",0,0.021,"diablo-null","sim-data_n-500_effect-2_sigma-indep_corr-1"
"subject494",0,-0.013,"diablo-null","sim-data_n-500_effect-2_sigma-indep_corr-1"
"subject496",1,0.988,"diablo-null","sim-data_n-500_effect-2_sigma-indep_corr-1"
"subject498",0,0.03,"diablo-null","sim-data_n-500_effect-2_sigma-indep_corr-1"
"subject1",0,-0.03,"diablo-null","sim-data_n-500_effect-2_sigma-indep_corr-1"
"subject2",0,0.003,"diablo-null","sim-data_n-500_effect-2_sigma-indep_corr-1"
"subject4",0,0.016,"diablo-null","sim-data_n-500_effect-2_sigma-indep_corr-1"
"subject5",1,0.998,"diablo-null","sim-data_n-500_effect-2_sigma-indep_corr-1"
"subject6",1,0.976,"diablo-null","sim-data_n-500_effect-2_sigma-indep_corr-1"
"subject8",0,-0.019,"diablo-null","sim-data_n-500_effect-2_sigma-indep_corr-1"
"subject17",1,0.977,"diablo-null","sim-data_n-500_effect-2_sigma-indep_corr-1"
"subject23",1,0.955,"diablo-null","sim-data_n-500_effect-2_sigma-indep_corr-1"
"subject24",1,1.022,"diablo-null","sim-data_n-500_effect-2_sigma-indep_corr-1"
"subject28",0,-0.038,"diablo-null","sim-data_n-500_effect-2_sigma-indep_corr-1"
"subject30",0,0.016,"diablo-null","sim-data_n-500_effect-2_sigma-indep_corr-1"
"subject31",1,0.997,"diablo-null","sim-data_n-500_effect-2_sigma-indep_corr-1"
"subject35",0,-0.005,"diablo-null","sim-data_n-500_effect-2_sigma-indep_corr-1"
"subject36",0,0.003,"diablo-null","sim-data_n-500_effect-2_sigma-indep_corr-1"
"subject37",0,-0.014,"diablo-null","sim-data_n-500_effect-2_sigma-indep_corr-1"
"subject38",0,-0.018,"diablo-null","sim-data_n-500_effect-2_sigma-indep_corr-1"
"subject41",0,-0.007,"diablo-null","sim-data_n-500_effect-2_sigma-indep_corr-1"
"subject43",0,0.006,"diablo-null","sim-data_n-500_effect-2_sigma-indep_corr-1"
"subject46",0,-0.04,"diablo-null","sim-data_n-500_effect-2_sigma-indep_corr-1"
"subject48",1,0.982,"diablo-null","sim-data_n-500_effect-2_sigma-indep_corr-1"
"subject63",1,1.027,"diablo-null","sim-data_n-500_effect-2_sigma-indep_corr-1"
"subject64",0,-0.014,"diablo-null","sim-data_n-500_effect-2_sigma-indep_corr-1"
"subject69",1,0.937,"diablo-null","sim-data_n-500_effect-2_sigma-indep_corr-1"
"subject73",0,0.022,"diablo-null","sim-data_n-500_effect-2_sigma-indep_corr-1"
"subject74",1,1.027,"diablo-null","sim-data_n-500_effect-2_sigma-indep_corr-1"
"subject75",1,1.004,"diablo-null","sim-data_n-500_effect-2_sigma-indep_corr-1"
"subject77",0,-0.011,"diablo-null","sim-data_n-500_effect-2_sigma-indep_corr-1"
"subject80",0,-0.037,"diablo-null","sim-data_n-500_effect-2_sigma-indep_corr-1"
"subject83",0,0.015,"diablo-null","sim-data_n-500_effect-2_sigma-indep_corr-1"
"subject87",1,0.981,"diablo-null","sim-data_n-500_effect-2_sigma-indep_corr-1"
"subject92",1,0.977,"diablo-null","sim-data_n-500_effect-2_sigma-indep_corr-1"
"subject97",0,-0.011,"diablo-null","sim-data_n-500_effect-2_sigma-indep_corr-1"
"subject98",1,1.018,"diablo-null","sim-data_n-500_effect-2_sigma-indep_corr-1"
"subject107",1,0.996,"diablo-null","sim-data_n-500_effect-2_sigma-indep_corr-1"
"subject108",0,-0.005,"diablo-null","sim-data_n-500_effect-2_sigma-indep_corr-1"
"subject109",0,-0.004,"diablo-null","sim-data_n-500_effect-2_sigma-indep_corr-1"
"subject114",0,-0.022,"diablo-null","sim-data_n-500_effect-2_sigma-indep_corr-1"
"subject115",0,-0.028,"diablo-null","sim-data_n-500_effect-2_sigma-indep_corr-1"
"subject118",0,-0.015,"diablo-null","sim-data_n-500_effect-2_sigma-indep_corr-1"
"subject120",1,1.009,"diablo-null","sim-data_n-500_effect-2_sigma-indep_corr-1"
"subject121",1,0.999,"diablo-null","sim-data_n-500_effect-2_sigma-indep_corr-1"
"subject123",1,0.989,"diablo-null","sim-data_n-500_effect-2_sigma-indep_corr-1"
"subject127",0,0.024,"diablo-null","sim-data_n-500_effect-2_sigma-indep_corr-1"
"subject135",1,0.972,"diablo-null","sim-data_n-500_effect-2_sigma-indep_corr-1"
"subject136",0,0.01,"diablo-null","sim-data_n-500_effect-2_sigma-indep_corr-1"
"subject137",1,1.006,"diablo-null","sim-data_n-500_effect-2_sigma-indep_corr-1"
"subject142",0,-0.044,"diablo-null","sim-data_n-500_effect-2_sigma-indep_corr-1"
"subject145",1,0.982,"diablo-null","sim-data_n-500_effect-2_sigma-indep_corr-1"
"subject149",1,0.998,"diablo-null","sim-data_n-500_effect-2_sigma-indep_corr-1"
"subject150",0,0.012,"diablo-null","sim-data_n-500_effect-2_sigma-indep_corr-1"
"subject152",1,0.957,"diablo-null","sim-data_n-500_effect-2_sigma-indep_corr-1"
"subject160",1,1.023,"diablo-null","sim-data_n-500_effect-2_sigma-indep_corr-1"
"subject162",0,0.036,"diablo-null","sim-data_n-500_effect-2_sigma-indep_corr-1"
"subject163",0,-0.027,"diablo-null","sim-data_n-500_effect-2_sigma-indep_corr-1"
"subject167",1,0.952,"diablo-null","sim-data_n-500_effect-2_sigma-indep_corr-1"
"subject170",1,0.982,"diablo-null","sim-data_n-500_effect-2_sigma-indep_corr-1"
"subject172",1,0.982,"diablo-null","sim-data_n-500_effect-2_sigma-indep_corr-1"
"subject177",1,1.004,"diablo-null","sim-data_n-500_effect-2_sigma-indep_corr-1"
"subject180",1,1.003,"diablo-null","sim-data_n-500_effect-2_sigma-indep_corr-1"
"subject181",0,-0.011,"diablo-null","sim-data_n-500_effect-2_sigma-indep_corr-1"
"subject186",0,0.012,"diablo-null","sim-data_n-500_effect-2_sigma-indep_corr-1"
"subject188",1,0.956,"diablo-null","sim-data_n-500_effect-2_sigma-indep_corr-1"
"subject193",1,0.962,"diablo-null","sim-data_n-500_effect-2_sigma-indep_corr-1"
"subject198",1,0.956,"diablo-null","sim-data_n-500_effect-2_sigma-indep_corr-1"
"subject199",1,1.009,"diablo-null","sim-data_n-500_effect-2_sigma-indep_corr-1"
"subject207",1,1.028,"diablo-null","sim-data_n-500_effect-2_sigma-indep_corr-1"
"subject213",1,0.963,"diablo-null","sim-data_n-500_effect-2_sigma-indep_corr-1"
"subject215",0,0.027,"diablo-null","sim-data_n-500_effect-2_sigma-indep_corr-1"
"subject222",0,0.036,"diablo-null","sim-data_n-500_effect-2_sigma-indep_corr-1"
"subject223",1,0.979,"diablo-null","sim-data_n-500_effect-2_sigma-indep_corr-1"
"subject225",1,0.973,"diablo-null","sim-data_n-500_effect-2_sigma-indep_corr-1"
"subject231",1,0.986,"diablo-null","sim-data_n-500_effect-2_sigma-indep_corr-1"
"subject233",1,0.976,"diablo-null","sim-data_n-500_effect-2_sigma-indep_corr-1"
"subject241",0,-0.018,"diablo-null","sim-data_n-500_effect-2_sigma-indep_corr-1"
"subject246",1,0.987,"diablo-null","sim-data_n-500_effect-2_sigma-indep_corr-1"
"subject247",1,0.98,"diablo-null","sim-data_n-500_effect-2_sigma-indep_corr-1"
"subject248",0,-0.024,"diablo-null","sim-data_n-500_effect-2_sigma-indep_corr-1"
"subject253",1,0.975,"diablo-null","sim-data_n-500_effect-2_sigma-indep_corr-1"
"subject258",1,0.998,"diablo-null","sim-data_n-500_effect-2_sigma-indep_corr-1"
"subject260",1,0.984,"diablo-null","sim-data_n-500_effect-2_sigma-indep_corr-1"
"subject263",1,0.971,"diablo-null","sim-data_n-500_effect-2_sigma-indep_corr-1"
"subject264",1,0.99,"diablo-null","sim-data_n-500_effect-2_sigma-indep_corr-1"
"subject268",0,0.012,"diablo-null","sim-data_n-500_effect-2_sigma-indep_corr-1"
"subject273",0,-0.029,"diablo-null","sim-data_n-500_effect-2_sigma-indep_corr-1"
"subject279",0,-0.008,"diablo-null","sim-data_n-500_effect-2_sigma-indep_corr-1"
"subject280",1,1.001,"diablo-null","sim-data_n-500_effect-2_sigma-indep_corr-1"
"subject282",1,0.994,"diablo-null","sim-data_n-500_effect-2_sigma-indep_corr-1"
"subject284",0,-0.006,"diablo-null","sim-data_n-500_effect-2_sigma-indep_corr-1"
"subject286",1,0.993,"diablo-null","sim-data_n-500_effect-2_sigma-indep_corr-1"
"subject287",0,0.004,"diablo-null","sim-data_n-500_effect-2_sigma-indep_corr-1"
"subject288",0,0.012,"diablo-null","sim-data_n-500_effect-2_sigma-indep_corr-1"
"subject294",0,0.027,"diablo-null","sim-data_n-500_effect-2_sigma-indep_corr-1"
"subject297",0,-0.02,"diablo-null","sim-data_n-500_effect-2_sigma-indep_corr-1"
"subject298",0,-0.009,"diablo-null","sim-data_n-500_effect-2_sigma-indep_corr-1"
"subject299",0,-0.037,"diablo-null","sim-data_n-500_effect-2_sigma-indep_corr-1"
"subject303",0,-0.029,"diablo-null","sim-data_n-500_effect-2_sigma-indep_corr-1"
"subject304",0,0.009,"diablo-null","sim-data_n-500_effect-2_sigma-indep_corr-1"
"subject305",0,0.055,"diablo-null","sim-data_n-500_effect-2_sigma-indep_corr-1"
"subject310",1,1.006,"diablo-null","sim-data_n-500_effect-2_sigma-indep_corr-1"
"subject313",1,0.969,"diablo-null","sim-data_n-500_effect-2_sigma-indep_corr-1"
"subject314",1,0.994,"diablo-null","sim-data_n-500_effect-2_sigma-indep_corr-1"
"subject315",1,0.992,"diablo-null","sim-data_n-500_effect-2_sigma-indep_corr-1"
"subject316",0,0.008,"diablo-null","sim-data_n-500_effect-2_sigma-indep_corr-1"
"subject321",0,-0.032,"diablo-null","sim-data_n-500_effect-2_sigma-indep_corr-1"
"subject322",0,-0.056,"diablo-null","sim-data_n-500_effect-2_sigma-indep_corr-1"
"subject331",1,1.001,"diablo-null","sim-data_n-500_effect-2_sigma-indep_corr-1"
"subject335",0,0.005,"diablo-null","sim-data_n-500_effect-2_sigma-indep_corr-1"
"subject340",0,0.015,"diablo-null","sim-data_n-500_effect-2_sigma-indep_corr-1"
"subject342",1,0.982,"diablo-null","sim-data_n-500_effect-2_sigma-indep_corr-1"
"subject359",1,1.019,"diablo-null","sim-data_n-500_effect-2_sigma-indep_corr-1"
"subject360",1,0.961,"diablo-null","sim-data_n-500_effect-2_sigma-indep_corr-1"
"subject363",1,0.995,"diablo-null","sim-data_n-500_effect-2_sigma-indep_corr-1"
"subject364",1,0.993,"diablo-null","sim-data_n-500_effect-2_sigma-indep_corr-1"
"subject365",1,0.989,"diablo-null","sim-data_n-500_effect-2_sigma-indep_corr-1"
"subject368",0,-0.006,"diablo-null","sim-data_n-500_effect-2_sigma-indep_corr-1"
"subject372",1,1.005,"diablo-null","sim-data_n-500_effect-2_sigma-indep_corr-1"
"subject381",0,0.018,"diablo-null","sim-data_n-500_effect-2_sigma-indep_corr-1"
"subject382",1,1.039,"diablo-null","sim-data_n-500_effect-2_sigma-indep_corr-1"
"subject384",1,0.966,"diablo-null","sim-data_n-500_effect-2_sigma-indep_corr-1"
"subject387",1,1.003,"diablo-null","sim-data_n-500_effect-2_sigma-indep_corr-1"
"subject391",1,0.976,"diablo-null","sim-data_n-500_effect-2_sigma-indep_corr-1"
"subject393",0,-0.005,"diablo-null","sim-data_n-500_effect-2_sigma-indep_corr-1"
"subject394",0,0.022,"diablo-null","sim-data_n-500_effect-2_sigma-indep_corr-1"
"subject401",0,-0.006,"diablo-null","sim-data_n-500_effect-2_sigma-indep_corr-1"
"subject403",0,-0.015,"diablo-null","sim-data_n-500_effect-2_sigma-indep_corr-1"
"subject408",0,0.039,"diablo-null","sim-data_n-500_effect-2_sigma-indep_corr-1"
"subject410",1,0.971,"diablo-null","sim-data_n-500_effect-2_sigma-indep_corr-1"
"subject411",0,0.036,"diablo-null","sim-data_n-500_effect-2_sigma-indep_corr-1"
"subject412",0,0.016,"diablo-null","sim-data_n-500_effect-2_sigma-indep_corr-1"
"subject414",1,0.993,"diablo-null","sim-data_n-500_effect-2_sigma-indep_corr-1"
"subject420",0,-0.02,"diablo-null","sim-data_n-500_effect-2_sigma-indep_corr-1"
"subject425",1,0.959,"diablo-null","sim-data_n-500_effect-2_sigma-indep_corr-1"
"subject426",0,0.021,"diablo-null","sim-data_n-500_effect-2_sigma-indep_corr-1"
"subject427",0,0.015,"diablo-null","sim-data_n-500_effect-2_sigma-indep_corr-1"
"subject431",1,0.978,"diablo-null","sim-data_n-500_effect-2_sigma-indep_corr-1"
"subject433",1,0.951,"diablo-null","sim-data_n-500_effect-2_sigma-indep_corr-1"
"subject435",0,0.004,"diablo-null","sim-data_n-500_effect-2_sigma-indep_corr-1"
"subject442",0,0.008,"diablo-null","sim-data_n-500_effect-2_sigma-indep_corr-1"
"subject449",0,-0.029,"diablo-null","sim-data_n-500_effect-2_sigma-indep_corr-1"
"subject457",0,-0.027,"diablo-null","sim-data_n-500_effect-2_sigma-indep_corr-1"
"subject463",1,1.004,"diablo-null","sim-data_n-500_effect-2_sigma-indep_corr-1"
"subject471",0,0.013,"diablo-null","sim-data_n-500_effect-2_sigma-indep_corr-1"
"subject477",1,0.977,"diablo-null","sim-data_n-500_effect-2_sigma-indep_corr-1"
"subject480",0,-0.002,"diablo-null","sim-data_n-500_effect-2_sigma-indep_corr-1"
"subject485",0,0.013,"diablo-null","sim-data_n-500_effect-2_sigma-indep_corr-1"
"subject487",1,1.016,"diablo-null","sim-data_n-500_effect-2_sigma-indep_corr-1"
"subject490",0,-0.019,"diablo-null","sim-data_n-500_effect-2_sigma-indep_corr-1"
"subject492",1,1.003,"diablo-null","sim-data_n-500_effect-2_sigma-indep_corr-1"
"subject497",1,0.99,"diablo-null","sim-data_n-500_effect-2_sigma-indep_corr-1"
"subject500",1,0.971,"diablo-null","sim-data_n-500_effect-2_sigma-indep_corr-1"
"subject3",1,1.001,"diablo-null","sim-data_n-100_effect-2_sigma-def_corr-0"
"subject6",0,-0.04,"diablo-null","sim-data_n-100_effect-2_sigma-def_corr-0"
"subject10",0,-0.013,"diablo-null","sim-data_n-100_effect-2_sigma-def_corr-0"
"subject16",0,0.072,"diablo-null","sim-data_n-100_effect-2_sigma-def_corr-0"
"subject19",1,0.962,"diablo-null","sim-data_n-100_effect-2_sigma-def_corr-0"
"subject20",0,0.038,"diablo-null","sim-data_n-100_effect-2_sigma-def_corr-0"
"subject26",1,1.026,"diablo-null","sim-data_n-100_effect-2_sigma-def_corr-0"
"subject27",0,-0.099,"diablo-null","sim-data_n-100_effect-2_sigma-def_corr-0"
"subject35",0,-0.041,"diablo-null","sim-data_n-100_effect-2_sigma-def_corr-0"
"subject45",1,0.999,"diablo-null","sim-data_n-100_effect-2_sigma-def_corr-0"
"subject48",1,0.973,"diablo-null","sim-data_n-100_effect-2_sigma-def_corr-0"
"subject49",1,0.943,"diablo-null","sim-data_n-100_effect-2_sigma-def_corr-0"
"subject52",1,0.996,"diablo-null","sim-data_n-100_effect-2_sigma-def_corr-0"
"subject57",1,0.957,"diablo-null","sim-data_n-100_effect-2_sigma-def_corr-0"
"subject65",0,0.064,"diablo-null","sim-data_n-100_effect-2_sigma-def_corr-0"
"subject68",0,-0.024,"diablo-null","sim-data_n-100_effect-2_sigma-def_corr-0"
"subject69",1,0.954,"diablo-null","sim-data_n-100_effect-2_sigma-def_corr-0"
"subject72",1,0.963,"diablo-null","sim-data_n-100_effect-2_sigma-def_corr-0"
"subject73",1,1.042,"diablo-null","sim-data_n-100_effect-2_sigma-def_corr-0"
"subject74",1,0.962,"diablo-null","sim-data_n-100_effect-2_sigma-def_corr-0"
"subject76",1,0.966,"diablo-null","sim-data_n-100_effect-2_sigma-def_corr-0"
"subject77",0,0.015,"diablo-null","sim-data_n-100_effect-2_sigma-def_corr-0"
"subject79",1,0.961,"diablo-null","sim-data_n-100_effect-2_sigma-def_corr-0"
"subject83",1,0.912,"diablo-null","sim-data_n-100_effect-2_sigma-def_corr-0"
"subject86",0,0.065,"diablo-null","sim-data_n-100_effect-2_sigma-def_corr-0"
"subject92",1,0.946,"diablo-null","sim-data_n-100_effect-2_sigma-def_corr-0"
"subject93",0,0.084,"diablo-null","sim-data_n-100_effect-2_sigma-def_corr-0"
"subject94",1,0.993,"diablo-null","sim-data_n-100_effect-2_sigma-def_corr-0"
"subject97",1,1.005,"diablo-null","sim-data_n-100_effect-2_sigma-def_corr-0"
"subject100",1,0.954,"diablo-null","sim-data_n-100_effect-2_sigma-def_corr-0"
"subject1",1,0.94,"diablo-null","sim-data_n-500_effect-2_sigma-def_corr-0"
"subject2",1,0.932,"diablo-null","sim-data_n-500_effect-2_sigma-def_corr-0"
"subject9",0,0.004,"diablo-null","sim-data_n-500_effect-2_sigma-def_corr-0"
"subject10",0,-0.009,"diablo-null","sim-data_n-500_effect-2_sigma-def_corr-0"
"subject12",1,1.027,"diablo-null","sim-data_n-500_effect-2_sigma-def_corr-0"
"subject13",1,1.026,"diablo-null","sim-data_n-500_effect-2_sigma-def_corr-0"
"subject21",0,-0.007,"diablo-null","sim-data_n-500_effect-2_sigma-def_corr-0"
"subject27",1,0.943,"diablo-null","sim-data_n-500_effect-2_sigma-def_corr-0"
"subject29",1,0.964,"diablo-null","sim-data_n-500_effect-2_sigma-def_corr-0"
"subject41",1,0.942,"diablo-null","sim-data_n-500_effect-2_sigma-def_corr-0"
"subject43",0,0.04,"diablo-null","sim-data_n-500_effect-2_sigma-def_corr-0"
"subject46",0,0.005,"diablo-null","sim-data_n-500_effect-2_sigma-def_corr-0"
"subject47",1,0.967,"diablo-null","sim-data_n-500_effect-2_sigma-def_corr-0"
"subject48",0,0.053,"diablo-null","sim-data_n-500_effect-2_sigma-def_corr-0"
"subject53",0,-0.047,"diablo-null","sim-data_n-500_effect-2_sigma-def_corr-0"
"subject54",1,0.965,"diablo-null","sim-data_n-500_effect-2_sigma-def_corr-0"
"subject56",1,0.927,"diablo-null","sim-data_n-500_effect-2_sigma-def_corr-0"
"subject57",0,0.037,"diablo-null","sim-data_n-500_effect-2_sigma-def_corr-0"
"subject63",0,0.032,"diablo-null","sim-data_n-500_effect-2_sigma-def_corr-0"
"subject66",0,0.028,"diablo-null","sim-data_n-500_effect-2_sigma-def_corr-0"
"subject77",1,0.923,"diablo-null","sim-data_n-500_effect-2_sigma-def_corr-0"
"subject79",0,0.015,"diablo-null","sim-data_n-500_effect-2_sigma-def_corr-0"
"subject83",0,0.022,"diablo-null","sim-data_n-500_effect-2_sigma-def_corr-0"
"subject86",1,0.982,"diablo-null","sim-data_n-500_effect-2_sigma-def_corr-0"
"subject88",0,-0.04,"diablo-null","sim-data_n-500_effect-2_sigma-def_corr-0"
"subject89",1,0.965,"diablo-null","sim-data_n-500_effect-2_sigma-def_corr-0"
"subject94",0,0.018,"diablo-null","sim-data_n-500_effect-2_sigma-def_corr-0"
"subject96",1,0.896,"diablo-null","sim-data_n-500_effect-2_sigma-def_corr-0"
"subject100",1,0.939,"diablo-null","sim-data_n-500_effect-2_sigma-def_corr-0"
"subject104",1,0.993,"diablo-null","sim-data_n-500_effect-2_sigma-def_corr-0"
"subject105",1,1.031,"diablo-null","sim-data_n-500_effect-2_sigma-def_corr-0"
"subject109",0,0.04,"diablo-null","sim-data_n-500_effect-2_sigma-def_corr-0"
"subject110",0,-0.017,"diablo-null","sim-data_n-500_effect-2_sigma-def_corr-0"
"subject118",0,0.058,"diablo-null","sim-data_n-500_effect-2_sigma-def_corr-0"
"subject121",1,1.047,"diablo-null","sim-data_n-500_effect-2_sigma-def_corr-0"
"subject122",0,0.033,"diablo-null","sim-data_n-500_effect-2_sigma-def_corr-0"
"subject124",1,0.989,"diablo-null","sim-data_n-500_effect-2_sigma-def_corr-0"
"subject127",0,0.045,"diablo-null","sim-data_n-500_effect-2_sigma-def_corr-0"
"subject130",1,0.986,"diablo-null","sim-data_n-500_effect-2_sigma-def_corr-0"
"subject131",1,1.061,"diablo-null","sim-data_n-500_effect-2_sigma-def_corr-0"
"subject133",1,0.968,"diablo-null","sim-data_n-500_effect-2_sigma-def_corr-0"
"subject135",0,0.023,"diablo-null","sim-data_n-500_effect-2_sigma-def_corr-0"
"subject139",1,0.988,"diablo-null","sim-data_n-500_effect-2_sigma-def_corr-0"
"subject143",1,0.973,"diablo-null","sim-data_n-500_effect-2_sigma-def_corr-0"
"subject145",1,1.069,"diablo-null","sim-data_n-500_effect-2_sigma-def_corr-0"
"subject146",0,0.01,"diablo-null","sim-data_n-500_effect-2_sigma-def_corr-0"
"subject148",0,-0.046,"diablo-null","sim-data_n-500_effect-2_sigma-def_corr-0"
"subject149",1,1,"diablo-null","sim-data_n-500_effect-2_sigma-def_corr-0"
"subject150",1,0.978,"diablo-null","sim-data_n-500_effect-2_sigma-def_corr-0"
"subject151",1,0.973,"diablo-null","sim-data_n-500_effect-2_sigma-def_corr-0"
"subject154",1,0.926,"diablo-null","sim-data_n-500_effect-2_sigma-def_corr-0"
"subject162",0,0.03,"diablo-null","sim-data_n-500_effect-2_sigma-def_corr-0"
"subject164",1,0.888,"diablo-null","sim-data_n-500_effect-2_sigma-def_corr-0"
"subject165",0,0.03,"diablo-null","sim-data_n-500_effect-2_sigma-def_corr-0"
"subject167",1,0.951,"diablo-null","sim-data_n-500_effect-2_sigma-def_corr-0"
"subject169",1,0.974,"diablo-null","sim-data_n-500_effect-2_sigma-def_corr-0"
"subject172",0,0.032,"diablo-null","sim-data_n-500_effect-2_sigma-def_corr-0"
"subject179",1,1.027,"diablo-null","sim-data_n-500_effect-2_sigma-def_corr-0"
"subject181",0,0.006,"diablo-null","sim-data_n-500_effect-2_sigma-def_corr-0"
"subject183",1,0.964,"diablo-null","sim-data_n-500_effect-2_sigma-def_corr-0"
"subject190",0,0.033,"diablo-null","sim-data_n-500_effect-2_sigma-def_corr-0"
"subject192",1,1.083,"diablo-null","sim-data_n-500_effect-2_sigma-def_corr-0"
"subject197",0,-0.08,"diablo-null","sim-data_n-500_effect-2_sigma-def_corr-0"
"subject203",1,0.982,"diablo-null","sim-data_n-500_effect-2_sigma-def_corr-0"
"subject205",1,0.996,"diablo-null","sim-data_n-500_effect-2_sigma-def_corr-0"
"subject217",1,0.902,"diablo-null","sim-data_n-500_effect-2_sigma-def_corr-0"
"subject223",0,-0.005,"diablo-null","sim-data_n-500_effect-2_sigma-def_corr-0"
"subject225",0,0.058,"diablo-null","sim-data_n-500_effect-2_sigma-def_corr-0"
"subject233",1,1.05,"diablo-null","sim-data_n-500_effect-2_sigma-def_corr-0"
"subject234",0,0.01,"diablo-null","sim-data_n-500_effect-2_sigma-def_corr-0"
"subject236",0,0.043,"diablo-null","sim-data_n-500_effect-2_sigma-def_corr-0"
"subject241",1,0.995,"diablo-null","sim-data_n-500_effect-2_sigma-def_corr-0"
"subject244",0,0.064,"diablo-null","sim-data_n-500_effect-2_sigma-def_corr-0"
"subject248",1,0.946,"diablo-null","sim-data_n-500_effect-2_sigma-def_corr-0"
"subject255",0,-0.03,"diablo-null","sim-data_n-500_effect-2_sigma-def_corr-0"
"subject256",0,0.039,"diablo-null","sim-data_n-500_effect-2_sigma-def_corr-0"
"subject257",0,-0.012,"diablo-null","sim-data_n-500_effect-2_sigma-def_corr-0"
"subject263",1,0.973,"diablo-null","sim-data_n-500_effect-2_sigma-def_corr-0"
"subject271",0,-0.035,"diablo-null","sim-data_n-500_effect-2_sigma-def_corr-0"
"subject275",1,0.938,"diablo-null","sim-data_n-500_effect-2_sigma-def_corr-0"
"subject278",0,-0.01,"diablo-null","sim-data_n-500_effect-2_sigma-def_corr-0"
"subject279",0,0.063,"diablo-null","sim-data_n-500_effect-2_sigma-def_corr-0"
"subject282",1,1.026,"diablo-null","sim-data_n-500_effect-2_sigma-def_corr-0"
"subject283",0,-0.015,"diablo-null","sim-data_n-500_effect-2_sigma-def_corr-0"
"subject287",1,1,"diablo-null","sim-data_n-500_effect-2_sigma-def_corr-0"
"subject288",0,0.117,"diablo-null","sim-data_n-500_effect-2_sigma-def_corr-0"
"subject291",1,1.026,"diablo-null","sim-data_n-500_effect-2_sigma-def_corr-0"
"subject292",1,0.991,"diablo-null","sim-data_n-500_effect-2_sigma-def_corr-0"
"subject293",0,0.067,"diablo-null","sim-data_n-500_effect-2_sigma-def_corr-0"
"subject294",0,0.065,"diablo-null","sim-data_n-500_effect-2_sigma-def_corr-0"
"subject298",0,-0.002,"diablo-null","sim-data_n-500_effect-2_sigma-def_corr-0"
"subject306",0,0.044,"diablo-null","sim-data_n-500_effect-2_sigma-def_corr-0"
"subject309",0,0.016,"diablo-null","sim-data_n-500_effect-2_sigma-def_corr-0"
"subject310",1,0.941,"diablo-null","sim-data_n-500_effect-2_sigma-def_corr-0"
"subject311",0,0.025,"diablo-null","sim-data_n-500_effect-2_sigma-def_corr-0"
"subject312",1,0.972,"diablo-null","sim-data_n-500_effect-2_sigma-def_corr-0"
"subject313",0,0.037,"diablo-null","sim-data_n-500_effect-2_sigma-def_corr-0"
"subject314",0,0.049,"diablo-null","sim-data_n-500_effect-2_sigma-def_corr-0"
"subject320",0,-0.013,"diablo-null","sim-data_n-500_effect-2_sigma-def_corr-0"
"subject322",1,0.891,"diablo-null","sim-data_n-500_effect-2_sigma-def_corr-0"
"subject323",0,0.016,"diablo-null","sim-data_n-500_effect-2_sigma-def_corr-0"
"subject328",1,0.923,"diablo-null","sim-data_n-500_effect-2_sigma-def_corr-0"
"subject329",1,0.996,"diablo-null","sim-data_n-500_effect-2_sigma-def_corr-0"
"subject335",0,0.025,"diablo-null","sim-data_n-500_effect-2_sigma-def_corr-0"
"subject336",1,0.956,"diablo-null","sim-data_n-500_effect-2_sigma-def_corr-0"
"subject343",0,0.04,"diablo-null","sim-data_n-500_effect-2_sigma-def_corr-0"
"subject345",1,0.921,"diablo-null","sim-data_n-500_effect-2_sigma-def_corr-0"
"subject350",0,0.01,"diablo-null","sim-data_n-500_effect-2_sigma-def_corr-0"
"subject352",0,-0.046,"diablo-null","sim-data_n-500_effect-2_sigma-def_corr-0"
"subject366",0,-0.077,"diablo-null","sim-data_n-500_effect-2_sigma-def_corr-0"
"subject367",0,0.026,"diablo-null","sim-data_n-500_effect-2_sigma-def_corr-0"
"subject372",1,0.968,"diablo-null","sim-data_n-500_effect-2_sigma-def_corr-0"
"subject373",1,1.022,"diablo-null","sim-data_n-500_effect-2_sigma-def_corr-0"
"subject375",0,0.032,"diablo-null","sim-data_n-500_effect-2_sigma-def_corr-0"
"subject379",0,0.083,"diablo-null","sim-data_n-500_effect-2_sigma-def_corr-0"
"subject382",0,0.052,"diablo-null","sim-data_n-500_effect-2_sigma-def_corr-0"
"subject387",1,0.931,"diablo-null","sim-data_n-500_effect-2_sigma-def_corr-0"
"subject388",0,-0.014,"diablo-null","sim-data_n-500_effect-2_sigma-def_corr-0"
"subject389",0,0.009,"diablo-null","sim-data_n-500_effect-2_sigma-def_corr-0"
"subject394",1,0.98,"diablo-null","sim-data_n-500_effect-2_sigma-def_corr-0"
"subject397",0,-0.018,"diablo-null","sim-data_n-500_effect-2_sigma-def_corr-0"
"subject400",0,0.041,"diablo-null","sim-data_n-500_effect-2_sigma-def_corr-0"
"subject404",1,0.916,"diablo-null","sim-data_n-500_effect-2_sigma-def_corr-0"
"subject408",0,0.007,"diablo-null","sim-data_n-500_effect-2_sigma-def_corr-0"
"subject410",0,0.004,"diablo-null","sim-data_n-500_effect-2_sigma-def_corr-0"
"subject415",1,0.97,"diablo-null","sim-data_n-500_effect-2_sigma-def_corr-0"
"subject417",0,-0.038,"diablo-null","sim-data_n-500_effect-2_sigma-def_corr-0"
"subject418",1,0.984,"diablo-null","sim-data_n-500_effect-2_sigma-def_corr-0"
"subject421",1,1.101,"diablo-null","sim-data_n-500_effect-2_sigma-def_corr-0"
"subject425",0,0.067,"diablo-null","sim-data_n-500_effect-2_sigma-def_corr-0"
"subject427",0,0.05,"diablo-null","sim-data_n-500_effect-2_sigma-def_corr-0"
"subject430",1,1.023,"diablo-null","sim-data_n-500_effect-2_sigma-def_corr-0"
"subject432",0,0.037,"diablo-null","sim-data_n-500_effect-2_sigma-def_corr-0"
"subject434",1,0.957,"diablo-null","sim-data_n-500_effect-2_sigma-def_corr-0"
"subject436",1,0.978,"diablo-null","sim-data_n-500_effect-2_sigma-def_corr-0"
"subject440",1,1.01,"diablo-null","sim-data_n-500_effect-2_sigma-def_corr-0"
"subject444",1,0.955,"diablo-null","sim-data_n-500_effect-2_sigma-def_corr-0"
"subject448",1,0.937,"diablo-null","sim-data_n-500_effect-2_sigma-def_corr-0"
"subject458",0,-0.041,"diablo-null","sim-data_n-500_effect-2_sigma-def_corr-0"
"subject462",1,1.024,"diablo-null","sim-data_n-500_effect-2_sigma-def_corr-0"
"subject466",0,0.04,"diablo-null","sim-data_n-500_effect-2_sigma-def_corr-0"
"subject472",1,0.946,"diablo-null","sim-data_n-500_effect-2_sigma-def_corr-0"
"subject476",0,0.006,"diablo-null","sim-data_n-500_effect-2_sigma-def_corr-0"
"subject483",0,0.016,"diablo-null","sim-data_n-500_effect-2_sigma-def_corr-0"
"subject485",0,0.01,"diablo-null","sim-data_n-500_effect-2_sigma-def_corr-0"
"subject488",1,1.01,"diablo-null","sim-data_n-500_effect-2_sigma-def_corr-0"
"subject489",1,0.956,"diablo-null","sim-data_n-500_effect-2_sigma-def_corr-0"
"subject492",0,0.05,"diablo-null","sim-data_n-500_effect-2_sigma-def_corr-0"
"subject496",0,0.031,"diablo-null","sim-data_n-500_effect-2_sigma-def_corr-0"
"subject500",0,0.018,"diablo-null","sim-data_n-500_effect-2_sigma-def_corr-0"
"subject3",0,-0.004,"diablo-null","sim-data_n-100_effect-2_sigma-def_corr-0.5"
"subject6",0,-0.065,"diablo-null","sim-data_n-100_effect-2_sigma-def_corr-0.5"
"subject8",1,0.942,"diablo-null","sim-data_n-100_effect-2_sigma-def_corr-0.5"
"subject13",1,0.94,"diablo-null","sim-data_n-100_effect-2_sigma-def_corr-0.5"
"subject15",0,0.077,"diablo-null","sim-data_n-100_effect-2_sigma-def_corr-0.5"
"subject16",0,0.022,"diablo-null","sim-data_n-100_effect-2_sigma-def_corr-0.5"
"subject20",1,0.919,"diablo-null","sim-data_n-100_effect-2_sigma-def_corr-0.5"
"subject21",1,0.92,"diablo-null","sim-data_n-100_effect-2_sigma-def_corr-0.5"
"subject25",1,0.994,"diablo-null","sim-data_n-100_effect-2_sigma-def_corr-0.5"
"subject32",0,0.029,"diablo-null","sim-data_n-100_effect-2_sigma-def_corr-0.5"
"subject34",1,0.942,"diablo-null","sim-data_n-100_effect-2_sigma-def_corr-0.5"
"subject37",0,0.054,"diablo-null","sim-data_n-100_effect-2_sigma-def_corr-0.5"
"subject40",1,0.978,"diablo-null","sim-data_n-100_effect-2_sigma-def_corr-0.5"
"subject45",1,0.987,"diablo-null","sim-data_n-100_effect-2_sigma-def_corr-0.5"
"subject54",1,0.976,"diablo-null","sim-data_n-100_effect-2_sigma-def_corr-0.5"
"subject57",1,0.971,"diablo-null","sim-data_n-100_effect-2_sigma-def_corr-0.5"
"subject58",1,0.894,"diablo-null","sim-data_n-100_effect-2_sigma-def_corr-0.5"
"subject64",0,-0.079,"diablo-null","sim-data_n-100_effect-2_sigma-def_corr-0.5"
"subject65",1,1.041,"diablo-null","sim-data_n-100_effect-2_sigma-def_corr-0.5"
"subject67",0,0.002,"diablo-null","sim-data_n-100_effect-2_sigma-def_corr-0.5"
"subject69",0,-0.063,"diablo-null","sim-data_n-100_effect-2_sigma-def_corr-0.5"
"subject71",1,1.003,"diablo-null","sim-data_n-100_effect-2_sigma-def_corr-0.5"
"subject73",1,0.912,"diablo-null","sim-data_n-100_effect-2_sigma-def_corr-0.5"
"subject77",1,0.924,"diablo-null","sim-data_n-100_effect-2_sigma-def_corr-0.5"
"subject82",1,1.017,"diablo-null","sim-data_n-100_effect-2_sigma-def_corr-0.5"
"subject91",0,0.006,"diablo-null","sim-data_n-100_effect-2_sigma-def_corr-0.5"
"subject92",1,0.937,"diablo-null","sim-data_n-100_effect-2_sigma-def_corr-0.5"
"subject96",1,0.899,"diablo-null","sim-data_n-100_effect-2_sigma-def_corr-0.5"
"subject99",0,0.057,"diablo-null","sim-data_n-100_effect-2_sigma-def_corr-0.5"
"subject100",1,0.936,"diablo-null","sim-data_n-100_effect-2_sigma-def_corr-0.5"
"subject1",0,-0.016,"diablo-null","sim-data_n-500_effect-2_sigma-def_corr-0.5"
"subject2",0,0.027,"diablo-null","sim-data_n-500_effect-2_sigma-def_corr-0.5"
"subject4",1,0.945,"diablo-null","sim-data_n-500_effect-2_sigma-def_corr-0.5"
"subject6",1,0.979,"diablo-null","sim-data_n-500_effect-2_sigma-def_corr-0.5"
"subject7",1,0.943,"diablo-null","sim-data_n-500_effect-2_sigma-def_corr-0.5"
"subject8",1,1.044,"diablo-null","sim-data_n-500_effect-2_sigma-def_corr-0.5"
"subject17",1,0.975,"diablo-null","sim-data_n-500_effect-2_sigma-def_corr-0.5"
"subject22",1,0.946,"diablo-null","sim-data_n-500_effect-2_sigma-def_corr-0.5"
"subject23",1,0.977,"diablo-null","sim-data_n-500_effect-2_sigma-def_corr-0.5"
"subject28",0,0.02,"diablo-null","sim-data_n-500_effect-2_sigma-def_corr-0.5"
"subject32",0,0.056,"diablo-null","sim-data_n-500_effect-2_sigma-def_corr-0.5"
"subject33",0,0.053,"diablo-null","sim-data_n-500_effect-2_sigma-def_corr-0.5"
"subject34",1,0.894,"diablo-null","sim-data_n-500_effect-2_sigma-def_corr-0.5"
"subject36",0,-0.027,"diablo-null","sim-data_n-500_effect-2_sigma-def_corr-0.5"
"subject39",1,0.884,"diablo-null","sim-data_n-500_effect-2_sigma-def_corr-0.5"
"subject41",1,0.945,"diablo-null","sim-data_n-500_effect-2_sigma-def_corr-0.5"
"subject43",0,0.068,"diablo-null","sim-data_n-500_effect-2_sigma-def_corr-0.5"
"subject45",1,0.949,"diablo-null","sim-data_n-500_effect-2_sigma-def_corr-0.5"
"subject54",1,0.979,"diablo-null","sim-data_n-500_effect-2_sigma-def_corr-0.5"
"subject56",1,0.977,"diablo-null","sim-data_n-500_effect-2_sigma-def_corr-0.5"
"subject68",1,1.071,"diablo-null","sim-data_n-500_effect-2_sigma-def_corr-0.5"
"subject69",0,-0.06,"diablo-null","sim-data_n-500_effect-2_sigma-def_corr-0.5"
"subject76",1,0.944,"diablo-null","sim-data_n-500_effect-2_sigma-def_corr-0.5"
"subject78",0,0.04,"diablo-null","sim-data_n-500_effect-2_sigma-def_corr-0.5"
"subject83",0,0.012,"diablo-null","sim-data_n-500_effect-2_sigma-def_corr-0.5"
"subject85",1,0.974,"diablo-null","sim-data_n-500_effect-2_sigma-def_corr-0.5"
"subject88",0,0.015,"diablo-null","sim-data_n-500_effect-2_sigma-def_corr-0.5"
"subject90",1,1.059,"diablo-null","sim-data_n-500_effect-2_sigma-def_corr-0.5"
"subject91",1,0.952,"diablo-null","sim-data_n-500_effect-2_sigma-def_corr-0.5"
"subject96",0,-0.026,"diablo-null","sim-data_n-500_effect-2_sigma-def_corr-0.5"
"subject97",0,0.052,"diablo-null","sim-data_n-500_effect-2_sigma-def_corr-0.5"
"subject101",0,-0.003,"diablo-null","sim-data_n-500_effect-2_sigma-def_corr-0.5"
"subject103",1,1.06,"diablo-null","sim-data_n-500_effect-2_sigma-def_corr-0.5"
"subject109",0,0.038,"diablo-null","sim-data_n-500_effect-2_sigma-def_corr-0.5"
"subject110",1,0.931,"diablo-null","sim-data_n-500_effect-2_sigma-def_corr-0.5"
"subject111",0,0.052,"diablo-null","sim-data_n-500_effect-2_sigma-def_corr-0.5"
"subject113",0,0.047,"diablo-null","sim-data_n-500_effect-2_sigma-def_corr-0.5"
"subject114",1,0.922,"diablo-null","sim-data_n-500_effect-2_sigma-def_corr-0.5"
"subject118",1,0.899,"diablo-null","sim-data_n-500_effect-2_sigma-def_corr-0.5"
"subject120",0,-0.025,"diablo-null","sim-data_n-500_effect-2_sigma-def_corr-0.5"
"subject122",1,0.998,"diablo-null","sim-data_n-500_effect-2_sigma-def_corr-0.5"
"subject128",0,-0.058,"diablo-null","sim-data_n-500_effect-2_sigma-def_corr-0.5"
"subject131",1,0.96,"diablo-null","sim-data_n-500_effect-2_sigma-def_corr-0.5"
"subject141",0,-0.007,"diablo-null","sim-data_n-500_effect-2_sigma-def_corr-0.5"
"subject142",0,0.012,"diablo-null","sim-data_n-500_effect-2_sigma-def_corr-0.5"
"subject143",1,0.897,"diablo-null","sim-data_n-500_effect-2_sigma-def_corr-0.5"
"subject146",0,0.068,"diablo-null","sim-data_n-500_effect-2_sigma-def_corr-0.5"
"subject148",1,1.039,"diablo-null","sim-data_n-500_effect-2_sigma-def_corr-0.5"
"subject149",0,-0.007,"diablo-null","sim-data_n-500_effect-2_sigma-def_corr-0.5"
"subject151",1,0.988,"diablo-null","sim-data_n-500_effect-2_sigma-def_corr-0.5"
"subject153",0,0.051,"diablo-null","sim-data_n-500_effect-2_sigma-def_corr-0.5"
"subject160",1,0.957,"diablo-null","sim-data_n-500_effect-2_sigma-def_corr-0.5"
"subject163",1,0.951,"diablo-null","sim-data_n-500_effect-2_sigma-def_corr-0.5"
"subject167",1,0.939,"diablo-null","sim-data_n-500_effect-2_sigma-def_corr-0.5"
"subject169",0,0.028,"diablo-null","sim-data_n-500_effect-2_sigma-def_corr-0.5"
"subject174",1,0.891,"diablo-null","sim-data_n-500_effect-2_sigma-def_corr-0.5"
"subject177",1,0.964,"diablo-null","sim-data_n-500_effect-2_sigma-def_corr-0.5"
"subject184",1,0.97,"diablo-null","sim-data_n-500_effect-2_sigma-def_corr-0.5"
"subject187",0,0.026,"diablo-null","sim-data_n-500_effect-2_sigma-def_corr-0.5"
"subject189",1,0.904,"diablo-null","sim-data_n-500_effect-2_sigma-def_corr-0.5"
"subject194",1,0.956,"diablo-null","sim-data_n-500_effect-2_sigma-def_corr-0.5"
"subject195",0,0.005,"diablo-null","sim-data_n-500_effect-2_sigma-def_corr-0.5"
"subject199",0,0.052,"diablo-null","sim-data_n-500_effect-2_sigma-def_corr-0.5"
"subject202",0,-0.016,"diablo-null","sim-data_n-500_effect-2_sigma-def_corr-0.5"
"subject205",0,0.056,"diablo-null","sim-data_n-500_effect-2_sigma-def_corr-0.5"
"subject214",0,0.034,"diablo-null","sim-data_n-500_effect-2_sigma-def_corr-0.5"
"subject219",1,0.957,"diablo-null","sim-data_n-500_effect-2_sigma-def_corr-0.5"
"subject223",1,0.997,"diablo-null","sim-data_n-500_effect-2_sigma-def_corr-0.5"
"subject231",0,-0.009,"diablo-null","sim-data_n-500_effect-2_sigma-def_corr-0.5"
"subject232",1,0.952,"diablo-null","sim-data_n-500_effect-2_sigma-def_corr-0.5"
"subject236",1,0.979,"diablo-null","sim-data_n-500_effect-2_sigma-def_corr-0.5"
"subject246",0,0.012,"diablo-null","sim-data_n-500_effect-2_sigma-def_corr-0.5"
"subject247",1,0.912,"diablo-null","sim-data_n-500_effect-2_sigma-def_corr-0.5"
"subject251",0,0.091,"diablo-null","sim-data_n-500_effect-2_sigma-def_corr-0.5"
"subject254",0,0.015,"diablo-null","sim-data_n-500_effect-2_sigma-def_corr-0.5"
"subject255",1,0.948,"diablo-null","sim-data_n-500_effect-2_sigma-def_corr-0.5"
"subject256",0,0.012,"diablo-null","sim-data_n-500_effect-2_sigma-def_corr-0.5"
"subject260",1,0.938,"diablo-null","sim-data_n-500_effect-2_sigma-def_corr-0.5"
"subject266",1,0.996,"diablo-null","sim-data_n-500_effect-2_sigma-def_corr-0.5"
"subject270",0,0.015,"diablo-null","sim-data_n-500_effect-2_sigma-def_corr-0.5"
"subject276",0,0.057,"diablo-null","sim-data_n-500_effect-2_sigma-def_corr-0.5"
"subject277",1,0.987,"diablo-null","sim-data_n-500_effect-2_sigma-def_corr-0.5"
"subject280",1,1.054,"diablo-null","sim-data_n-500_effect-2_sigma-def_corr-0.5"
"subject281",1,0.953,"diablo-null","sim-data_n-500_effect-2_sigma-def_corr-0.5"
"subject286",0,-0.014,"diablo-null","sim-data_n-500_effect-2_sigma-def_corr-0.5"
"subject288",0,0.016,"diablo-null","sim-data_n-500_effect-2_sigma-def_corr-0.5"
"subject289",0,0.008,"diablo-null","sim-data_n-500_effect-2_sigma-def_corr-0.5"
"subject290",1,0.966,"diablo-null","sim-data_n-500_effect-2_sigma-def_corr-0.5"
"subject292",1,0.931,"diablo-null","sim-data_n-500_effect-2_sigma-def_corr-0.5"
"subject294",1,0.911,"diablo-null","sim-data_n-500_effect-2_sigma-def_corr-0.5"
"subject295",0,0.043,"diablo-null","sim-data_n-500_effect-2_sigma-def_corr-0.5"
"subject301",1,0.949,"diablo-null","sim-data_n-500_effect-2_sigma-def_corr-0.5"
"subject304",0,0.021,"diablo-null","sim-data_n-500_effect-2_sigma-def_corr-0.5"
"subject306",1,0.904,"diablo-null","sim-data_n-500_effect-2_sigma-def_corr-0.5"
"subject307",0,0.039,"diablo-null","sim-data_n-500_effect-2_sigma-def_corr-0.5"
"subject308",0,-0.004,"diablo-null","sim-data_n-500_effect-2_sigma-def_corr-0.5"
"subject309",0,0.025,"diablo-null","sim-data_n-500_effect-2_sigma-def_corr-0.5"
"subject310",1,0.95,"diablo-null","sim-data_n-500_effect-2_sigma-def_corr-0.5"
"subject313",1,0.952,"diablo-null","sim-data_n-500_effect-2_sigma-def_corr-0.5"
"subject314",0,-0.001,"diablo-null","sim-data_n-500_effect-2_sigma-def_corr-0.5"
"subject315",1,0.919,"diablo-null","sim-data_n-500_effect-2_sigma-def_corr-0.5"
"subject316",1,0.981,"diablo-null","sim-data_n-500_effect-2_sigma-def_corr-0.5"
"subject318",1,1.006,"diablo-null","sim-data_n-500_effect-2_sigma-def_corr-0.5"
"subject337",1,0.99,"diablo-null","sim-data_n-500_effect-2_sigma-def_corr-0.5"
"subject338",0,0.043,"diablo-null","sim-data_n-500_effect-2_sigma-def_corr-0.5"
"subject344",1,0.967,"diablo-null","sim-data_n-500_effect-2_sigma-def_corr-0.5"
"subject347",1,1.058,"diablo-null","sim-data_n-500_effect-2_sigma-def_corr-0.5"
"subject350",0,0.04,"diablo-null","sim-data_n-500_effect-2_sigma-def_corr-0.5"
"subject351",1,0.902,"diablo-null","sim-data_n-500_effect-2_sigma-def_corr-0.5"
"subject359",1,1.077,"diablo-null","sim-data_n-500_effect-2_sigma-def_corr-0.5"
"subject360",1,0.941,"diablo-null","sim-data_n-500_effect-2_sigma-def_corr-0.5"
"subject363",1,0.905,"diablo-null","sim-data_n-500_effect-2_sigma-def_corr-0.5"
"subject364",0,0.041,"diablo-null","sim-data_n-500_effect-2_sigma-def_corr-0.5"
"subject366",0,0.01,"diablo-null","sim-data_n-500_effect-2_sigma-def_corr-0.5"
"subject370",0,-0.033,"diablo-null","sim-data_n-500_effect-2_sigma-def_corr-0.5"
"subject377",0,0.019,"diablo-null","sim-data_n-500_effect-2_sigma-def_corr-0.5"
"subject384",0,0.026,"diablo-null","sim-data_n-500_effect-2_sigma-def_corr-0.5"
"subject385",1,0.971,"diablo-null","sim-data_n-500_effect-2_sigma-def_corr-0.5"
"subject386",1,0.917,"diablo-null","sim-data_n-500_effect-2_sigma-def_corr-0.5"
"subject393",1,1.025,"diablo-null","sim-data_n-500_effect-2_sigma-def_corr-0.5"
"subject396",0,0.02,"diablo-null","sim-data_n-500_effect-2_sigma-def_corr-0.5"
"subject399",1,0.964,"diablo-null","sim-data_n-500_effect-2_sigma-def_corr-0.5"
"subject400",1,1,"diablo-null","sim-data_n-500_effect-2_sigma-def_corr-0.5"
"subject412",0,0.03,"diablo-null","sim-data_n-500_effect-2_sigma-def_corr-0.5"
"subject413",0,0.079,"diablo-null","sim-data_n-500_effect-2_sigma-def_corr-0.5"
"subject417",1,0.974,"diablo-null","sim-data_n-500_effect-2_sigma-def_corr-0.5"
"subject419",1,0.976,"diablo-null","sim-data_n-500_effect-2_sigma-def_corr-0.5"
"subject420",1,1.053,"diablo-null","sim-data_n-500_effect-2_sigma-def_corr-0.5"
"subject422",1,1.01,"diablo-null","sim-data_n-500_effect-2_sigma-def_corr-0.5"
"subject424",1,0.986,"diablo-null","sim-data_n-500_effect-2_sigma-def_corr-0.5"
"subject426",1,0.914,"diablo-null","sim-data_n-500_effect-2_sigma-def_corr-0.5"
"subject429",1,0.974,"diablo-null","sim-data_n-500_effect-2_sigma-def_corr-0.5"
"subject433",1,0.906,"diablo-null","sim-data_n-500_effect-2_sigma-def_corr-0.5"
"subject434",0,-0.027,"diablo-null","sim-data_n-500_effect-2_sigma-def_corr-0.5"
"subject436",1,1.021,"diablo-null","sim-data_n-500_effect-2_sigma-def_corr-0.5"
"subject439",0,-0.005,"diablo-null","sim-data_n-500_effect-2_sigma-def_corr-0.5"
"subject442",0,-0.035,"diablo-null","sim-data_n-500_effect-2_sigma-def_corr-0.5"
"subject449",0,-0.034,"diablo-null","sim-data_n-500_effect-2_sigma-def_corr-0.5"
"subject458",0,0.062,"diablo-null","sim-data_n-500_effect-2_sigma-def_corr-0.5"
"subject460",0,0.042,"diablo-null","sim-data_n-500_effect-2_sigma-def_corr-0.5"
"subject466",0,0.041,"diablo-null","sim-data_n-500_effect-2_sigma-def_corr-0.5"
"subject477",0,-0.026,"diablo-null","sim-data_n-500_effect-2_sigma-def_corr-0.5"
"subject481",1,0.957,"diablo-null","sim-data_n-500_effect-2_sigma-def_corr-0.5"
"subject488",0,0,"diablo-null","sim-data_n-500_effect-2_sigma-def_corr-0.5"
"subject490",0,0.001,"diablo-null","sim-data_n-500_effect-2_sigma-def_corr-0.5"
"subject493",1,0.979,"diablo-null","sim-data_n-500_effect-2_sigma-def_corr-0.5"
"subject494",1,0.998,"diablo-null","sim-data_n-500_effect-2_sigma-def_corr-0.5"
"subject495",1,0.945,"diablo-null","sim-data_n-500_effect-2_sigma-def_corr-0.5"
"subject498",1,0.997,"diablo-null","sim-data_n-500_effect-2_sigma-def_corr-0.5"
"subject500",1,1.021,"diablo-null","sim-data_n-500_effect-2_sigma-def_corr-0.5"
"pat-1",0,0.255,"diablo-null","sim-data_n-50_p-200_j-3_beta-30_s-39"
"pat-2",1,0.671,"diablo-null","sim-data_n-50_p-200_j-3_beta-30_s-39"
"pat-4",1,0.496,"diablo-null","sim-data_n-50_p-200_j-3_beta-30_s-39"
"pat-8",1,0.148,"diablo-null","sim-data_n-50_p-200_j-3_beta-30_s-39"
"pat-9",0,0.385,"diablo-null","sim-data_n-50_p-200_j-3_beta-30_s-39"
"pat-10",1,0.401,"diablo-null","sim-data_n-50_p-200_j-3_beta-30_s-39"
"pat-12",0,0.523,"diablo-null","sim-data_n-50_p-200_j-3_beta-30_s-39"
"pat-13",1,0.485,"diablo-null","sim-data_n-50_p-200_j-3_beta-30_s-39"
"pat-15",0,0.523,"diablo-null","sim-data_n-50_p-200_j-3_beta-30_s-39"
"pat-21",0,0.081,"diablo-null","sim-data_n-50_p-200_j-3_beta-30_s-39"
"pat-22",1,0.345,"diablo-null","sim-data_n-50_p-200_j-3_beta-30_s-39"
"pat-23",1,0.41,"diablo-null","sim-data_n-50_p-200_j-3_beta-30_s-39"
"pat-25",1,0.316,"diablo-null","sim-data_n-50_p-200_j-3_beta-30_s-39"
"pat-29",1,0.34,"diablo-null","sim-data_n-50_p-200_j-3_beta-30_s-39"
"pat-30",1,0.512,"diablo-null","sim-data_n-50_p-200_j-3_beta-30_s-39"
"pat-32",0,0.282,"diablo-null","sim-data_n-50_p-200_j-3_beta-30_s-39"
"pat-35",1,0.512,"diablo-null","sim-data_n-50_p-200_j-3_beta-30_s-39"
"pat-36",1,0.76,"diablo-null","sim-data_n-50_p-200_j-3_beta-30_s-39"
"pat-38",0,0.479,"diablo-null","sim-data_n-50_p-200_j-3_beta-30_s-39"
"pat-39",1,0.446,"diablo-null","sim-data_n-50_p-200_j-3_beta-30_s-39"
"pat-41",1,0.718,"diablo-null","sim-data_n-50_p-200_j-3_beta-30_s-39"
"pat-42",0,0.372,"diablo-null","sim-data_n-50_p-200_j-3_beta-30_s-39"
"pat-45",1,0.504,"diablo-null","sim-data_n-50_p-200_j-3_beta-30_s-39"
"pat-47",1,0.251,"diablo-null","sim-data_n-50_p-200_j-3_beta-30_s-39"
"pat-49",0,0.505,"diablo-null","sim-data_n-50_p-200_j-3_beta-30_s-39"
"subject6",0,0.036,"diablo-null","sim-data_n-100_effect-2_sigma-indep_corr-0.5"
"subject10",1,0.972,"diablo-null","sim-data_n-100_effect-2_sigma-indep_corr-0.5"
"subject11",1,0.94,"diablo-null","sim-data_n-100_effect-2_sigma-indep_corr-0.5"
"subject15",1,0.947,"diablo-null","sim-data_n-100_effect-2_sigma-indep_corr-0.5"
"subject17",0,0.004,"diablo-null","sim-data_n-100_effect-2_sigma-indep_corr-0.5"
"subject19",1,0.98,"diablo-null","sim-data_n-100_effect-2_sigma-indep_corr-0.5"
"subject22",1,1.001,"diablo-null","sim-data_n-100_effect-2_sigma-indep_corr-0.5"
"subject23",1,0.951,"diablo-null","sim-data_n-100_effect-2_sigma-indep_corr-0.5"
"subject26",1,0.947,"diablo-null","sim-data_n-100_effect-2_sigma-indep_corr-0.5"
"subject34",1,0.978,"diablo-null","sim-data_n-100_effect-2_sigma-indep_corr-0.5"
"subject36",0,0.032,"diablo-null","sim-data_n-100_effect-2_sigma-indep_corr-0.5"
"subject39",0,0.004,"diablo-null","sim-data_n-100_effect-2_sigma-indep_corr-0.5"
"subject44",1,0.973,"diablo-null","sim-data_n-100_effect-2_sigma-indep_corr-0.5"
"subject48",1,0.949,"diablo-null","sim-data_n-100_effect-2_sigma-indep_corr-0.5"
"subject54",0,0.011,"diablo-null","sim-data_n-100_effect-2_sigma-indep_corr-0.5"
"subject60",1,0.978,"diablo-null","sim-data_n-100_effect-2_sigma-indep_corr-0.5"
"subject61",0,-0.024,"diablo-null","sim-data_n-100_effect-2_sigma-indep_corr-0.5"
"subject64",1,0.934,"diablo-null","sim-data_n-100_effect-2_sigma-indep_corr-0.5"
"subject67",1,0.954,"diablo-null","sim-data_n-100_effect-2_sigma-indep_corr-0.5"
"subject68",0,0.008,"diablo-null","sim-data_n-100_effect-2_sigma-indep_corr-0.5"
"subject71",0,0.063,"diablo-null","sim-data_n-100_effect-2_sigma-indep_corr-0.5"
"subject73",1,0.979,"diablo-null","sim-data_n-100_effect-2_sigma-indep_corr-0.5"
"subject76",1,0.964,"diablo-null","sim-data_n-100_effect-2_sigma-indep_corr-0.5"
"subject80",0,0.026,"diablo-null","sim-data_n-100_effect-2_sigma-indep_corr-0.5"
"subject82",1,0.91,"diablo-null","sim-data_n-100_effect-2_sigma-indep_corr-0.5"
"subject92",0,0.052,"diablo-null","sim-data_n-100_effect-2_sigma-indep_corr-0.5"
"subject93",1,0.934,"diablo-null","sim-data_n-100_effect-2_sigma-indep_corr-0.5"
"subject94",1,0.947,"diablo-null","sim-data_n-100_effect-2_sigma-indep_corr-0.5"
"subject98",0,0.053,"diablo-null","sim-data_n-100_effect-2_sigma-indep_corr-0.5"
"subject99",0,-0.008,"diablo-null","sim-data_n-100_effect-2_sigma-indep_corr-0.5"
"patient-1",0,0.485,"diablo-null","rosmap"
"patient-2",1,0.933,"diablo-null","rosmap"
"patient-3",1,0.606,"diablo-null","rosmap"
"patient-7",1,0.91,"diablo-null","rosmap"
"patient-8",0,0.334,"diablo-null","rosmap"
"patient-9",0,0.273,"diablo-null","rosmap"
"patient-10",1,0.543,"diablo-null","rosmap"
"patient-12",0,0.307,"diablo-null","rosmap"
"patient-13",1,0.577,"diablo-null","rosmap"
"patient-14",1,0.653,"diablo-null","rosmap"
"patient-16",1,0.443,"diablo-null","rosmap"
"patient-19",1,0.776,"diablo-null","rosmap"
"patient-21",0,0.476,"diablo-null","rosmap"
"patient-23",1,0.689,"diablo-null","rosmap"
"patient-25",1,0.51,"diablo-null","rosmap"
"patient-26",1,0.585,"diablo-null","rosmap"
"patient-27",1,0.992,"diablo-null","rosmap"
"patient-31",0,0.559,"diablo-null","rosmap"
"patient-32",1,0.669,"diablo-null","rosmap"
"patient-33",0,0.292,"diablo-null","rosmap"
"patient-35",1,0.252,"diablo-null","rosmap"
"patient-39",1,0.269,"diablo-null","rosmap"
"patient-40",0,0.446,"diablo-null","rosmap"
"patient-42",1,0.687,"diablo-null","rosmap"
"patient-43",1,0.631,"diablo-null","rosmap"
"patient-45",0,0.248,"diablo-null","rosmap"
"patient-49",0,0.271,"diablo-null","rosmap"
"patient-50",0,0.316,"diablo-null","rosmap"
"patient-52",1,0.298,"diablo-null","rosmap"
"patient-54",0,0.612,"diablo-null","rosmap"
"patient-56",0,0.233,"diablo-null","rosmap"
"patient-57",0,0.289,"diablo-null","rosmap"
"patient-59",1,0.836,"diablo-null","rosmap"
"patient-60",1,0.895,"diablo-null","rosmap"
"patient-65",0,0.449,"diablo-null","rosmap"
"patient-66",0,0.385,"diablo-null","rosmap"
"patient-68",0,0.459,"diablo-null","rosmap"
"patient-70",1,0.465,"diablo-null","rosmap"
"patient-72",1,0.605,"diablo-null","rosmap"
"patient-77",0,0.402,"diablo-null","rosmap"
"patient-79",0,0.395,"diablo-null","rosmap"
"patient-84",1,0.312,"diablo-null","rosmap"
"patient-85",0,0.548,"diablo-null","rosmap"
"patient-86",1,0.401,"diablo-null","rosmap"
"patient-87",0,0.595,"diablo-null","rosmap"
"patient-89",0,0.637,"diablo-null","rosmap"
"patient-90",0,0.219,"diablo-null","rosmap"
"patient-91",0,0.433,"diablo-null","rosmap"
"patient-92",1,0.29,"diablo-null","rosmap"
"patient-95",0,0.305,"diablo-null","rosmap"
"patient-96",0,0.269,"diablo-null","rosmap"
"patient-97",1,0.545,"diablo-null","rosmap"
"patient-100",1,0.882,"diablo-null","rosmap"
"patient-104",1,0.578,"diablo-null","rosmap"
"patient-105",1,0.718,"diablo-null","rosmap"
"patient-107",0,0.289,"diablo-null","rosmap"
"patient-108",0,0.216,"diablo-null","rosmap"
"patient-111",0,0.481,"diablo-null","rosmap"
"patient-113",0,0.216,"diablo-null","rosmap"
"patient-114",0,0.563,"diablo-null","rosmap"
"patient-115",0,0.484,"diablo-null","rosmap"
"patient-116",1,0.674,"diablo-null","rosmap"
"patient-117",1,0.822,"diablo-null","rosmap"
"patient-118",1,0.268,"diablo-null","rosmap"
"patient-119",0,0.417,"diablo-null","rosmap"
"patient-121",0,0.271,"diablo-null","rosmap"
"patient-122",1,0.459,"diablo-null","rosmap"
"patient-123",1,0.715,"diablo-null","rosmap"
"patient-127",1,0.568,"diablo-null","rosmap"
"patient-130",0,0.466,"diablo-null","rosmap"
"patient-132",1,0.559,"diablo-null","rosmap"
"patient-133",1,0.914,"diablo-null","rosmap"
"patient-137",0,0.583,"diablo-null","rosmap"
"patient-138",0,0.279,"diablo-null","rosmap"
"patient-139",1,0.503,"diablo-null","rosmap"
"patient-142",0,0.071,"diablo-null","rosmap"
"patient-146",1,0.617,"diablo-null","rosmap"
"patient-147",0,0.309,"diablo-null","rosmap"
"patient-148",0,0.32,"diablo-null","rosmap"
"patient-149",1,0.451,"diablo-null","rosmap"
"patient-154",1,0.566,"diablo-null","rosmap"
"patient-156",1,0.514,"diablo-null","rosmap"
"patient-158",0,0.381,"diablo-null","rosmap"
"patient-161",0,0.775,"diablo-null","rosmap"
"patient-162",1,0.426,"diablo-null","rosmap"
"patient-168",1,0.795,"diablo-null","rosmap"
"patient-171",1,0.64,"diablo-null","rosmap"
"patient-172",1,0.534,"diablo-null","rosmap"
"patient-175",0,0.519,"diablo-null","rosmap"
"patient-176",0,0.602,"diablo-null","rosmap"
"patient-177",1,0.673,"diablo-null","rosmap"
"patient-178",1,0.54,"diablo-null","rosmap"
"patient-180",1,0.676,"diablo-null","rosmap"
"patient-181",0,0.266,"diablo-null","rosmap"
"patient-183",1,0.415,"diablo-null","rosmap"
"patient-185",1,0.761,"diablo-null","rosmap"
"patient-188",1,0.403,"diablo-null","rosmap"
"patient-190",0,0.545,"diablo-null","rosmap"
"patient-191",1,0.407,"diablo-null","rosmap"
"patient-193",0,0.264,"diablo-null","rosmap"
"patient-194",1,0.615,"diablo-null","rosmap"
"patient-195",1,0.615,"diablo-null","rosmap"
"patient-199",1,0.621,"diablo-null","rosmap"
"patient-201",1,0.971,"diablo-null","rosmap"
"patient-202",1,0.649,"diablo-null","rosmap"
"patient-203",0,0.204,"diablo-null","rosmap"
"patient-205",0,0.194,"diablo-null","rosmap"
"patient-210",1,0.657,"diablo-null","rosmap"
"patient-211",1,0.311,"diablo-null","rosmap"
"patient-212",1,0.555,"diablo-null","rosmap"
"patient-214",1,0.947,"diablo-null","rosmap"
"patient-216",1,0.554,"diablo-null","rosmap"
"patient-218",0,0.392,"diablo-null","rosmap"
"patient-219",0,0.07,"diablo-null","rosmap"
"patient-220",1,1.174,"diablo-null","rosmap"
"patient-221",1,1.023,"diablo-null","rosmap"
"patient-224",1,0.212,"diablo-null","rosmap"
"patient-225",0,0.265,"diablo-null","rosmap"
"patient-228",1,0.795,"diablo-null","rosmap"
"patient-229",0,0.603,"diablo-null","rosmap"
"patient-231",1,0.745,"diablo-null","rosmap"
"patient-232",1,0.892,"diablo-null","rosmap"
"patient-236",0,0.537,"diablo-null","rosmap"
"patient-238",1,0.195,"diablo-null","rosmap"
"patient-239",0,-0.05,"diablo-null","rosmap"
"patient-240",0,0.527,"diablo-null","rosmap"
"patient-241",0,0.382,"diablo-null","rosmap"
"patient-242",1,0.325,"diablo-null","rosmap"
"patient-243",0,0.409,"diablo-null","rosmap"
"patient-244",1,0.346,"diablo-null","rosmap"
"patient-245",1,0.532,"diablo-null","rosmap"
"patient-248",0,0.353,"diablo-null","rosmap"
"patient-249",0,0.368,"diablo-null","rosmap"
"patient-256",0,0.604,"diablo-null","rosmap"
"patient-257",1,0.693,"diablo-null","rosmap"
"patient-260",0,0.475,"diablo-null","rosmap"
"patient-264",1,1.034,"diablo-null","rosmap"
"patient-266",0,0.309,"diablo-null","rosmap"
"patient-267",1,0.783,"diablo-null","rosmap"
"patient-270",1,0.716,"diablo-null","rosmap"
"patient-273",0,0.434,"diablo-null","rosmap"
"patient-275",0,0.53,"diablo-null","rosmap"
"patient-276",1,0.816,"diablo-null","rosmap"
"patient-280",1,0.373,"diablo-null","rosmap"
"patient-281",1,0.687,"diablo-null","rosmap"
"patient-283",1,0.639,"diablo-null","rosmap"
"patient-288",0,0.291,"diablo-null","rosmap"
"patient-290",0,0.506,"diablo-null","rosmap"
"patient-291",0,0.446,"diablo-null","rosmap"
"patient-292",0,0.359,"diablo-null","rosmap"
"patient-293",0,0.433,"diablo-null","rosmap"
"patient-298",0,0.298,"diablo-null","rosmap"
"patient-300",0,0.312,"diablo-null","rosmap"
"patient-301",0,0.198,"diablo-null","rosmap"
"patient-305",1,0.419,"diablo-null","rosmap"
"patient-310",0,0.396,"diablo-null","rosmap"
"patient-312",0,-0.036,"diablo-null","rosmap"
"patient-313",1,0.548,"diablo-null","rosmap"
"patient-316",1,0.365,"diablo-null","rosmap"
"patient-317",1,0.835,"diablo-null","rosmap"
"patient-320",0,0.499,"diablo-null","rosmap"
"patient-321",1,0.658,"diablo-null","rosmap"
"patient-324",0,0.384,"diablo-null","rosmap"
"patient-325",1,0.704,"diablo-null","rosmap"
"patient-326",0,0.409,"diablo-null","rosmap"
"patient-333",1,0.409,"diablo-null","rosmap"
"patient-335",0,0.243,"diablo-null","rosmap"
"patient-338",0,0.578,"diablo-null","rosmap"
"patient-339",0,0.562,"diablo-null","rosmap"
"patient-341",1,0.516,"diablo-null","rosmap"
"patient-342",0,0.329,"diablo-null","rosmap"
"patient-344",1,0.581,"diablo-null","rosmap"
"patient-348",0,0.063,"diablo-null","rosmap"
"patient-349",0,0.109,"diablo-null","rosmap"
"patient-351",1,0.608,"diablo-null","rosmap"
"subject1",0,0.062,"diablo-null","sim-data_n-50_effect-2_sigma-indep_corr-0.5"
"subject3",1,0.891,"diablo-null","sim-data_n-50_effect-2_sigma-indep_corr-0.5"
"subject7",0,0.075,"diablo-null","sim-data_n-50_effect-2_sigma-indep_corr-0.5"
"subject9",0,0.08,"diablo-null","sim-data_n-50_effect-2_sigma-indep_corr-0.5"
"subject14",1,0.955,"diablo-null","sim-data_n-50_effect-2_sigma-indep_corr-0.5"
"subject15",1,0.952,"diablo-null","sim-data_n-50_effect-2_sigma-indep_corr-0.5"
"subject17",1,0.968,"diablo-null","sim-data_n-50_effect-2_sigma-indep_corr-0.5"
"subject24",1,0.955,"diablo-null","sim-data_n-50_effect-2_sigma-indep_corr-0.5"
"subject26",0,0.094,"diablo-null","sim-data_n-50_effect-2_sigma-indep_corr-0.5"
"subject34",0,0.062,"diablo-null","sim-data_n-50_effect-2_sigma-indep_corr-0.5"
"subject37",1,0.972,"diablo-null","sim-data_n-50_effect-2_sigma-indep_corr-0.5"
"subject40",1,0.957,"diablo-null","sim-data_n-50_effect-2_sigma-indep_corr-0.5"
"subject42",0,0.081,"diablo-null","sim-data_n-50_effect-2_sigma-indep_corr-0.5"
"subject45",0,0.049,"diablo-null","sim-data_n-50_effect-2_sigma-indep_corr-0.5"
"subject49",0,0.065,"diablo-null","sim-data_n-50_effect-2_sigma-indep_corr-0.5"
"TCGA.2F.A9KT",0,0.736,"diablo-null","tcga-blca"
"TCGA.4Z.AA84",1,0.904,"diablo-null","tcga-blca"
"TCGA.BT.A20N",1,1.008,"diablo-null","tcga-blca"
"TCGA.BT.A20T",1,0.852,"diablo-null","tcga-blca"
"TCGA.BT.A2LD",1,0.799,"diablo-null","tcga-blca"
"TCGA.BT.A42C",0,0.573,"diablo-null","tcga-blca"
"TCGA.C4.A0EZ",1,0.68,"diablo-null","tcga-blca"
"TCGA.C4.A0F7",1,0.798,"diablo-null","tcga-blca"
"TCGA.CF.A9FL",1,0.626,"diablo-null","tcga-blca"
"TCGA.CU.A0YN",1,0.605,"diablo-null","tcga-blca"
"TCGA.DK.A1A5",0,0.965,"diablo-null","tcga-blca"
"TCGA.DK.A1AB",1,0.934,"diablo-null","tcga-blca"
"TCGA.DK.A3IN",1,0.777,"diablo-null","tcga-blca"
"TCGA.DK.A3IT",1,0.802,"diablo-null","tcga-blca"
"TCGA.DK.A3IV",0,0.434,"diablo-null","tcga-blca"
"TCGA.DK.A6AW",0,0.421,"diablo-null","tcga-blca"
"TCGA.DK.A6B0",0,0.2,"diablo-null","tcga-blca"
"TCGA.DK.AA6L",1,0.751,"diablo-null","tcga-blca"
"TCGA.DK.AA6R",1,0.759,"diablo-null","tcga-blca"
"TCGA.DK.AA74",1,0.756,"diablo-null","tcga-blca"
"TCGA.DK.AA75",1,0.825,"diablo-null","tcga-blca"
"TCGA.DK.AA77",0,0.508,"diablo-null","tcga-blca"
"TCGA.E7.A541",0,0.764,"diablo-null","tcga-blca"
"TCGA.FD.A3NA",0,0.678,"diablo-null","tcga-blca"
"TCGA.FD.A3SL",1,0.971,"diablo-null","tcga-blca"
"TCGA.FD.A3SN",1,0.82,"diablo-null","tcga-blca"
"TCGA.FD.A3SS",1,0.929,"diablo-null","tcga-blca"
"TCGA.FD.A43X",0,0.328,"diablo-null","tcga-blca"
"TCGA.FD.A5BR",0,0.697,"diablo-null","tcga-blca"
"TCGA.FD.A5BS",1,0.676,"diablo-null","tcga-blca"
"TCGA.FD.A5C0",1,0.812,"diablo-null","tcga-blca"
"TCGA.FD.A6TB",1,0.799,"diablo-null","tcga-blca"
"TCGA.FD.A6TE",1,0.742,"diablo-null","tcga-blca"
"TCGA.FD.A6TH",1,1.063,"diablo-null","tcga-blca"
"TCGA.FJ.A3Z7",1,0.875,"diablo-null","tcga-blca"
"TCGA.G2.A2ES",0,0.599,"diablo-null","tcga-blca"
"TCGA.G2.A3VY",0,0.735,"diablo-null","tcga-blca"
"TCGA.GC.A3BM",0,0.439,"diablo-null","tcga-blca"
"TCGA.GC.A3WC",1,0.697,"diablo-null","tcga-blca"
"TCGA.GU.A763",1,0.333,"diablo-null","tcga-blca"
"TCGA.GV.A3JZ",1,0.92,"diablo-null","tcga-blca"
"TCGA.GV.A3QF",1,0.657,"diablo-null","tcga-blca"
"TCGA.GV.A3QG",1,0.984,"diablo-null","tcga-blca"
"TCGA.GV.A3QK",1,0.492,"diablo-null","tcga-blca"
"TCGA.GV.A40E",0,0.719,"diablo-null","tcga-blca"
"TCGA.GV.A40G",0,0.816,"diablo-null","tcga-blca"
"TCGA.K4.A3WU",1,0.833,"diablo-null","tcga-blca"
"TCGA.K4.A4AB",1,0.796,"diablo-null","tcga-blca"
"TCGA.K4.A4AC",0,0.656,"diablo-null","tcga-blca"
"TCGA.K4.A54R",0,0.778,"diablo-null","tcga-blca"
"TCGA.KQ.A41O",1,0.592,"diablo-null","tcga-blca"
"TCGA.KQ.A41P",1,0.807,"diablo-null","tcga-blca"
"TCGA.R3.A69X",1,0.779,"diablo-null","tcga-blca"
"TCGA.S5.A6DX",1,0.64,"diablo-null","tcga-blca"
"TCGA.XF.A8HF",1,0.852,"diablo-null","tcga-blca"
"TCGA.XF.A9SJ",1,0.972,"diablo-null","tcga-blca"
"TCGA.XF.A9SK",1,0.94,"diablo-null","tcga-blca"
"TCGA.XF.A9SM",1,0.769,"diablo-null","tcga-blca"
"TCGA.XF.A9SV",1,0.853,"diablo-null","tcga-blca"
"TCGA.XF.A9SW",1,0.966,"diablo-null","tcga-blca"
"TCGA.XF.A9SY",1,0.654,"diablo-null","tcga-blca"
"TCGA.XF.A9T2",1,0.726,"diablo-null","tcga-blca"
"TCGA.XF.A9T5",1,0.63,"diablo-null","tcga-blca"
"TCGA.XF.A9T6",1,0.664,"diablo-null","tcga-blca"
"TCGA.XF.A9T8",1,0.643,"diablo-null","tcga-blca"
"TCGA.XF.AAML",0,0.735,"diablo-null","tcga-blca"
"TCGA.XF.AAMQ",0,0.671,"diablo-null","tcga-blca"
"TCGA.XF.AAMY",1,0.911,"diablo-null","tcga-blca"
"TCGA.XF.AAN3",1,0.814,"diablo-null","tcga-blca"
"TCGA.XF.AAN8",1,0.794,"diablo-null","tcga-blca"
"TCGA.YC.A8S6",0,0.554,"diablo-null","tcga-blca"
"TCGA.ZF.AA4T",1,0.806,"diablo-null","tcga-blca"
"TCGA.ZF.AA5P",1,0.882,"diablo-null","tcga-blca"
"TCGA.2F.A9KQ",1,0.554,"diablo-null","tcga-blca"
"TCGA.4Z.AA7R",1,0.867,"diablo-null","tcga-blca"
"TCGA.4Z.AA7W",0,0.638,"diablo-null","tcga-blca"
"TCGA.4Z.AA80",0,0.673,"diablo-null","tcga-blca"
"TCGA.4Z.AA81",0,0.601,"diablo-null","tcga-blca"
"TCGA.4Z.AA82",1,0.748,"diablo-null","tcga-blca"
"TCGA.4Z.AA83",0,0.313,"diablo-null","tcga-blca"
"TCGA.4Z.AA86",1,0.751,"diablo-null","tcga-blca"
"TCGA.4Z.AA87",1,0.836,"diablo-null","tcga-blca"
"TCGA.BL.A3JM",1,0.845,"diablo-null","tcga-blca"
"TCGA.BT.A0YX",1,0.622,"diablo-null","tcga-blca"
"TCGA.BT.A20X",1,0.852,"diablo-null","tcga-blca"
"TCGA.BT.A2LA",1,0.731,"diablo-null","tcga-blca"
"TCGA.BT.A2LB",1,0.606,"diablo-null","tcga-blca"
"TCGA.BT.A3PH",1,0.771,"diablo-null","tcga-blca"
"TCGA.C4.A0F0",0,0.87,"diablo-null","tcga-blca"
"TCGA.C4.A0F1",1,0.909,"diablo-null","tcga-blca"
"TCGA.CF.A1HR",1,0.676,"diablo-null","tcga-blca"
"TCGA.CF.A27C",1,0.199,"diablo-null","tcga-blca"
"TCGA.CF.A3MF",1,0.19,"diablo-null","tcga-blca"
"TCGA.CF.A47S",0,0.168,"diablo-null","tcga-blca"
"TCGA.CF.A47W",0,0.165,"diablo-null","tcga-blca"
"TCGA.CF.A8HX",0,0.301,"diablo-null","tcga-blca"
"TCGA.CF.A9FH",0,0.164,"diablo-null","tcga-blca"
"TCGA.DK.A1AF",1,0.871,"diablo-null","tcga-blca"
"TCGA.DK.A2I1",0,0.875,"diablo-null","tcga-blca"
"TCGA.DK.A3IK",1,0.774,"diablo-null","tcga-blca"
"TCGA.DK.A3IL",1,0.769,"diablo-null","tcga-blca"
"TCGA.DK.A3IM",1,0.575,"diablo-null","tcga-blca"
"TCGA.DK.A3WX",1,0.406,"diablo-null","tcga-blca"
"TCGA.DK.AA6P",0,0.555,"diablo-null","tcga-blca"
"TCGA.DK.AA6Q",1,0.612,"diablo-null","tcga-blca"
"TCGA.DK.AA76",0,0.526,"diablo-null","tcga-blca"
"TCGA.E5.A2PC",1,0.767,"diablo-null","tcga-blca"
"TCGA.E5.A4U1",0,0.379,"diablo-null","tcga-blca"
"TCGA.E7.A4XJ",0,0.412,"diablo-null","tcga-blca"
"TCGA.E7.A678",1,0.068,"diablo-null","tcga-blca"
"TCGA.E7.A6MD",1,1.013,"diablo-null","tcga-blca"
"TCGA.E7.A6ME",0,0.746,"diablo-null","tcga-blca"
"TCGA.E7.A6MF",0,0.302,"diablo-null","tcga-blca"
"TCGA.E7.A7PW",1,0.618,"diablo-null","tcga-blca"
"TCGA.E7.A7XN",1,0.56,"diablo-null","tcga-blca"
"TCGA.E7.A85H",1,0.862,"diablo-null","tcga-blca"
"TCGA.E7.A97P",0,0.588,"diablo-null","tcga-blca"
"TCGA.FD.A3B5",1,0.686,"diablo-null","tcga-blca"
"TCGA.FD.A3B8",0,0.763,"diablo-null","tcga-blca"
"TCGA.FD.A3SO",1,0.787,"diablo-null","tcga-blca"
"TCGA.FD.A43S",1,0.572,"diablo-null","tcga-blca"
"TCGA.FD.A62N",1,0.685,"diablo-null","tcga-blca"
"TCGA.FD.A62S",1,0.821,"diablo-null","tcga-blca"
"TCGA.FD.A6TF",1,0.985,"diablo-null","tcga-blca"
"TCGA.G2.A2EC",0,0.598,"diablo-null","tcga-blca"
"TCGA.G2.A2EJ",0,0.447,"diablo-null","tcga-blca"
"TCGA.G2.A2EO",1,0.864,"diablo-null","tcga-blca"
"TCGA.GD.A3OP",1,0.713,"diablo-null","tcga-blca"
"TCGA.GD.A76B",0,0.688,"diablo-null","tcga-blca"
"TCGA.GU.A42R",1,0.518,"diablo-null","tcga-blca"
"TCGA.GU.A762",1,0.663,"diablo-null","tcga-blca"
"TCGA.GU.AATQ",1,0.719,"diablo-null","tcga-blca"
"TCGA.GV.A3JV",1,0.654,"diablo-null","tcga-blca"
"TCGA.GV.A3JW",0,0.338,"diablo-null","tcga-blca"
"TCGA.GV.A3QH",0,0.479,"diablo-null","tcga-blca"
"TCGA.H4.A2HQ",1,0.584,"diablo-null","tcga-blca"
"TCGA.HQ.A2OF",1,0.637,"diablo-null","tcga-blca"
"TCGA.HQ.A5NE",1,0.785,"diablo-null","tcga-blca"
"TCGA.K4.A5RH",1,0.726,"diablo-null","tcga-blca"
"TCGA.K4.A5RI",1,0.84,"diablo-null","tcga-blca"
"TCGA.K4.A5RJ",0,0.787,"diablo-null","tcga-blca"
"TCGA.K4.A83P",1,0.859,"diablo-null","tcga-blca"
"TCGA.KQ.A41R",0,0.645,"diablo-null","tcga-blca"
"TCGA.LT.A5Z6",0,0.48,"diablo-null","tcga-blca"
"TCGA.MV.A51V",1,0.703,"diablo-null","tcga-blca"
"TCGA.PQ.A6FI",0,0.524,"diablo-null","tcga-blca"
"TCGA.S5.AA26",1,0.321,"diablo-null","tcga-blca"
"TCGA.UY.A78K",1,0.764,"diablo-null","tcga-blca"
"TCGA.UY.A8OB",1,0.746,"diablo-null","tcga-blca"
"TCGA.UY.A8OC",1,0.744,"diablo-null","tcga-blca"
"TCGA.UY.A8OD",0,0.968,"diablo-null","tcga-blca"
"TCGA.XF.A8HB",0,0.395,"diablo-null","tcga-blca"
"TCGA.XF.A8HH",1,0.833,"diablo-null","tcga-blca"
"TCGA.XF.A9SX",1,0.787,"diablo-null","tcga-blca"
"TCGA.XF.A9T4",1,0.446,"diablo-null","tcga-blca"
"TCGA.XF.AAMW",1,0.612,"diablo-null","tcga-blca"
"TCGA.XF.AAMX",1,0.877,"diablo-null","tcga-blca"
"TCGA.XF.AAN0",1,0.933,"diablo-null","tcga-blca"
"TCGA.XF.AAN4",1,0.986,"diablo-null","tcga-blca"
"TCGA.XF.AAN5",1,0.566,"diablo-null","tcga-blca"
"TCGA.ZF.A9R0",1,0.672,"diablo-null","tcga-blca"
"TCGA.ZF.A9R9",1,0.836,"diablo-null","tcga-blca"
"TCGA.ZF.A9RM",0,0.424,"diablo-null","tcga-blca"
"TCGA.ZF.A9RN",1,0.814,"diablo-null","tcga-blca"
"TCGA.ZF.AA4N",0,0.41,"diablo-null","tcga-blca"
"TCGA.ZF.AA51",0,0.742,"diablo-null","tcga-blca"
"TCGA.ZF.AA56",1,0.603,"diablo-null","tcga-blca"
"TCGA.ZF.AA58",1,0.66,"diablo-null","tcga-blca"
"subject2",0,0.004,"diablo-null","sim-data_n-100_effect-2_sigma-def_corr-0"
"subject12",1,1.023,"diablo-null","sim-data_n-100_effect-2_sigma-def_corr-0"
"subject15",0,0.084,"diablo-null","sim-data_n-100_effect-2_sigma-def_corr-0"
"subject18",0,0.105,"diablo-null","sim-data_n-100_effect-2_sigma-def_corr-0"
"subject23",0,-0.002,"diablo-null","sim-data_n-100_effect-2_sigma-def_corr-0"
"subject28",0,0.089,"diablo-null","sim-data_n-100_effect-2_sigma-def_corr-0"
"subject36",0,0.056,"diablo-null","sim-data_n-100_effect-2_sigma-def_corr-0"
"subject38",1,0.988,"diablo-null","sim-data_n-100_effect-2_sigma-def_corr-0"
"subject39",0,0.03,"diablo-null","sim-data_n-100_effect-2_sigma-def_corr-0"
"subject43",1,0.948,"diablo-null","sim-data_n-100_effect-2_sigma-def_corr-0"
"subject46",1,0.966,"diablo-null","sim-data_n-100_effect-2_sigma-def_corr-0"
"subject50",0,0.024,"diablo-null","sim-data_n-100_effect-2_sigma-def_corr-0"
"subject55",1,0.964,"diablo-null","sim-data_n-100_effect-2_sigma-def_corr-0"
"subject56",1,0.981,"diablo-null","sim-data_n-100_effect-2_sigma-def_corr-0"
"subject58",0,0.065,"diablo-null","sim-data_n-100_effect-2_sigma-def_corr-0"
"subject61",0,0.002,"diablo-null","sim-data_n-100_effect-2_sigma-def_corr-0"
"subject62",0,0.067,"diablo-null","sim-data_n-100_effect-2_sigma-def_corr-0"
"subject66",0,0.035,"diablo-null","sim-data_n-100_effect-2_sigma-def_corr-0"
"subject67",1,0.966,"diablo-null","sim-data_n-100_effect-2_sigma-def_corr-0"
"subject70",0,0.015,"diablo-null","sim-data_n-100_effect-2_sigma-def_corr-0"
"subject71",0,-0.029,"diablo-null","sim-data_n-100_effect-2_sigma-def_corr-0"
"subject78",1,0.996,"diablo-null","sim-data_n-100_effect-2_sigma-def_corr-0"
"subject81",0,0.064,"diablo-null","sim-data_n-100_effect-2_sigma-def_corr-0"
"subject82",1,0.956,"diablo-null","sim-data_n-100_effect-2_sigma-def_corr-0"
"subject84",0,0.056,"diablo-null","sim-data_n-100_effect-2_sigma-def_corr-0"
"subject87",0,0.048,"diablo-null","sim-data_n-100_effect-2_sigma-def_corr-0"
"subject88",0,0.013,"diablo-null","sim-data_n-100_effect-2_sigma-def_corr-0"
"subject91",1,0.962,"diablo-null","sim-data_n-100_effect-2_sigma-def_corr-0"
"subject95",0,0.068,"diablo-null","sim-data_n-100_effect-2_sigma-def_corr-0"
"subject96",1,1.013,"diablo-null","sim-data_n-100_effect-2_sigma-def_corr-0"
"subject1",0,0.04,"diablo-null","sim-data_n-500_effect-2_sigma-indep_corr-0.5"
"subject2",0,0.026,"diablo-null","sim-data_n-500_effect-2_sigma-indep_corr-0.5"
"subject9",1,0.994,"diablo-null","sim-data_n-500_effect-2_sigma-indep_corr-0.5"
"subject12",1,0.974,"diablo-null","sim-data_n-500_effect-2_sigma-indep_corr-0.5"
"subject15",0,-0.042,"diablo-null","sim-data_n-500_effect-2_sigma-indep_corr-0.5"
"subject16",1,0.984,"diablo-null","sim-data_n-500_effect-2_sigma-indep_corr-0.5"
"subject24",0,-0.027,"diablo-null","sim-data_n-500_effect-2_sigma-indep_corr-0.5"
"subject30",1,1.004,"diablo-null","sim-data_n-500_effect-2_sigma-indep_corr-0.5"
"subject31",1,0.985,"diablo-null","sim-data_n-500_effect-2_sigma-indep_corr-0.5"
"subject36",1,1.008,"diablo-null","sim-data_n-500_effect-2_sigma-indep_corr-0.5"
"subject40",1,0.97,"diablo-null","sim-data_n-500_effect-2_sigma-indep_corr-0.5"
"subject44",1,0.992,"diablo-null","sim-data_n-500_effect-2_sigma-indep_corr-0.5"
"subject45",1,1.018,"diablo-null","sim-data_n-500_effect-2_sigma-indep_corr-0.5"
"subject46",0,0.027,"diablo-null","sim-data_n-500_effect-2_sigma-indep_corr-0.5"
"subject47",1,0.984,"diablo-null","sim-data_n-500_effect-2_sigma-indep_corr-0.5"
"subject48",0,0.041,"diablo-null","sim-data_n-500_effect-2_sigma-indep_corr-0.5"
"subject51",1,0.955,"diablo-null","sim-data_n-500_effect-2_sigma-indep_corr-0.5"
"subject52",1,1.012,"diablo-null","sim-data_n-500_effect-2_sigma-indep_corr-0.5"
"subject57",0,0.012,"diablo-null","sim-data_n-500_effect-2_sigma-indep_corr-0.5"
"subject61",1,0.991,"diablo-null","sim-data_n-500_effect-2_sigma-indep_corr-0.5"
"subject73",1,0.975,"diablo-null","sim-data_n-500_effect-2_sigma-indep_corr-0.5"
"subject74",0,0.058,"diablo-null","sim-data_n-500_effect-2_sigma-indep_corr-0.5"
"subject81",1,0.991,"diablo-null","sim-data_n-500_effect-2_sigma-indep_corr-0.5"
"subject83",0,0.019,"diablo-null","sim-data_n-500_effect-2_sigma-indep_corr-0.5"
"subject84",0,-0.013,"diablo-null","sim-data_n-500_effect-2_sigma-indep_corr-0.5"
"subject85",1,0.994,"diablo-null","sim-data_n-500_effect-2_sigma-indep_corr-0.5"
"subject88",1,0.979,"diablo-null","sim-data_n-500_effect-2_sigma-indep_corr-0.5"
"subject93",1,1.007,"diablo-null","sim-data_n-500_effect-2_sigma-indep_corr-0.5"
"subject94",1,0.979,"diablo-null","sim-data_n-500_effect-2_sigma-indep_corr-0.5"
"subject98",1,0.998,"diablo-null","sim-data_n-500_effect-2_sigma-indep_corr-0.5"
"subject99",1,0.996,"diablo-null","sim-data_n-500_effect-2_sigma-indep_corr-0.5"
"subject102",0,0.012,"diablo-null","sim-data_n-500_effect-2_sigma-indep_corr-0.5"
"subject103",0,0.025,"diablo-null","sim-data_n-500_effect-2_sigma-indep_corr-0.5"
"subject109",0,-0.002,"diablo-null","sim-data_n-500_effect-2_sigma-indep_corr-0.5"
"subject112",0,0.001,"diablo-null","sim-data_n-500_effect-2_sigma-indep_corr-0.5"
"subject114",1,0.993,"diablo-null","sim-data_n-500_effect-2_sigma-indep_corr-0.5"
"subject116",1,0.986,"diablo-null","sim-data_n-500_effect-2_sigma-indep_corr-0.5"
"subject118",0,0.057,"diablo-null","sim-data_n-500_effect-2_sigma-indep_corr-0.5"
"subject121",1,1.003,"diablo-null","sim-data_n-500_effect-2_sigma-indep_corr-0.5"
"subject122",0,0.016,"diablo-null","sim-data_n-500_effect-2_sigma-indep_corr-0.5"
"subject123",1,0.979,"diablo-null","sim-data_n-500_effect-2_sigma-indep_corr-0.5"
"subject127",1,0.996,"diablo-null","sim-data_n-500_effect-2_sigma-indep_corr-0.5"
"subject132",1,1.018,"diablo-null","sim-data_n-500_effect-2_sigma-indep_corr-0.5"
"subject141",1,1.011,"diablo-null","sim-data_n-500_effect-2_sigma-indep_corr-0.5"
"subject142",0,0.027,"diablo-null","sim-data_n-500_effect-2_sigma-indep_corr-0.5"
"subject143",1,0.978,"diablo-null","sim-data_n-500_effect-2_sigma-indep_corr-0.5"
"subject146",1,0.929,"diablo-null","sim-data_n-500_effect-2_sigma-indep_corr-0.5"
"subject147",0,0.017,"diablo-null","sim-data_n-500_effect-2_sigma-indep_corr-0.5"
"subject148",0,0.009,"diablo-null","sim-data_n-500_effect-2_sigma-indep_corr-0.5"
"subject150",0,0.006,"diablo-null","sim-data_n-500_effect-2_sigma-indep_corr-0.5"
"subject151",1,0.972,"diablo-null","sim-data_n-500_effect-2_sigma-indep_corr-0.5"
"subject156",0,-0.01,"diablo-null","sim-data_n-500_effect-2_sigma-indep_corr-0.5"
"subject159",0,0,"diablo-null","sim-data_n-500_effect-2_sigma-indep_corr-0.5"
"subject163",0,-0.017,"diablo-null","sim-data_n-500_effect-2_sigma-indep_corr-0.5"
"subject165",0,0.049,"diablo-null","sim-data_n-500_effect-2_sigma-indep_corr-0.5"
"subject169",1,0.998,"diablo-null","sim-data_n-500_effect-2_sigma-indep_corr-0.5"
"subject171",1,0.988,"diablo-null","sim-data_n-500_effect-2_sigma-indep_corr-0.5"
"subject176",0,-0.01,"diablo-null","sim-data_n-500_effect-2_sigma-indep_corr-0.5"
"subject179",1,1.021,"diablo-null","sim-data_n-500_effect-2_sigma-indep_corr-0.5"
"subject180",1,1.023,"diablo-null","sim-data_n-500_effect-2_sigma-indep_corr-0.5"
"subject184",1,1.014,"diablo-null","sim-data_n-500_effect-2_sigma-indep_corr-0.5"
"subject187",0,-0.013,"diablo-null","sim-data_n-500_effect-2_sigma-indep_corr-0.5"
"subject190",0,0.044,"diablo-null","sim-data_n-500_effect-2_sigma-indep_corr-0.5"
"subject196",1,0.995,"diablo-null","sim-data_n-500_effect-2_sigma-indep_corr-0.5"
"subject197",0,0.008,"diablo-null","sim-data_n-500_effect-2_sigma-indep_corr-0.5"
"subject209",0,-0.026,"diablo-null","sim-data_n-500_effect-2_sigma-indep_corr-0.5"
"subject212",0,0.001,"diablo-null","sim-data_n-500_effect-2_sigma-indep_corr-0.5"
"subject215",0,0.01,"diablo-null","sim-data_n-500_effect-2_sigma-indep_corr-0.5"
"subject222",0,0.023,"diablo-null","sim-data_n-500_effect-2_sigma-indep_corr-0.5"
"subject224",1,0.968,"diablo-null","sim-data_n-500_effect-2_sigma-indep_corr-0.5"
"subject230",0,0,"diablo-null","sim-data_n-500_effect-2_sigma-indep_corr-0.5"
"subject236",1,0.99,"diablo-null","sim-data_n-500_effect-2_sigma-indep_corr-0.5"
"subject237",0,-0.007,"diablo-null","sim-data_n-500_effect-2_sigma-indep_corr-0.5"
"subject242",0,-0.018,"diablo-null","sim-data_n-500_effect-2_sigma-indep_corr-0.5"
"subject247",1,0.972,"diablo-null","sim-data_n-500_effect-2_sigma-indep_corr-0.5"
"subject249",0,0.01,"diablo-null","sim-data_n-500_effect-2_sigma-indep_corr-0.5"
"subject250",1,1.01,"diablo-null","sim-data_n-500_effect-2_sigma-indep_corr-0.5"
"subject257",0,-0.005,"diablo-null","sim-data_n-500_effect-2_sigma-indep_corr-0.5"
"subject261",1,1.008,"diablo-null","sim-data_n-500_effect-2_sigma-indep_corr-0.5"
"subject263",0,-0.007,"diablo-null","sim-data_n-500_effect-2_sigma-indep_corr-0.5"
"subject267",0,0.06,"diablo-null","sim-data_n-500_effect-2_sigma-indep_corr-0.5"
"subject269",0,-0.002,"diablo-null","sim-data_n-500_effect-2_sigma-indep_corr-0.5"
"subject273",0,0.016,"diablo-null","sim-data_n-500_effect-2_sigma-indep_corr-0.5"
"subject274",0,-0.001,"diablo-null","sim-data_n-500_effect-2_sigma-indep_corr-0.5"
"subject278",0,-0.019,"diablo-null","sim-data_n-500_effect-2_sigma-indep_corr-0.5"
"subject279",1,0.977,"diablo-null","sim-data_n-500_effect-2_sigma-indep_corr-0.5"
"subject280",1,0.964,"diablo-null","sim-data_n-500_effect-2_sigma-indep_corr-0.5"
"subject281",0,0.039,"diablo-null","sim-data_n-500_effect-2_sigma-indep_corr-0.5"
"subject282",0,0.022,"diablo-null","sim-data_n-500_effect-2_sigma-indep_corr-0.5"
"subject284",0,0.008,"diablo-null","sim-data_n-500_effect-2_sigma-indep_corr-0.5"
"subject285",1,0.978,"diablo-null","sim-data_n-500_effect-2_sigma-indep_corr-0.5"
"subject291",1,1.005,"diablo-null","sim-data_n-500_effect-2_sigma-indep_corr-0.5"
"subject297",0,0.004,"diablo-null","sim-data_n-500_effect-2_sigma-indep_corr-0.5"
"subject298",1,0.996,"diablo-null","sim-data_n-500_effect-2_sigma-indep_corr-0.5"
"subject301",1,1.003,"diablo-null","sim-data_n-500_effect-2_sigma-indep_corr-0.5"
"subject302",0,-0.018,"diablo-null","sim-data_n-500_effect-2_sigma-indep_corr-0.5"
"subject303",1,0.98,"diablo-null","sim-data_n-500_effect-2_sigma-indep_corr-0.5"
"subject304",0,0.009,"diablo-null","sim-data_n-500_effect-2_sigma-indep_corr-0.5"
"subject307",1,0.974,"diablo-null","sim-data_n-500_effect-2_sigma-indep_corr-0.5"
"subject308",0,0.017,"diablo-null","sim-data_n-500_effect-2_sigma-indep_corr-0.5"
"subject310",0,0.049,"diablo-null","sim-data_n-500_effect-2_sigma-indep_corr-0.5"
"subject312",1,1.001,"diablo-null","sim-data_n-500_effect-2_sigma-indep_corr-0.5"
"subject313",0,-0.013,"diablo-null","sim-data_n-500_effect-2_sigma-indep_corr-0.5"
"subject322",1,0.985,"diablo-null","sim-data_n-500_effect-2_sigma-indep_corr-0.5"
"subject324",1,0.98,"diablo-null","sim-data_n-500_effect-2_sigma-indep_corr-0.5"
"subject334",1,0.978,"diablo-null","sim-data_n-500_effect-2_sigma-indep_corr-0.5"
"subject336",0,0.018,"diablo-null","sim-data_n-500_effect-2_sigma-indep_corr-0.5"
"subject343",0,-0.007,"diablo-null","sim-data_n-500_effect-2_sigma-indep_corr-0.5"
"subject347",1,0.985,"diablo-null","sim-data_n-500_effect-2_sigma-indep_corr-0.5"
"subject353",0,-0.014,"diablo-null","sim-data_n-500_effect-2_sigma-indep_corr-0.5"
"subject354",0,0.014,"diablo-null","sim-data_n-500_effect-2_sigma-indep_corr-0.5"
"subject356",0,-0.049,"diablo-null","sim-data_n-500_effect-2_sigma-indep_corr-0.5"
"subject357",1,1.001,"diablo-null","sim-data_n-500_effect-2_sigma-indep_corr-0.5"
"subject358",1,0.983,"diablo-null","sim-data_n-500_effect-2_sigma-indep_corr-0.5"
"subject361",1,0.991,"diablo-null","sim-data_n-500_effect-2_sigma-indep_corr-0.5"
"subject365",0,-0.024,"diablo-null","sim-data_n-500_effect-2_sigma-indep_corr-0.5"
"subject375",0,0.012,"diablo-null","sim-data_n-500_effect-2_sigma-indep_corr-0.5"
"subject377",1,0.989,"diablo-null","sim-data_n-500_effect-2_sigma-indep_corr-0.5"
"subject378",0,-0.011,"diablo-null","sim-data_n-500_effect-2_sigma-indep_corr-0.5"
"subject382",0,-0.023,"diablo-null","sim-data_n-500_effect-2_sigma-indep_corr-0.5"
"subject384",1,1.017,"diablo-null","sim-data_n-500_effect-2_sigma-indep_corr-0.5"
"subject389",1,1.018,"diablo-null","sim-data_n-500_effect-2_sigma-indep_corr-0.5"
"subject393",1,0.989,"diablo-null","sim-data_n-500_effect-2_sigma-indep_corr-0.5"
"subject402",1,1.012,"diablo-null","sim-data_n-500_effect-2_sigma-indep_corr-0.5"
"subject403",1,0.991,"diablo-null","sim-data_n-500_effect-2_sigma-indep_corr-0.5"
"subject408",0,-0.006,"diablo-null","sim-data_n-500_effect-2_sigma-indep_corr-0.5"
"subject409",1,0.982,"diablo-null","sim-data_n-500_effect-2_sigma-indep_corr-0.5"
"subject410",1,0.991,"diablo-null","sim-data_n-500_effect-2_sigma-indep_corr-0.5"
"subject411",0,-0.025,"diablo-null","sim-data_n-500_effect-2_sigma-indep_corr-0.5"
"subject413",1,0.948,"diablo-null","sim-data_n-500_effect-2_sigma-indep_corr-0.5"
"subject416",0,0.028,"diablo-null","sim-data_n-500_effect-2_sigma-indep_corr-0.5"
"subject420",0,-0.009,"diablo-null","sim-data_n-500_effect-2_sigma-indep_corr-0.5"
"subject421",0,-0.021,"diablo-null","sim-data_n-500_effect-2_sigma-indep_corr-0.5"
"subject422",0,0.014,"diablo-null","sim-data_n-500_effect-2_sigma-indep_corr-0.5"
"subject424",1,1.01,"diablo-null","sim-data_n-500_effect-2_sigma-indep_corr-0.5"
"subject425",0,-0.019,"diablo-null","sim-data_n-500_effect-2_sigma-indep_corr-0.5"
"subject429",1,0.996,"diablo-null","sim-data_n-500_effect-2_sigma-indep_corr-0.5"
"subject438",0,-0.021,"diablo-null","sim-data_n-500_effect-2_sigma-indep_corr-0.5"
"subject451",0,0.014,"diablo-null","sim-data_n-500_effect-2_sigma-indep_corr-0.5"
"subject454",0,0,"diablo-null","sim-data_n-500_effect-2_sigma-indep_corr-0.5"
"subject461",1,0.987,"diablo-null","sim-data_n-500_effect-2_sigma-indep_corr-0.5"
"subject469",1,1.008,"diablo-null","sim-data_n-500_effect-2_sigma-indep_corr-0.5"
"subject475",1,1.008,"diablo-null","sim-data_n-500_effect-2_sigma-indep_corr-0.5"
"subject478",0,-0.016,"diablo-null","sim-data_n-500_effect-2_sigma-indep_corr-0.5"
"subject486",1,0.952,"diablo-null","sim-data_n-500_effect-2_sigma-indep_corr-0.5"
"subject490",0,0.043,"diablo-null","sim-data_n-500_effect-2_sigma-indep_corr-0.5"
"subject491",1,1.01,"diablo-null","sim-data_n-500_effect-2_sigma-indep_corr-0.5"
"subject492",1,0.978,"diablo-null","sim-data_n-500_effect-2_sigma-indep_corr-0.5"
"subject497",1,0.981,"diablo-null","sim-data_n-500_effect-2_sigma-indep_corr-0.5"
"subject500",0,0.002,"diablo-null","sim-data_n-500_effect-2_sigma-indep_corr-0.5"
"subject2",1,0.945,"diablo-null","sim-data_n-100_effect-2_sigma-indep_corr-0.5"
"subject12",1,0.948,"diablo-null","sim-data_n-100_effect-2_sigma-indep_corr-0.5"
"subject14",0,0.002,"diablo-null","sim-data_n-100_effect-2_sigma-indep_corr-0.5"
"subject16",0,0.007,"diablo-null","sim-data_n-100_effect-2_sigma-indep_corr-0.5"
"subject21",0,0.02,"diablo-null","sim-data_n-100_effect-2_sigma-indep_corr-0.5"
"subject25",1,1.007,"diablo-null","sim-data_n-100_effect-2_sigma-indep_corr-0.5"
"subject27",1,0.975,"diablo-null","sim-data_n-100_effect-2_sigma-indep_corr-0.5"
"subject28",1,0.991,"diablo-null","sim-data_n-100_effect-2_sigma-indep_corr-0.5"
"subject32",0,0.018,"diablo-null","sim-data_n-100_effect-2_sigma-indep_corr-0.5"
"subject33",0,0.03,"diablo-null","sim-data_n-100_effect-2_sigma-indep_corr-0.5"
"subject35",0,0.018,"diablo-null","sim-data_n-100_effect-2_sigma-indep_corr-0.5"
"subject41",1,1,"diablo-null","sim-data_n-100_effect-2_sigma-indep_corr-0.5"
"subject45",0,0.013,"diablo-null","sim-data_n-100_effect-2_sigma-indep_corr-0.5"
"subject47",1,0.972,"diablo-null","sim-data_n-100_effect-2_sigma-indep_corr-0.5"
"subject50",0,0.063,"diablo-null","sim-data_n-100_effect-2_sigma-indep_corr-0.5"
"subject51",1,0.941,"diablo-null","sim-data_n-100_effect-2_sigma-indep_corr-0.5"
"subject52",0,0.031,"diablo-null","sim-data_n-100_effect-2_sigma-indep_corr-0.5"
"subject55",0,0.034,"diablo-null","sim-data_n-100_effect-2_sigma-indep_corr-0.5"
"subject57",0,0.07,"diablo-null","sim-data_n-100_effect-2_sigma-indep_corr-0.5"
"subject62",1,1.02,"diablo-null","sim-data_n-100_effect-2_sigma-indep_corr-0.5"
"subject63",1,0.956,"diablo-null","sim-data_n-100_effect-2_sigma-indep_corr-0.5"
"subject74",0,-0.015,"diablo-null","sim-data_n-100_effect-2_sigma-indep_corr-0.5"
"subject78",1,0.986,"diablo-null","sim-data_n-100_effect-2_sigma-indep_corr-0.5"
"subject79",0,0.055,"diablo-null","sim-data_n-100_effect-2_sigma-indep_corr-0.5"
"subject81",0,0.043,"diablo-null","sim-data_n-100_effect-2_sigma-indep_corr-0.5"
"subject83",1,0.963,"diablo-null","sim-data_n-100_effect-2_sigma-indep_corr-0.5"
"subject86",0,0.052,"diablo-null","sim-data_n-100_effect-2_sigma-indep_corr-0.5"
"subject90",0,0.051,"diablo-null","sim-data_n-100_effect-2_sigma-indep_corr-0.5"
"subject95",0,0.057,"diablo-null","sim-data_n-100_effect-2_sigma-indep_corr-0.5"
"subject96",0,0.028,"diablo-null","sim-data_n-100_effect-2_sigma-indep_corr-0.5"
"subject1",1,0.969,"diablo-null","sim-data_n-50_effect-2_sigma-def_corr-0"
"subject3",0,0.133,"diablo-null","sim-data_n-50_effect-2_sigma-def_corr-0"
"subject14",1,0.934,"diablo-null","sim-data_n-50_effect-2_sigma-def_corr-0"
"subject15",1,0.98,"diablo-null","sim-data_n-50_effect-2_sigma-def_corr-0"
"subject17",0,-0.012,"diablo-null","sim-data_n-50_effect-2_sigma-def_corr-0"
"subject19",0,0.046,"diablo-null","sim-data_n-50_effect-2_sigma-def_corr-0"
"subject20",0,0.076,"diablo-null","sim-data_n-50_effect-2_sigma-def_corr-0"
"subject29",0,-0.005,"diablo-null","sim-data_n-50_effect-2_sigma-def_corr-0"
"subject30",1,0.972,"diablo-null","sim-data_n-50_effect-2_sigma-def_corr-0"
"subject35",1,0.897,"diablo-null","sim-data_n-50_effect-2_sigma-def_corr-0"
"subject37",0,-0.036,"diablo-null","sim-data_n-50_effect-2_sigma-def_corr-0"
"subject39",0,-0.014,"diablo-null","sim-data_n-50_effect-2_sigma-def_corr-0"
"subject42",0,0.094,"diablo-null","sim-data_n-50_effect-2_sigma-def_corr-0"
"subject46",1,0.997,"diablo-null","sim-data_n-50_effect-2_sigma-def_corr-0"
"subject48",0,0.046,"diablo-null","sim-data_n-50_effect-2_sigma-def_corr-0"
"10094010",1,0.679,"diablo-null","GSE71669"
"30110214",0,-51745389628400.3,"diablo-null","GSE71669"
"30109911",1,0.809,"diablo-null","GSE71669"
"30106619",0,-77318251770631.8,"diablo-null","GSE71669"
"10093210",1,-5203332639534.92,"diablo-null","GSE71669"
"30106712",0,-0.098,"diablo-null","GSE71669"
"10094410",0,0.979,"diablo-null","GSE71669"
"10094910",1,0.403,"diablo-null","GSE71669"
"10093310",1,0.528,"diablo-null","GSE71669"
"10090210",1,0.675,"diablo-null","GSE71669"
"10090910",0,0.452,"diablo-null","GSE71669"
"30107610",0,0.259,"diablo-null","GSE71669"
"10090110",0,0.43,"diablo-null","GSE71669"
"10093010",0,0.404,"diablo-null","GSE71669"
"10093710",0,0.181,"diablo-null","GSE71669"
"10090510",0,-3518260683960.39,"diablo-null","GSE71669"
"30108817",1,-3.932,"diablo-null","GSE71669"
"10091310",0,0.005,"diablo-null","GSE71669"
"10093410",0,0.361,"diablo-null","GSE71669"
"30107713",1,0.65,"diablo-null","GSE71669"
"30107012",1,0.809,"diablo-null","GSE71669"
"30105711",0,0.953,"diablo-null","GSE71669"
"10092810",0,0.569,"diablo-null","GSE71669"
"30106516",0,0.625,"diablo-null","GSE71669"
"10092010",1,0.63,"diablo-null","GSE71669"
"30106815",0,0.553,"diablo-null","GSE71669"
"30105412",0,0.103,"diablo-null","GSE71669"
"10094310",1,0.574,"diablo-null","GSE71669"
"10091910",1,0.845,"diablo-null","GSE71669"
"10091710",1,0.693,"diablo-null","GSE71669"
"10093110",0,0.269,"diablo-null","GSE71669"
"30107919",1,0.563,"diablo-null","GSE71669"
"10093510",0,0.357,"diablo-null","GSE71669"
"TCGA.BP.5178",1,0.414,"diablo-null","tcga-kipan"
"TCGA.BP.5191",1,0.237,"diablo-null","tcga-kipan"
"TCGA.BP.5201",1,0.538,"diablo-null","tcga-kipan"
"TCGA.A3.3357",0,0.71,"diablo-null","tcga-kipan"
"TCGA.A3.3370",0,0.612,"diablo-null","tcga-kipan"
"TCGA.A3.3376",0,0.38,"diablo-null","tcga-kipan"
"TCGA.A3.3385",0,0.693,"diablo-null","tcga-kipan"
"TCGA.B0.4688",1,0.626,"diablo-null","tcga-kipan"
"TCGA.B0.4691",1,0.901,"diablo-null","tcga-kipan"
"TCGA.B0.4693",1,0.717,"diablo-null","tcga-kipan"
"TCGA.B0.4696",1,1.005,"diablo-null","tcga-kipan"
"TCGA.B0.4697",1,0.855,"diablo-null","tcga-kipan"
"TCGA.B0.4701",1,0.795,"diablo-null","tcga-kipan"
"TCGA.B0.4813",1,0.806,"diablo-null","tcga-kipan"
"TCGA.B0.4817",1,0.404,"diablo-null","tcga-kipan"
"TCGA.B0.4819",1,0.656,"diablo-null","tcga-kipan"
"TCGA.B0.4823",0,0.365,"diablo-null","tcga-kipan"
"TCGA.B0.4824",0,0.731,"diablo-null","tcga-kipan"
"TCGA.B0.4828",1,0.79,"diablo-null","tcga-kipan"
"TCGA.B0.4843",1,0.572,"diablo-null","tcga-kipan"
"TCGA.B0.4846",1,0.968,"diablo-null","tcga-kipan"
"TCGA.B0.4848",1,0.749,"diablo-null","tcga-kipan"
"TCGA.B0.4945",0,0.574,"diablo-null","tcga-kipan"
"TCGA.B0.5095",1,0.671,"diablo-null","tcga-kipan"
"TCGA.B0.5096",1,0.445,"diablo-null","tcga-kipan"
"TCGA.B0.5100",1,0.195,"diablo-null","tcga-kipan"
"TCGA.B0.5102",0,0.488,"diablo-null","tcga-kipan"
"TCGA.B0.5104",0,0.659,"diablo-null","tcga-kipan"
"TCGA.B0.5107",1,0.819,"diablo-null","tcga-kipan"
"TCGA.B0.5108",1,0.532,"diablo-null","tcga-kipan"
"TCGA.B0.5109",1,-0.123,"diablo-null","tcga-kipan"
"TCGA.B0.5110",0,0.482,"diablo-null","tcga-kipan"
"TCGA.B0.5113",1,0.663,"diablo-null","tcga-kipan"
"TCGA.B0.5116",1,0.209,"diablo-null","tcga-kipan"
"TCGA.B0.5119",0,0.52,"diablo-null","tcga-kipan"
"TCGA.B2.3924",0,0.563,"diablo-null","tcga-kipan"
"TCGA.B8.5159",0,0.577,"diablo-null","tcga-kipan"
"TCGA.B8.5163",1,0.533,"diablo-null","tcga-kipan"
"TCGA.B8.5165",0,0.377,"diablo-null","tcga-kipan"
"TCGA.BP.4801",0,0.29,"diablo-null","tcga-kipan"
"TCGA.BP.5010",1,0.341,"diablo-null","tcga-kipan"
"TCGA.BP.5169",0,0.413,"diablo-null","tcga-kipan"
"TCGA.BP.5173",0,0.428,"diablo-null","tcga-kipan"
"TCGA.BP.5176",0,0.24,"diablo-null","tcga-kipan"
"TCGA.BP.5177",0,0.148,"diablo-null","tcga-kipan"
"TCGA.BP.5185",0,0.218,"diablo-null","tcga-kipan"
"TCGA.BP.5186",0,0.194,"diablo-null","tcga-kipan"
"TCGA.BP.5190",0,0.408,"diablo-null","tcga-kipan"
"TCGA.BP.5192",0,0.287,"diablo-null","tcga-kipan"
"TCGA.BP.5195",0,0.252,"diablo-null","tcga-kipan"
"TCGA.BP.5196",0,0.374,"diablo-null","tcga-kipan"
"TCGA.BP.5198",1,0.304,"diablo-null","tcga-kipan"
"TCGA.BP.5200",0,0.408,"diablo-null","tcga-kipan"
"TCGA.CJ.4882",1,0.618,"diablo-null","tcga-kipan"
"TCGA.CJ.4901",1,0.577,"diablo-null","tcga-kipan"
"TCGA.CJ.4902",1,0.325,"diablo-null","tcga-kipan"
"TCGA.CJ.4905",0,0.283,"diablo-null","tcga-kipan"
"TCGA.CJ.4908",0,0.281,"diablo-null","tcga-kipan"
"TCGA.CJ.4918",1,0.299,"diablo-null","tcga-kipan"
"TCGA.CJ.4920",0,0.439,"diablo-null","tcga-kipan"
"TCGA.CJ.4923",1,0.441,"diablo-null","tcga-kipan"
"TCGA.CZ.4853",0,0.592,"diablo-null","tcga-kipan"
"TCGA.DJ.A2PR",0,0.122,"diablo-null","tcga-thca"
"TCGA.EL.A3CR",1,0.611,"diablo-null","tcga-thca"
"TCGA.EL.A3D5",0,0.367,"diablo-null","tcga-thca"
"TCGA.EL.A3H2",0,0.143,"diablo-null","tcga-thca"
"TCGA.EL.A3H8",0,0.164,"diablo-null","tcga-thca"
"TCGA.EL.A3MY",1,0.469,"diablo-null","tcga-thca"
"TCGA.EL.A3N3",0,0.247,"diablo-null","tcga-thca"
"TCGA.ET.A3BV",1,0.419,"diablo-null","tcga-thca"
"TCGA.J8.A3NZ",1,0.285,"diablo-null","tcga-thca"
"TCGA.BJ.A0YZ",0,0.025,"diablo-null","tcga-thca"
"TCGA.BJ.A0Z0",0,0.308,"diablo-null","tcga-thca"
"TCGA.BJ.A0Z2",1,0.442,"diablo-null","tcga-thca"
"TCGA.BJ.A0Z5",1,0.337,"diablo-null","tcga-thca"
"TCGA.BJ.A0ZE",1,0.423,"diablo-null","tcga-thca"
"TCGA.BJ.A18Y",0,0.233,"diablo-null","tcga-thca"
"TCGA.BJ.A18Z",1,0.411,"diablo-null","tcga-thca"
"TCGA.BJ.A190",0,0.282,"diablo-null","tcga-thca"
"TCGA.BJ.A191",0,0.197,"diablo-null","tcga-thca"
"TCGA.BJ.A192",1,0.297,"diablo-null","tcga-thca"
"TCGA.BJ.A28R",0,0.263,"diablo-null","tcga-thca"
"TCGA.BJ.A28S",0,0.334,"diablo-null","tcga-thca"
"TCGA.BJ.A28T",0,0.15,"diablo-null","tcga-thca"
"TCGA.BJ.A28V",1,0.018,"diablo-null","tcga-thca"
"TCGA.BJ.A28W",0,0.311,"diablo-null","tcga-thca"
"TCGA.BJ.A28Z",1,0.264,"diablo-null","tcga-thca"
"TCGA.BJ.A2N7",0,0.418,"diablo-null","tcga-thca"
"TCGA.BJ.A2N9",0,0.518,"diablo-null","tcga-thca"
"TCGA.BJ.A2NA",1,0.244,"diablo-null","tcga-thca"
"TCGA.BJ.A2P4",0,0.554,"diablo-null","tcga-thca"
"TCGA.CE.A27D",0,0.211,"diablo-null","tcga-thca"
"TCGA.DE.A2OL",0,0.442,"diablo-null","tcga-thca"
"TCGA.DJ.A13M",0,0.431,"diablo-null","tcga-thca"
"TCGA.DJ.A13O",0,0.472,"diablo-null","tcga-thca"
"TCGA.DJ.A13W",0,0.505,"diablo-null","tcga-thca"
"TCGA.DJ.A13X",1,0.032,"diablo-null","tcga-thca"
"TCGA.DJ.A1QD",0,0.187,"diablo-null","tcga-thca"
"TCGA.DJ.A1QE",1,0.322,"diablo-null","tcga-thca"
"TCGA.DJ.A1QG",0,0.465,"diablo-null","tcga-thca"
"TCGA.DJ.A1QL",0,0.237,"diablo-null","tcga-thca"
"TCGA.DJ.A1QO",1,0.388,"diablo-null","tcga-thca"
"TCGA.DJ.A2PP",0,0.429,"diablo-null","tcga-thca"
"TCGA.DJ.A2PQ",0,0.353,"diablo-null","tcga-thca"
"TCGA.DJ.A2PW",1,0.312,"diablo-null","tcga-thca"
"TCGA.DJ.A2PY",1,0.541,"diablo-null","tcga-thca"
"TCGA.DJ.A2PZ",1,0.592,"diablo-null","tcga-thca"
"TCGA.DJ.A2Q0",0,0.349,"diablo-null","tcga-thca"
"TCGA.DJ.A2Q1",0,0.482,"diablo-null","tcga-thca"
"TCGA.DJ.A2Q6",0,0.458,"diablo-null","tcga-thca"
"TCGA.DJ.A2Q9",1,0.466,"diablo-null","tcga-thca"
"TCGA.DJ.A2QB",1,0.393,"diablo-null","tcga-thca"
"TCGA.E8.A2EA",0,0.438,"diablo-null","tcga-thca"
"TCGA.E8.A2JQ",0,0.425,"diablo-null","tcga-thca"
"TCGA.EL.A3CM",1,0.733,"diablo-null","tcga-thca"
"TCGA.EL.A3CV",0,0.27,"diablo-null","tcga-thca"
"TCGA.EL.A3CX",0,0.331,"diablo-null","tcga-thca"
"TCGA.EL.A3D6",1,0.396,"diablo-null","tcga-thca"
"TCGA.EL.A3GO",0,0.051,"diablo-null","tcga-thca"
"TCGA.EL.A3GR",0,0.102,"diablo-null","tcga-thca"
"TCGA.EL.A3GS",0,0.118,"diablo-null","tcga-thca"
"TCGA.EL.A3GV",1,-0.034,"diablo-null","tcga-thca"
"TCGA.EL.A3GW",0,0.226,"diablo-null","tcga-thca"
"TCGA.EL.A3GX",0,0.223,"diablo-null","tcga-thca"
"TCGA.EL.A3H3",0,0.256,"diablo-null","tcga-thca"
"TCGA.EL.A3H4",1,0.151,"diablo-null","tcga-thca"
"TCGA.EL.A3H7",0,0.459,"diablo-null","tcga-thca"
"TCGA.EM.A1CT",1,0.325,"diablo-null","tcga-thca"
"TCGA.EM.A1CU",0,0.161,"diablo-null","tcga-thca"
"TCGA.EM.A1CW",0,0.347,"diablo-null","tcga-thca"
"TCGA.EM.A1YB",0,0.421,"diablo-null","tcga-thca"
"TCGA.EM.A1YE",0,0.363,"diablo-null","tcga-thca"
"TCGA.EM.A22J",0,0.434,"diablo-null","tcga-thca"
"TCGA.EM.A22M",0,0.4,"diablo-null","tcga-thca"
"TCGA.EM.A22O",1,0.648,"diablo-null","tcga-thca"
"TCGA.EM.A2CJ",0,0.454,"diablo-null","tcga-thca"
"TCGA.EM.A2CK",0,0.313,"diablo-null","tcga-thca"
"TCGA.EM.A2CL",0,0.315,"diablo-null","tcga-thca"
"TCGA.EM.A2CP",0,0.286,"diablo-null","tcga-thca"
"TCGA.EM.A2CQ",0,0.364,"diablo-null","tcga-thca"
"TCGA.EM.A2CR",0,0.522,"diablo-null","tcga-thca"
"TCGA.EM.A2CS",1,0.341,"diablo-null","tcga-thca"
"TCGA.EM.A2CU",1,0.402,"diablo-null","tcga-thca"
"TCGA.EM.A3AI",0,0.335,"diablo-null","tcga-thca"
"TCGA.EM.A3AN",0,0.372,"diablo-null","tcga-thca"
"TCGA.EM.A3FJ",0,0.206,"diablo-null","tcga-thca"
"TCGA.EM.A3FN",0,0.299,"diablo-null","tcga-thca"
"TCGA.EM.A3FO",0,0.449,"diablo-null","tcga-thca"
"TCGA.ET.A25G",1,0.503,"diablo-null","tcga-thca"
"TCGA.ET.A2N5",1,0.358,"diablo-null","tcga-thca"
"TCGA.ET.A39J",0,0.164,"diablo-null","tcga-thca"
"TCGA.ET.A39L",0,0.093,"diablo-null","tcga-thca"
"TCGA.ET.A39M",0,0.331,"diablo-null","tcga-thca"
"TCGA.ET.A39P",1,0.447,"diablo-null","tcga-thca"
"TCGA.ET.A39R",0,0.197,"diablo-null","tcga-thca"
"TCGA.ET.A3BS",0,0.124,"diablo-null","tcga-thca"
"TCGA.ET.A3BT",1,0.462,"diablo-null","tcga-thca"
"TCGA.ET.A3BU",0,0.102,"diablo-null","tcga-thca"
"TCGA.ET.A3BX",0,0.261,"diablo-null","tcga-thca"
"TCGA.ET.A3DS",0,0.241,"diablo-null","tcga-thca"
"TCGA.ET.A3DW",1,0.412,"diablo-null","tcga-thca"
"TCGA.FE.A22Z",1,0.595,"diablo-null","tcga-thca"
"TCGA.FE.A230",0,0.205,"diablo-null","tcga-thca"
"TCGA.FE.A232",0,0.231,"diablo-null","tcga-thca"
"TCGA.FE.A233",0,0.071,"diablo-null","tcga-thca"
"TCGA.FE.A237",0,0.408,"diablo-null","tcga-thca"
"TCGA.FE.A23A",0,0.379,"diablo-null","tcga-thca"
"TCGA.FY.A3BL",0,0.353,"diablo-null","tcga-thca"
"TCGA.GE.A2C6",0,0.522,"diablo-null","tcga-thca"
"TCGA.J8.A3O1",0,0.459,"diablo-null","tcga-thca"
"subject1",1,1.042,"diablo-null","sim-data_n-50_effect-2_sigma-def_corr-1"
"subject3",0,0,"diablo-null","sim-data_n-50_effect-2_sigma-def_corr-1"
"subject9",1,0.954,"diablo-null","sim-data_n-50_effect-2_sigma-def_corr-1"
"subject10",1,1.015,"diablo-null","sim-data_n-50_effect-2_sigma-def_corr-1"
"subject11",0,-0.161,"diablo-null","sim-data_n-50_effect-2_sigma-def_corr-1"
"subject14",0,0.044,"diablo-null","sim-data_n-50_effect-2_sigma-def_corr-1"
"subject16",0,0.095,"diablo-null","sim-data_n-50_effect-2_sigma-def_corr-1"
"subject25",1,0.963,"diablo-null","sim-data_n-50_effect-2_sigma-def_corr-1"
"subject26",1,0.981,"diablo-null","sim-data_n-50_effect-2_sigma-def_corr-1"
"subject31",0,-0.076,"diablo-null","sim-data_n-50_effect-2_sigma-def_corr-1"
"subject37",1,0.959,"diablo-null","sim-data_n-50_effect-2_sigma-def_corr-1"
"subject39",1,1.069,"diablo-null","sim-data_n-50_effect-2_sigma-def_corr-1"
"subject41",1,1.067,"diablo-null","sim-data_n-50_effect-2_sigma-def_corr-1"
"subject44",1,1.06,"diablo-null","sim-data_n-50_effect-2_sigma-def_corr-1"
"subject48",0,0.088,"diablo-null","sim-data_n-50_effect-2_sigma-def_corr-1"
"subject1",1,0.944,"diablo-null","sim-data_n-100_effect-2_sigma-indep_corr-0"
"subject7",1,0.956,"diablo-null","sim-data_n-100_effect-2_sigma-indep_corr-0"
"subject8",0,0.02,"diablo-null","sim-data_n-100_effect-2_sigma-indep_corr-0"
"subject12",1,0.98,"diablo-null","sim-data_n-100_effect-2_sigma-indep_corr-0"
"subject16",1,0.988,"diablo-null","sim-data_n-100_effect-2_sigma-indep_corr-0"
"subject21",0,-0.004,"diablo-null","sim-data_n-100_effect-2_sigma-indep_corr-0"
"subject24",0,0.025,"diablo-null","sim-data_n-100_effect-2_sigma-indep_corr-0"
"subject25",1,0.972,"diablo-null","sim-data_n-100_effect-2_sigma-indep_corr-0"
"subject27",0,0.037,"diablo-null","sim-data_n-100_effect-2_sigma-indep_corr-0"
"subject28",0,0.051,"diablo-null","sim-data_n-100_effect-2_sigma-indep_corr-0"
"subject32",0,0.03,"diablo-null","sim-data_n-100_effect-2_sigma-indep_corr-0"
"subject38",0,0.024,"diablo-null","sim-data_n-100_effect-2_sigma-indep_corr-0"
"subject40",0,0.056,"diablo-null","sim-data_n-100_effect-2_sigma-indep_corr-0"
"subject43",0,0.025,"diablo-null","sim-data_n-100_effect-2_sigma-indep_corr-0"
"subject45",0,0.018,"diablo-null","sim-data_n-100_effect-2_sigma-indep_corr-0"
"subject46",1,0.939,"diablo-null","sim-data_n-100_effect-2_sigma-indep_corr-0"
"subject47",1,0.962,"diablo-null","sim-data_n-100_effect-2_sigma-indep_corr-0"
"subject51",0,0.067,"diablo-null","sim-data_n-100_effect-2_sigma-indep_corr-0"
"subject55",0,0.053,"diablo-null","sim-data_n-100_effect-2_sigma-indep_corr-0"
"subject59",1,0.976,"diablo-null","sim-data_n-100_effect-2_sigma-indep_corr-0"
"subject60",0,0.028,"diablo-null","sim-data_n-100_effect-2_sigma-indep_corr-0"
"subject68",1,0.927,"diablo-null","sim-data_n-100_effect-2_sigma-indep_corr-0"
"subject71",0,0.006,"diablo-null","sim-data_n-100_effect-2_sigma-indep_corr-0"
"subject72",1,0.942,"diablo-null","sim-data_n-100_effect-2_sigma-indep_corr-0"
"subject75",0,0.052,"diablo-null","sim-data_n-100_effect-2_sigma-indep_corr-0"
"subject79",0,0.018,"diablo-null","sim-data_n-100_effect-2_sigma-indep_corr-0"
"subject81",1,0.977,"diablo-null","sim-data_n-100_effect-2_sigma-indep_corr-0"
"subject82",1,0.948,"diablo-null","sim-data_n-100_effect-2_sigma-indep_corr-0"
"subject88",1,0.967,"diablo-null","sim-data_n-100_effect-2_sigma-indep_corr-0"
"subject91",1,0.917,"diablo-null","sim-data_n-100_effect-2_sigma-indep_corr-0"
"subject3",0,0.067,"diablo-null","sim-data_n-100_effect-2_sigma-def_corr-1"
"subject4",1,0.904,"diablo-null","sim-data_n-100_effect-2_sigma-def_corr-1"
"subject5",0,0.057,"diablo-null","sim-data_n-100_effect-2_sigma-def_corr-1"
"subject9",0,-0.005,"diablo-null","sim-data_n-100_effect-2_sigma-def_corr-1"
"subject11",0,0.093,"diablo-null","sim-data_n-100_effect-2_sigma-def_corr-1"
"subject13",0,0.082,"diablo-null","sim-data_n-100_effect-2_sigma-def_corr-1"
"subject15",1,0.987,"diablo-null","sim-data_n-100_effect-2_sigma-def_corr-1"
"subject16",1,0.964,"diablo-null","sim-data_n-100_effect-2_sigma-def_corr-1"
"subject18",1,0.964,"diablo-null","sim-data_n-100_effect-2_sigma-def_corr-1"
"subject26",0,0.015,"diablo-null","sim-data_n-100_effect-2_sigma-def_corr-1"
"subject28",0,0.054,"diablo-null","sim-data_n-100_effect-2_sigma-def_corr-1"
"subject30",0,0.088,"diablo-null","sim-data_n-100_effect-2_sigma-def_corr-1"
"subject32",0,0.109,"diablo-null","sim-data_n-100_effect-2_sigma-def_corr-1"
"subject37",0,-0.028,"diablo-null","sim-data_n-100_effect-2_sigma-def_corr-1"
"subject42",1,0.892,"diablo-null","sim-data_n-100_effect-2_sigma-def_corr-1"
"subject47",0,0.035,"diablo-null","sim-data_n-100_effect-2_sigma-def_corr-1"
"subject51",1,0.943,"diablo-null","sim-data_n-100_effect-2_sigma-def_corr-1"
"subject56",1,0.991,"diablo-null","sim-data_n-100_effect-2_sigma-def_corr-1"
"subject57",1,0.934,"diablo-null","sim-data_n-100_effect-2_sigma-def_corr-1"
"subject58",1,0.972,"diablo-null","sim-data_n-100_effect-2_sigma-def_corr-1"
"subject59",0,0.024,"diablo-null","sim-data_n-100_effect-2_sigma-def_corr-1"
"subject62",1,0.958,"diablo-null","sim-data_n-100_effect-2_sigma-def_corr-1"
"subject67",1,0.939,"diablo-null","sim-data_n-100_effect-2_sigma-def_corr-1"
"subject72",0,0.047,"diablo-null","sim-data_n-100_effect-2_sigma-def_corr-1"
"subject74",0,0.031,"diablo-null","sim-data_n-100_effect-2_sigma-def_corr-1"
"subject85",0,-0.002,"diablo-null","sim-data_n-100_effect-2_sigma-def_corr-1"
"subject87",1,0.943,"diablo-null","sim-data_n-100_effect-2_sigma-def_corr-1"
"subject89",0,-0.019,"diablo-null","sim-data_n-100_effect-2_sigma-def_corr-1"
"subject94",0,0.108,"diablo-null","sim-data_n-100_effect-2_sigma-def_corr-1"
"subject95",1,1.021,"diablo-null","sim-data_n-100_effect-2_sigma-def_corr-1"
"TCGA.4Z.AA7M",1,0.859,"diablo-null","tcga-blca"
"TCGA.4Z.AA7Q",1,0.686,"diablo-null","tcga-blca"
"TCGA.4Z.AA89",1,0.371,"diablo-null","tcga-blca"
"TCGA.BT.A20W",0,0.712,"diablo-null","tcga-blca"
"TCGA.BT.A3PJ",1,0.788,"diablo-null","tcga-blca"
"TCGA.BT.A3PK",0,0.828,"diablo-null","tcga-blca"
"TCGA.CU.A3KJ",1,0.742,"diablo-null","tcga-blca"
"TCGA.CU.A72E",1,0.926,"diablo-null","tcga-blca"
"TCGA.DK.A1AA",1,0.514,"diablo-null","tcga-blca"
"TCGA.DK.A1AC",1,0.765,"diablo-null","tcga-blca"
"TCGA.DK.A2HX",1,0.907,"diablo-null","tcga-blca"
"TCGA.DK.A3IQ",1,1.021,"diablo-null","tcga-blca"
"TCGA.DK.A3IU",0,0.796,"diablo-null","tcga-blca"
"TCGA.DK.A3X1",1,0.764,"diablo-null","tcga-blca"
"TCGA.DK.A3X2",1,0.605,"diablo-null","tcga-blca"
"TCGA.DK.A6B1",0,0.435,"diablo-null","tcga-blca"
"TCGA.DK.A6B2",1,0.8,"diablo-null","tcga-blca"
"TCGA.DK.A6B5",1,0.718,"diablo-null","tcga-blca"
"TCGA.DK.A6B6",0,0.166,"diablo-null","tcga-blca"
"TCGA.DK.AA6M",0,0.554,"diablo-null","tcga-blca"
"TCGA.DK.AA6S",1,0.855,"diablo-null","tcga-blca"
"TCGA.E7.A7DU",1,0.485,"diablo-null","tcga-blca"
"TCGA.E7.A7DV",1,0.793,"diablo-null","tcga-blca"
"TCGA.FD.A3B6",0,0.77,"diablo-null","tcga-blca"
"TCGA.FD.A3B7",1,0.895,"diablo-null","tcga-blca"
"TCGA.FD.A3SJ",1,0.864,"diablo-null","tcga-blca"
"TCGA.FD.A3SM",1,0.961,"diablo-null","tcga-blca"
"TCGA.FD.A3SQ",1,0.852,"diablo-null","tcga-blca"
"TCGA.FD.A3SR",1,0.809,"diablo-null","tcga-blca"
"TCGA.FD.A43Y",1,0.889,"diablo-null","tcga-blca"
"TCGA.FD.A5BT",1,0.995,"diablo-null","tcga-blca"
"TCGA.FD.A5BX",1,0.849,"diablo-null","tcga-blca"
"TCGA.FD.A5C1",1,0.933,"diablo-null","tcga-blca"
"TCGA.FD.A6TA",1,0.814,"diablo-null","tcga-blca"
"TCGA.FD.A6TD",1,0.784,"diablo-null","tcga-blca"
"TCGA.FD.A6TG",1,0.911,"diablo-null","tcga-blca"
"TCGA.FD.A6TI",1,0.655,"diablo-null","tcga-blca"
"TCGA.FJ.A3ZF",1,0.614,"diablo-null","tcga-blca"
"TCGA.FT.A61P",1,0.772,"diablo-null","tcga-blca"
"TCGA.GC.A3YS",1,0.844,"diablo-null","tcga-blca"
"TCGA.GU.AATP",1,0.759,"diablo-null","tcga-blca"
"TCGA.GV.A6ZA",0,0.53,"diablo-null","tcga-blca"
"TCGA.HQ.A5ND",1,0.701,"diablo-null","tcga-blca"
"TCGA.K4.A3WS",1,0.874,"diablo-null","tcga-blca"
"TCGA.KQ.A41N",1,0.977,"diablo-null","tcga-blca"
"TCGA.KQ.A41Q",1,0.728,"diablo-null","tcga-blca"
"TCGA.UY.A78N",1,0.778,"diablo-null","tcga-blca"
"TCGA.XF.A8HD",1,0.652,"diablo-null","tcga-blca"
"TCGA.XF.A8HE",1,0.659,"diablo-null","tcga-blca"
"TCGA.XF.A8HG",1,0.502,"diablo-null","tcga-blca"
"TCGA.XF.A9SP",1,0.985,"diablo-null","tcga-blca"
"TCGA.XF.A9T0",1,0.67,"diablo-null","tcga-blca"
"TCGA.XF.A9T3",1,0.892,"diablo-null","tcga-blca"
"TCGA.XF.AAMH",1,1.148,"diablo-null","tcga-blca"
"TCGA.XF.AAMJ",1,0.91,"diablo-null","tcga-blca"
"TCGA.XF.AAMZ",1,0.62,"diablo-null","tcga-blca"
"TCGA.XF.AAN2",0,0.489,"diablo-null","tcga-blca"
"TCGA.XF.AAN7",1,0.881,"diablo-null","tcga-blca"
"TCGA.YF.AA3M",0,0.672,"diablo-null","tcga-blca"
"TCGA.ZF.A9R2",0,0.478,"diablo-null","tcga-blca"
"TCGA.ZF.AA53",0,0.784,"diablo-null","tcga-blca"
"TCGA.2F.A9KO",1,0.708,"diablo-null","tcga-blca"
"TCGA.2F.A9KR",1,0.724,"diablo-null","tcga-blca"
"TCGA.4Z.AA7O",0,0.541,"diablo-null","tcga-blca"
"TCGA.4Z.AA7S",1,0.415,"diablo-null","tcga-blca"
"TCGA.4Z.AA7Y",0,0.406,"diablo-null","tcga-blca"
"TCGA.5N.A9KI",1,0.806,"diablo-null","tcga-blca"
"TCGA.BL.A0C8",0,0.831,"diablo-null","tcga-blca"
"TCGA.BL.A13I",1,0.859,"diablo-null","tcga-blca"
"TCGA.BL.A13J",1,0.85,"diablo-null","tcga-blca"
"TCGA.BT.A0S7",1,0.994,"diablo-null","tcga-blca"
"TCGA.BT.A20J",0,0.895,"diablo-null","tcga-blca"
"TCGA.BT.A20O",1,0.847,"diablo-null","tcga-blca"
"TCGA.BT.A20P",1,0.485,"diablo-null","tcga-blca"
"TCGA.BT.A20Q",1,0.632,"diablo-null","tcga-blca"
"TCGA.BT.A20R",1,1.076,"diablo-null","tcga-blca"
"TCGA.BT.A20U",1,0.904,"diablo-null","tcga-blca"
"TCGA.BT.A20V",1,0.782,"diablo-null","tcga-blca"
"TCGA.BT.A42E",1,0.586,"diablo-null","tcga-blca"
"TCGA.C4.A0F6",1,0.692,"diablo-null","tcga-blca"
"TCGA.CF.A1HS",1,0.76,"diablo-null","tcga-blca"
"TCGA.CF.A3MG",0,0.422,"diablo-null","tcga-blca"
"TCGA.CF.A3MH",0,0.409,"diablo-null","tcga-blca"
"TCGA.CF.A3MI",0,0.466,"diablo-null","tcga-blca"
"TCGA.CF.A47T",0,0.521,"diablo-null","tcga-blca"
"TCGA.CF.A47V",0,0.219,"diablo-null","tcga-blca"
"TCGA.CF.A47Y",0,0.428,"diablo-null","tcga-blca"
"TCGA.CF.A5U8",0,0.36,"diablo-null","tcga-blca"
"TCGA.CF.A5UA",0,0.373,"diablo-null","tcga-blca"
"TCGA.CF.A8HY",0,0.482,"diablo-null","tcga-blca"
"TCGA.CF.A9FF",0,0.536,"diablo-null","tcga-blca"
"TCGA.CF.A9FM",0,0.2,"diablo-null","tcga-blca"
"TCGA.CU.A3QU",1,0.461,"diablo-null","tcga-blca"
"TCGA.CU.A3YL",1,0.528,"diablo-null","tcga-blca"
"TCGA.CU.A5W6",1,0.726,"diablo-null","tcga-blca"
"TCGA.DK.A1A3",1,0.827,"diablo-null","tcga-blca"
"TCGA.DK.A1A6",1,0.51,"diablo-null","tcga-blca"
"TCGA.DK.A1AD",1,0.851,"diablo-null","tcga-blca"
"TCGA.DK.A1AE",1,0.805,"diablo-null","tcga-blca"
"TCGA.DK.A1AG",1,0.456,"diablo-null","tcga-blca"
"TCGA.DK.A2I2",1,0.824,"diablo-null","tcga-blca"
"TCGA.DK.A2I4",1,0.682,"diablo-null","tcga-blca"
"TCGA.DK.A3WW",1,0.48,"diablo-null","tcga-blca"
"TCGA.DK.A3WY",1,0.837,"diablo-null","tcga-blca"
"TCGA.E7.A3X6",0,0.577,"diablo-null","tcga-blca"
"TCGA.E7.A3Y1",0,0.507,"diablo-null","tcga-blca"
"TCGA.E7.A519",0,0.359,"diablo-null","tcga-blca"
"TCGA.E7.A5KE",0,0.43,"diablo-null","tcga-blca"
"TCGA.E7.A5KF",0,0.201,"diablo-null","tcga-blca"
"TCGA.E7.A677",0,0.51,"diablo-null","tcga-blca"
"TCGA.E7.A8O7",0,0.245,"diablo-null","tcga-blca"
"TCGA.E7.A8O8",0,0.479,"diablo-null","tcga-blca"
"TCGA.FD.A3B3",1,0.798,"diablo-null","tcga-blca"
"TCGA.FD.A3B4",1,0.712,"diablo-null","tcga-blca"
"TCGA.FD.A3N5",0,0.569,"diablo-null","tcga-blca"
"TCGA.FD.A3N6",0,0.74,"diablo-null","tcga-blca"
"TCGA.FD.A3SP",1,0.791,"diablo-null","tcga-blca"
"TCGA.FD.A43N",1,0.846,"diablo-null","tcga-blca"
"TCGA.FD.A43U",1,0.874,"diablo-null","tcga-blca"
"TCGA.FD.A5BV",1,0.747,"diablo-null","tcga-blca"
"TCGA.FD.A5BZ",1,0.994,"diablo-null","tcga-blca"
"TCGA.FD.A62O",1,0.552,"diablo-null","tcga-blca"
"TCGA.FD.A6TK",1,0.858,"diablo-null","tcga-blca"
"TCGA.FJ.A3ZE",1,0.333,"diablo-null","tcga-blca"
"TCGA.G2.A2EF",0,0.403,"diablo-null","tcga-blca"
"TCGA.G2.A2EK",0,0.625,"diablo-null","tcga-blca"
"TCGA.G2.A2EL",0,1.077,"diablo-null","tcga-blca"
"TCGA.G2.A3IB",0,0.498,"diablo-null","tcga-blca"
"TCGA.G2.A3IE",0,0.355,"diablo-null","tcga-blca"
"TCGA.G2.AA3B",0,0.368,"diablo-null","tcga-blca"
"TCGA.GC.A3I6",1,0.594,"diablo-null","tcga-blca"
"TCGA.GD.A2C5",1,0.743,"diablo-null","tcga-blca"
"TCGA.GD.A3OQ",1,0.479,"diablo-null","tcga-blca"
"TCGA.GD.A3OS",0,0.892,"diablo-null","tcga-blca"
"TCGA.GD.A6C6",1,0.605,"diablo-null","tcga-blca"
"TCGA.GU.A764",0,0.922,"diablo-null","tcga-blca"
"TCGA.GU.A766",0,0.607,"diablo-null","tcga-blca"
"TCGA.GV.A3QI",1,0.537,"diablo-null","tcga-blca"
"TCGA.H4.A2HO",1,0.77,"diablo-null","tcga-blca"
"TCGA.K4.A3WV",0,0.959,"diablo-null","tcga-blca"
"TCGA.K4.A6FZ",1,0.489,"diablo-null","tcga-blca"
"TCGA.K4.A6MB",1,0.791,"diablo-null","tcga-blca"
"TCGA.K4.AAQO",1,0.785,"diablo-null","tcga-blca"
"TCGA.KQ.A41S",1,0.847,"diablo-null","tcga-blca"
"TCGA.LC.A66R",1,0.591,"diablo-null","tcga-blca"
"TCGA.LT.A8JT",0,0.34,"diablo-null","tcga-blca"
"TCGA.UY.A78L",1,0.89,"diablo-null","tcga-blca"
"TCGA.UY.A78M",1,0.802,"diablo-null","tcga-blca"
"TCGA.UY.A78O",0,0.666,"diablo-null","tcga-blca"
"TCGA.UY.A9PD",1,0.955,"diablo-null","tcga-blca"
"TCGA.XF.A8HC",1,0.441,"diablo-null","tcga-blca"
"TCGA.XF.A8HI",1,0.418,"diablo-null","tcga-blca"
"TCGA.XF.A9SH",0,0.564,"diablo-null","tcga-blca"
"TCGA.XF.A9SI",0,0.825,"diablo-null","tcga-blca"
"TCGA.XF.A9SL",1,0.945,"diablo-null","tcga-blca"
"TCGA.XF.A9SZ",1,0.912,"diablo-null","tcga-blca"
"TCGA.XF.AAME",0,0.915,"diablo-null","tcga-blca"
"TCGA.XF.AAMG",1,0.866,"diablo-null","tcga-blca"
"TCGA.XF.AAMT",1,0.918,"diablo-null","tcga-blca"
"TCGA.YC.A89H",0,0.556,"diablo-null","tcga-blca"
"TCGA.YC.A9TC",1,0.907,"diablo-null","tcga-blca"
"TCGA.ZF.A9R1",1,0.811,"diablo-null","tcga-blca"
"TCGA.ZF.A9RD",1,0.703,"diablo-null","tcga-blca"
"TCGA.ZF.AA4V",1,0.737,"diablo-null","tcga-blca"
"TCGA.ZF.AA4W",1,0.636,"diablo-null","tcga-blca"
"TCGA.ZF.AA52",1,0.931,"diablo-null","tcga-blca"
"TCGA.ZF.AA54",1,0.758,"diablo-null","tcga-blca"
"TCGA.GU.AATO",1,0.852,"diablo-null","tcga-blca"
"subject3",0,-0.04,"diablo-null","sim-data_n-500_effect-2_sigma-def_corr-0.5"
"subject11",1,1.043,"diablo-null","sim-data_n-500_effect-2_sigma-def_corr-0.5"
"subject12",0,0.064,"diablo-null","sim-data_n-500_effect-2_sigma-def_corr-0.5"
"subject13",0,-0.011,"diablo-null","sim-data_n-500_effect-2_sigma-def_corr-0.5"
"subject16",0,0.009,"diablo-null","sim-data_n-500_effect-2_sigma-def_corr-0.5"
"subject18",0,-0.028,"diablo-null","sim-data_n-500_effect-2_sigma-def_corr-0.5"
"subject19",0,0.029,"diablo-null","sim-data_n-500_effect-2_sigma-def_corr-0.5"
"subject20",1,1.018,"diablo-null","sim-data_n-500_effect-2_sigma-def_corr-0.5"
"subject24",0,-0.025,"diablo-null","sim-data_n-500_effect-2_sigma-def_corr-0.5"
"subject26",1,1.029,"diablo-null","sim-data_n-500_effect-2_sigma-def_corr-0.5"
"subject42",0,0.064,"diablo-null","sim-data_n-500_effect-2_sigma-def_corr-0.5"
"subject46",1,0.945,"diablo-null","sim-data_n-500_effect-2_sigma-def_corr-0.5"
"subject49",1,1.013,"diablo-null","sim-data_n-500_effect-2_sigma-def_corr-0.5"
"subject55",0,0.055,"diablo-null","sim-data_n-500_effect-2_sigma-def_corr-0.5"
"subject58",1,1.083,"diablo-null","sim-data_n-500_effect-2_sigma-def_corr-0.5"
"subject59",1,0.98,"diablo-null","sim-data_n-500_effect-2_sigma-def_corr-0.5"
"subject61",1,0.985,"diablo-null","sim-data_n-500_effect-2_sigma-def_corr-0.5"
"subject63",1,1.086,"diablo-null","sim-data_n-500_effect-2_sigma-def_corr-0.5"
"subject64",1,1.025,"diablo-null","sim-data_n-500_effect-2_sigma-def_corr-0.5"
"subject65",1,1.03,"diablo-null","sim-data_n-500_effect-2_sigma-def_corr-0.5"
"subject66",0,0.009,"diablo-null","sim-data_n-500_effect-2_sigma-def_corr-0.5"
"subject70",0,0.06,"diablo-null","sim-data_n-500_effect-2_sigma-def_corr-0.5"
"subject71",1,0.978,"diablo-null","sim-data_n-500_effect-2_sigma-def_corr-0.5"
"subject73",0,-0.034,"diablo-null","sim-data_n-500_effect-2_sigma-def_corr-0.5"
"subject77",1,0.984,"diablo-null","sim-data_n-500_effect-2_sigma-def_corr-0.5"
"subject86",0,0.016,"diablo-null","sim-data_n-500_effect-2_sigma-def_corr-0.5"
"subject89",1,1.037,"diablo-null","sim-data_n-500_effect-2_sigma-def_corr-0.5"
"subject94",0,-0.014,"diablo-null","sim-data_n-500_effect-2_sigma-def_corr-0.5"
"subject95",0,0.077,"diablo-null","sim-data_n-500_effect-2_sigma-def_corr-0.5"
"subject99",0,0.025,"diablo-null","sim-data_n-500_effect-2_sigma-def_corr-0.5"
"subject104",1,1.011,"diablo-null","sim-data_n-500_effect-2_sigma-def_corr-0.5"
"subject107",1,0.951,"diablo-null","sim-data_n-500_effect-2_sigma-def_corr-0.5"
"subject108",0,0.04,"diablo-null","sim-data_n-500_effect-2_sigma-def_corr-0.5"
"subject112",0,-0.009,"diablo-null","sim-data_n-500_effect-2_sigma-def_corr-0.5"
"subject116",0,-0.006,"diablo-null","sim-data_n-500_effect-2_sigma-def_corr-0.5"
"subject123",0,0.075,"diablo-null","sim-data_n-500_effect-2_sigma-def_corr-0.5"
"subject130",1,0.913,"diablo-null","sim-data_n-500_effect-2_sigma-def_corr-0.5"
"subject135",1,0.991,"diablo-null","sim-data_n-500_effect-2_sigma-def_corr-0.5"
"subject138",0,0.024,"diablo-null","sim-data_n-500_effect-2_sigma-def_corr-0.5"
"subject139",1,0.944,"diablo-null","sim-data_n-500_effect-2_sigma-def_corr-0.5"
"subject144",1,0.966,"diablo-null","sim-data_n-500_effect-2_sigma-def_corr-0.5"
"subject154",1,1.033,"diablo-null","sim-data_n-500_effect-2_sigma-def_corr-0.5"
"subject155",1,1.074,"diablo-null","sim-data_n-500_effect-2_sigma-def_corr-0.5"
"subject156",0,-0.011,"diablo-null","sim-data_n-500_effect-2_sigma-def_corr-0.5"
"subject161",0,-0.041,"diablo-null","sim-data_n-500_effect-2_sigma-def_corr-0.5"
"subject168",0,0.013,"diablo-null","sim-data_n-500_effect-2_sigma-def_corr-0.5"
"subject171",1,1.094,"diablo-null","sim-data_n-500_effect-2_sigma-def_corr-0.5"
"subject176",0,0.009,"diablo-null","sim-data_n-500_effect-2_sigma-def_corr-0.5"
"subject180",0,0.041,"diablo-null","sim-data_n-500_effect-2_sigma-def_corr-0.5"
"subject182",1,0.944,"diablo-null","sim-data_n-500_effect-2_sigma-def_corr-0.5"
"subject183",1,1.018,"diablo-null","sim-data_n-500_effect-2_sigma-def_corr-0.5"
"subject186",0,0.034,"diablo-null","sim-data_n-500_effect-2_sigma-def_corr-0.5"
"subject190",0,0.083,"diablo-null","sim-data_n-500_effect-2_sigma-def_corr-0.5"
"subject191",0,0.013,"diablo-null","sim-data_n-500_effect-2_sigma-def_corr-0.5"
"subject197",1,0.968,"diablo-null","sim-data_n-500_effect-2_sigma-def_corr-0.5"
"subject198",0,0.059,"diablo-null","sim-data_n-500_effect-2_sigma-def_corr-0.5"
"subject200",0,0.077,"diablo-null","sim-data_n-500_effect-2_sigma-def_corr-0.5"
"subject201",0,0.028,"diablo-null","sim-data_n-500_effect-2_sigma-def_corr-0.5"
"subject206",0,-0.012,"diablo-null","sim-data_n-500_effect-2_sigma-def_corr-0.5"
"subject207",0,0.058,"diablo-null","sim-data_n-500_effect-2_sigma-def_corr-0.5"
"subject208",0,0.04,"diablo-null","sim-data_n-500_effect-2_sigma-def_corr-0.5"
"subject211",0,0.02,"diablo-null","sim-data_n-500_effect-2_sigma-def_corr-0.5"
"subject212",0,0.036,"diablo-null","sim-data_n-500_effect-2_sigma-def_corr-0.5"
"subject216",1,0.991,"diablo-null","sim-data_n-500_effect-2_sigma-def_corr-0.5"
"subject217",1,0.953,"diablo-null","sim-data_n-500_effect-2_sigma-def_corr-0.5"
"subject227",0,0.091,"diablo-null","sim-data_n-500_effect-2_sigma-def_corr-0.5"
"subject228",0,-0.01,"diablo-null","sim-data_n-500_effect-2_sigma-def_corr-0.5"
"subject230",1,1.015,"diablo-null","sim-data_n-500_effect-2_sigma-def_corr-0.5"
"subject235",1,0.967,"diablo-null","sim-data_n-500_effect-2_sigma-def_corr-0.5"
"subject239",1,1.041,"diablo-null","sim-data_n-500_effect-2_sigma-def_corr-0.5"
"subject241",1,0.953,"diablo-null","sim-data_n-500_effect-2_sigma-def_corr-0.5"
"subject244",1,0.935,"diablo-null","sim-data_n-500_effect-2_sigma-def_corr-0.5"
"subject248",0,0.03,"diablo-null","sim-data_n-500_effect-2_sigma-def_corr-0.5"
"subject249",1,1.059,"diablo-null","sim-data_n-500_effect-2_sigma-def_corr-0.5"
"subject250",0,-0.071,"diablo-null","sim-data_n-500_effect-2_sigma-def_corr-0.5"
"subject252",0,-0.113,"diablo-null","sim-data_n-500_effect-2_sigma-def_corr-0.5"
"subject253",0,0.051,"diablo-null","sim-data_n-500_effect-2_sigma-def_corr-0.5"
"subject257",1,1.071,"diablo-null","sim-data_n-500_effect-2_sigma-def_corr-0.5"
"subject259",0,0.013,"diablo-null","sim-data_n-500_effect-2_sigma-def_corr-0.5"
"subject261",0,-0.004,"diablo-null","sim-data_n-500_effect-2_sigma-def_corr-0.5"
"subject262",0,-0.004,"diablo-null","sim-data_n-500_effect-2_sigma-def_corr-0.5"
"subject265",0,0.004,"diablo-null","sim-data_n-500_effect-2_sigma-def_corr-0.5"
"subject274",0,0.078,"diablo-null","sim-data_n-500_effect-2_sigma-def_corr-0.5"
"subject278",1,1.007,"diablo-null","sim-data_n-500_effect-2_sigma-def_corr-0.5"
"subject283",0,0.077,"diablo-null","sim-data_n-500_effect-2_sigma-def_corr-0.5"
"subject285",0,-0.067,"diablo-null","sim-data_n-500_effect-2_sigma-def_corr-0.5"
"subject296",0,0.041,"diablo-null","sim-data_n-500_effect-2_sigma-def_corr-0.5"
"subject297",1,1.027,"diablo-null","sim-data_n-500_effect-2_sigma-def_corr-0.5"
"subject300",0,-0.032,"diablo-null","sim-data_n-500_effect-2_sigma-def_corr-0.5"
"subject303",0,-0.027,"diablo-null","sim-data_n-500_effect-2_sigma-def_corr-0.5"
"subject311",0,-0.05,"diablo-null","sim-data_n-500_effect-2_sigma-def_corr-0.5"
"subject312",1,0.967,"diablo-null","sim-data_n-500_effect-2_sigma-def_corr-0.5"
"subject321",1,1.062,"diablo-null","sim-data_n-500_effect-2_sigma-def_corr-0.5"
"subject322",0,0.019,"diablo-null","sim-data_n-500_effect-2_sigma-def_corr-0.5"
"subject326",1,0.981,"diablo-null","sim-data_n-500_effect-2_sigma-def_corr-0.5"
"subject330",1,1.014,"diablo-null","sim-data_n-500_effect-2_sigma-def_corr-0.5"
"subject339",0,-0.05,"diablo-null","sim-data_n-500_effect-2_sigma-def_corr-0.5"
"subject341",1,0.964,"diablo-null","sim-data_n-500_effect-2_sigma-def_corr-0.5"
"subject343",1,1.005,"diablo-null","sim-data_n-500_effect-2_sigma-def_corr-0.5"
"subject346",0,-0.051,"diablo-null","sim-data_n-500_effect-2_sigma-def_corr-0.5"
"subject348",0,0.034,"diablo-null","sim-data_n-500_effect-2_sigma-def_corr-0.5"
"subject349",0,0.066,"diablo-null","sim-data_n-500_effect-2_sigma-def_corr-0.5"
"subject354",0,-0.017,"diablo-null","sim-data_n-500_effect-2_sigma-def_corr-0.5"
"subject355",1,1.01,"diablo-null","sim-data_n-500_effect-2_sigma-def_corr-0.5"
"subject356",1,0.99,"diablo-null","sim-data_n-500_effect-2_sigma-def_corr-0.5"
"subject357",1,1.069,"diablo-null","sim-data_n-500_effect-2_sigma-def_corr-0.5"
"subject358",0,-0.089,"diablo-null","sim-data_n-500_effect-2_sigma-def_corr-0.5"
"subject361",1,0.96,"diablo-null","sim-data_n-500_effect-2_sigma-def_corr-0.5"
"subject368",0,0.043,"diablo-null","sim-data_n-500_effect-2_sigma-def_corr-0.5"
"subject369",1,0.988,"diablo-null","sim-data_n-500_effect-2_sigma-def_corr-0.5"
"subject371",0,-0.08,"diablo-null","sim-data_n-500_effect-2_sigma-def_corr-0.5"
"subject378",1,0.98,"diablo-null","sim-data_n-500_effect-2_sigma-def_corr-0.5"
"subject381",0,-0.003,"diablo-null","sim-data_n-500_effect-2_sigma-def_corr-0.5"
"subject382",0,0.062,"diablo-null","sim-data_n-500_effect-2_sigma-def_corr-0.5"
"subject383",0,-0.015,"diablo-null","sim-data_n-500_effect-2_sigma-def_corr-0.5"
"subject388",0,0.009,"diablo-null","sim-data_n-500_effect-2_sigma-def_corr-0.5"
"subject394",1,1.008,"diablo-null","sim-data_n-500_effect-2_sigma-def_corr-0.5"
"subject398",1,0.978,"diablo-null","sim-data_n-500_effect-2_sigma-def_corr-0.5"
"subject402",0,-0.009,"diablo-null","sim-data_n-500_effect-2_sigma-def_corr-0.5"
"subject407",0,-0.015,"diablo-null","sim-data_n-500_effect-2_sigma-def_corr-0.5"
"subject409",0,0.042,"diablo-null","sim-data_n-500_effect-2_sigma-def_corr-0.5"
"subject414",0,0.047,"diablo-null","sim-data_n-500_effect-2_sigma-def_corr-0.5"
"subject416",0,0.031,"diablo-null","sim-data_n-500_effect-2_sigma-def_corr-0.5"
"subject425",0,-0.016,"diablo-null","sim-data_n-500_effect-2_sigma-def_corr-0.5"
"subject427",0,0.026,"diablo-null","sim-data_n-500_effect-2_sigma-def_corr-0.5"
"subject435",0,-0.046,"diablo-null","sim-data_n-500_effect-2_sigma-def_corr-0.5"
"subject441",1,0.993,"diablo-null","sim-data_n-500_effect-2_sigma-def_corr-0.5"
"subject443",1,1.008,"diablo-null","sim-data_n-500_effect-2_sigma-def_corr-0.5"
"subject446",1,1.019,"diablo-null","sim-data_n-500_effect-2_sigma-def_corr-0.5"
"subject448",1,1.018,"diablo-null","sim-data_n-500_effect-2_sigma-def_corr-0.5"
"subject451",0,0.035,"diablo-null","sim-data_n-500_effect-2_sigma-def_corr-0.5"
"subject452",1,1.029,"diablo-null","sim-data_n-500_effect-2_sigma-def_corr-0.5"
"subject454",1,0.947,"diablo-null","sim-data_n-500_effect-2_sigma-def_corr-0.5"
"subject455",0,-0.078,"diablo-null","sim-data_n-500_effect-2_sigma-def_corr-0.5"
"subject459",1,1.022,"diablo-null","sim-data_n-500_effect-2_sigma-def_corr-0.5"
"subject463",1,1.005,"diablo-null","sim-data_n-500_effect-2_sigma-def_corr-0.5"
"subject465",1,1.07,"diablo-null","sim-data_n-500_effect-2_sigma-def_corr-0.5"
"subject470",0,0.011,"diablo-null","sim-data_n-500_effect-2_sigma-def_corr-0.5"
"subject472",0,0.084,"diablo-null","sim-data_n-500_effect-2_sigma-def_corr-0.5"
"subject473",0,0.011,"diablo-null","sim-data_n-500_effect-2_sigma-def_corr-0.5"
"subject474",1,1.014,"diablo-null","sim-data_n-500_effect-2_sigma-def_corr-0.5"
"subject478",1,0.914,"diablo-null","sim-data_n-500_effect-2_sigma-def_corr-0.5"
"subject480",1,0.962,"diablo-null","sim-data_n-500_effect-2_sigma-def_corr-0.5"
"subject482",0,0.006,"diablo-null","sim-data_n-500_effect-2_sigma-def_corr-0.5"
"subject484",1,0.988,"diablo-null","sim-data_n-500_effect-2_sigma-def_corr-0.5"
"subject489",0,0.056,"diablo-null","sim-data_n-500_effect-2_sigma-def_corr-0.5"
"subject492",0,0.035,"diablo-null","sim-data_n-500_effect-2_sigma-def_corr-0.5"
"subject496",1,0.975,"diablo-null","sim-data_n-500_effect-2_sigma-def_corr-0.5"
"subject497",1,1.006,"diablo-null","sim-data_n-500_effect-2_sigma-def_corr-0.5"
"subject499",1,1.005,"diablo-null","sim-data_n-500_effect-2_sigma-def_corr-0.5"
"subject3",1,0.908,"diablo-null","sim-data_n-50_effect-2_sigma-def_corr-0.5"
"subject4",1,0.934,"diablo-null","sim-data_n-50_effect-2_sigma-def_corr-0.5"
"subject5",0,0.033,"diablo-null","sim-data_n-50_effect-2_sigma-def_corr-0.5"
"subject16",1,0.902,"diablo-null","sim-data_n-50_effect-2_sigma-def_corr-0.5"
"subject17",0,0.047,"diablo-null","sim-data_n-50_effect-2_sigma-def_corr-0.5"
"subject18",0,0.089,"diablo-null","sim-data_n-50_effect-2_sigma-def_corr-0.5"
"subject26",1,0.909,"diablo-null","sim-data_n-50_effect-2_sigma-def_corr-0.5"
"subject32",1,0.9,"diablo-null","sim-data_n-50_effect-2_sigma-def_corr-0.5"
"subject33",0,0.081,"diablo-null","sim-data_n-50_effect-2_sigma-def_corr-0.5"
"subject36",1,0.996,"diablo-null","sim-data_n-50_effect-2_sigma-def_corr-0.5"
"subject38",1,1.029,"diablo-null","sim-data_n-50_effect-2_sigma-def_corr-0.5"
"subject40",1,0.905,"diablo-null","sim-data_n-50_effect-2_sigma-def_corr-0.5"
"subject43",0,0.041,"diablo-null","sim-data_n-50_effect-2_sigma-def_corr-0.5"
"subject46",0,0.059,"diablo-null","sim-data_n-50_effect-2_sigma-def_corr-0.5"
"subject50",1,0.888,"diablo-null","sim-data_n-50_effect-2_sigma-def_corr-0.5"
"TCGA.BJ.A290",1,0.338,"diablo-null","tcga-thca"
"TCGA.BJ.A291",0,0.316,"diablo-null","tcga-thca"
"TCGA.CE.A13K",0,0.415,"diablo-null","tcga-thca"
"TCGA.E3.A3E5",1,0.309,"diablo-null","tcga-thca"
"TCGA.EL.A3CS",1,0.555,"diablo-null","tcga-thca"
"TCGA.EL.A3CY",0,0.059,"diablo-null","tcga-thca"
"TCGA.EL.A3D0",1,0.39,"diablo-null","tcga-thca"
"TCGA.EL.A3GQ",0,0.286,"diablo-null","tcga-thca"
"TCGA.BJ.A0Z3",0,0.201,"diablo-null","tcga-thca"
"TCGA.BJ.A0Z9",1,0.52,"diablo-null","tcga-thca"
"TCGA.BJ.A0ZA",0,0.367,"diablo-null","tcga-thca"
"TCGA.BJ.A0ZB",1,0.731,"diablo-null","tcga-thca"
"TCGA.BJ.A0ZC",0,0.208,"diablo-null","tcga-thca"
"TCGA.BJ.A0ZG",0,0.132,"diablo-null","tcga-thca"
"TCGA.BJ.A0ZJ",0,0.212,"diablo-null","tcga-thca"
"TCGA.BJ.A3EZ",1,0.579,"diablo-null","tcga-thca"
"TCGA.BJ.A3F0",0,0.254,"diablo-null","tcga-thca"
"TCGA.CE.A3MD",0,0.161,"diablo-null","tcga-thca"
"TCGA.CE.A3ME",0,0.299,"diablo-null","tcga-thca"
"TCGA.DE.A0Y2",0,0.518,"diablo-null","tcga-thca"
"TCGA.DE.A3KN",1,0.303,"diablo-null","tcga-thca"
"TCGA.DJ.A13R",1,0.136,"diablo-null","tcga-thca"
"TCGA.DJ.A13S",0,0.538,"diablo-null","tcga-thca"
"TCGA.DJ.A1QF",0,0.477,"diablo-null","tcga-thca"
"TCGA.DJ.A1QI",0,0.375,"diablo-null","tcga-thca"
"TCGA.DJ.A1QM",0,0.312,"diablo-null","tcga-thca"
"TCGA.DJ.A1QN",0,0.305,"diablo-null","tcga-thca"
"TCGA.DJ.A2PN",0,0.383,"diablo-null","tcga-thca"
"TCGA.DJ.A2PO",0,0.409,"diablo-null","tcga-thca"
"TCGA.DJ.A2PS",0,0.321,"diablo-null","tcga-thca"
"TCGA.DJ.A2PU",0,0.405,"diablo-null","tcga-thca"
"TCGA.DJ.A2PV",0,0.379,"diablo-null","tcga-thca"
"TCGA.DJ.A2Q2",1,0.184,"diablo-null","tcga-thca"
"TCGA.DJ.A2Q4",1,0.322,"diablo-null","tcga-thca"
"TCGA.DJ.A2Q5",1,0.206,"diablo-null","tcga-thca"
"TCGA.DJ.A2Q7",1,0.379,"diablo-null","tcga-thca"
"TCGA.DJ.A2QA",1,0.311,"diablo-null","tcga-thca"
"TCGA.DJ.A2QC",0,0.352,"diablo-null","tcga-thca"
"TCGA.DO.A1JZ",0,0.201,"diablo-null","tcga-thca"
"TCGA.DO.A1K0",0,0.499,"diablo-null","tcga-thca"
"TCGA.E3.A3DY",0,0.36,"diablo-null","tcga-thca"
"TCGA.E3.A3DZ",1,0.08,"diablo-null","tcga-thca"
"TCGA.E3.A3E0",0,0.232,"diablo-null","tcga-thca"
"TCGA.E3.A3E1",0,0.399,"diablo-null","tcga-thca"
"TCGA.E3.A3E3",0,0.433,"diablo-null","tcga-thca"
"TCGA.EL.A3CL",0,0.441,"diablo-null","tcga-thca"
"TCGA.EL.A3CN",0,0.278,"diablo-null","tcga-thca"
"TCGA.EL.A3CO",1,0.093,"diablo-null","tcga-thca"
"TCGA.EL.A3CT",1,0.632,"diablo-null","tcga-thca"
"TCGA.EL.A3CU",1,0.542,"diablo-null","tcga-thca"
"TCGA.EL.A3CW",1,0.064,"diablo-null","tcga-thca"
"TCGA.EL.A3CZ",0,0.239,"diablo-null","tcga-thca"
"TCGA.EL.A3D1",0,0.295,"diablo-null","tcga-thca"
"TCGA.EL.A3D4",1,0.249,"diablo-null","tcga-thca"
"TCGA.EL.A3GP",1,0.269,"diablo-null","tcga-thca"
"TCGA.EL.A3GU",1,0.659,"diablo-null","tcga-thca"
"TCGA.EL.A3GY",0,0.368,"diablo-null","tcga-thca"
"TCGA.EL.A3GZ",0,0.145,"diablo-null","tcga-thca"
"TCGA.EL.A3H1",0,0.236,"diablo-null","tcga-thca"
"TCGA.EL.A3H5",1,0.489,"diablo-null","tcga-thca"
"TCGA.EL.A3MW",0,0.312,"diablo-null","tcga-thca"
"TCGA.EL.A3MX",1,0.411,"diablo-null","tcga-thca"
"TCGA.EL.A3MZ",1,0.718,"diablo-null","tcga-thca"
"TCGA.EL.A3N2",0,0.414,"diablo-null","tcga-thca"
"TCGA.EM.A1CV",0,0.413,"diablo-null","tcga-thca"
"TCGA.EM.A1YA",0,0.307,"diablo-null","tcga-thca"
"TCGA.EM.A1YC",1,0.256,"diablo-null","tcga-thca"
"TCGA.EM.A1YD",0,0.06,"diablo-null","tcga-thca"
"TCGA.EM.A22I",1,0.627,"diablo-null","tcga-thca"
"TCGA.EM.A22L",0,0.313,"diablo-null","tcga-thca"
"TCGA.EM.A22Q",0,0.113,"diablo-null","tcga-thca"
"TCGA.EM.A2CN",1,0.236,"diablo-null","tcga-thca"
"TCGA.EM.A2CO",0,0.327,"diablo-null","tcga-thca"
"TCGA.EM.A2OV",0,0.301,"diablo-null","tcga-thca"
"TCGA.EM.A2OY",0,0.239,"diablo-null","tcga-thca"
"TCGA.EM.A2P1",0,0.156,"diablo-null","tcga-thca"
"TCGA.EM.A3AJ",0,0.108,"diablo-null","tcga-thca"
"TCGA.EM.A3AL",0,0.068,"diablo-null","tcga-thca"
"TCGA.EM.A3AO",1,0.142,"diablo-null","tcga-thca"
"TCGA.EM.A3AP",0,0.204,"diablo-null","tcga-thca"
"TCGA.EM.A3FL",0,0.232,"diablo-null","tcga-thca"
"TCGA.EM.A3FP",0,0.222,"diablo-null","tcga-thca"
"TCGA.ET.A25L",1,0.714,"diablo-null","tcga-thca"
"TCGA.ET.A25M",0,0.599,"diablo-null","tcga-thca"
"TCGA.ET.A25O",0,0.634,"diablo-null","tcga-thca"
"TCGA.ET.A2MY",0,0.805,"diablo-null","tcga-thca"
"TCGA.ET.A2MZ",0,0.32,"diablo-null","tcga-thca"
"TCGA.ET.A2N0",1,0.363,"diablo-null","tcga-thca"
"TCGA.ET.A2N4",1,0.381,"diablo-null","tcga-thca"
"TCGA.ET.A39I",0,0.483,"diablo-null","tcga-thca"
"TCGA.ET.A39N",0,0.07,"diablo-null","tcga-thca"
"TCGA.ET.A39T",1,0.488,"diablo-null","tcga-thca"
"TCGA.ET.A3BN",0,0.411,"diablo-null","tcga-thca"
"TCGA.ET.A3BP",0,0.476,"diablo-null","tcga-thca"
"TCGA.ET.A3BW",0,0.314,"diablo-null","tcga-thca"
"TCGA.ET.A3DO",0,0.233,"diablo-null","tcga-thca"
"TCGA.ET.A3DP",0,0.295,"diablo-null","tcga-thca"
"TCGA.ET.A3DT",0,0.104,"diablo-null","tcga-thca"
"TCGA.ET.A3DV",0,0.129,"diablo-null","tcga-thca"
"TCGA.FE.A231",1,0.761,"diablo-null","tcga-thca"
"TCGA.FE.A234",0,0.488,"diablo-null","tcga-thca"
"TCGA.FE.A235",0,0.277,"diablo-null","tcga-thca"
"TCGA.FE.A236",0,0.393,"diablo-null","tcga-thca"
"TCGA.FE.A239",1,0.137,"diablo-null","tcga-thca"
"TCGA.FY.A3ON",0,0.141,"diablo-null","tcga-thca"
"TCGA.H2.A2K9",0,0.841,"diablo-null","tcga-thca"
"TCGA.IM.A3EB",0,0.376,"diablo-null","tcga-thca"
"TCGA.IM.A3ED",0,0.208,"diablo-null","tcga-thca"
"TCGA.J8.A3O0",0,0.2,"diablo-null","tcga-thca"
"subject3",0,0.012,"diablo-null","sim-data_n-100_effect-2_sigma-indep_corr-1"
"subject4",0,0.052,"diablo-null","sim-data_n-100_effect-2_sigma-indep_corr-1"
"subject5",1,0.969,"diablo-null","sim-data_n-100_effect-2_sigma-indep_corr-1"
"subject9",1,0.924,"diablo-null","sim-data_n-100_effect-2_sigma-indep_corr-1"
"subject16",1,0.938,"diablo-null","sim-data_n-100_effect-2_sigma-indep_corr-1"
"subject19",0,0.016,"diablo-null","sim-data_n-100_effect-2_sigma-indep_corr-1"
"subject22",1,0.955,"diablo-null","sim-data_n-100_effect-2_sigma-indep_corr-1"
"subject23",1,0.931,"diablo-null","sim-data_n-100_effect-2_sigma-indep_corr-1"
"subject26",0,0.03,"diablo-null","sim-data_n-100_effect-2_sigma-indep_corr-1"
"subject34",1,0.986,"diablo-null","sim-data_n-100_effect-2_sigma-indep_corr-1"
"subject37",1,0.946,"diablo-null","sim-data_n-100_effect-2_sigma-indep_corr-1"
"subject38",0,0.017,"diablo-null","sim-data_n-100_effect-2_sigma-indep_corr-1"
"subject41",0,0.041,"diablo-null","sim-data_n-100_effect-2_sigma-indep_corr-1"
"subject45",0,0.049,"diablo-null","sim-data_n-100_effect-2_sigma-indep_corr-1"
"subject50",0,0.017,"diablo-null","sim-data_n-100_effect-2_sigma-indep_corr-1"
"subject53",0,0.039,"diablo-null","sim-data_n-100_effect-2_sigma-indep_corr-1"
"subject54",1,0.915,"diablo-null","sim-data_n-100_effect-2_sigma-indep_corr-1"
"subject67",1,0.974,"diablo-null","sim-data_n-100_effect-2_sigma-indep_corr-1"
"subject68",0,0.015,"diablo-null","sim-data_n-100_effect-2_sigma-indep_corr-1"
"subject71",1,0.925,"diablo-null","sim-data_n-100_effect-2_sigma-indep_corr-1"
"subject72",0,0.038,"diablo-null","sim-data_n-100_effect-2_sigma-indep_corr-1"
"subject74",0,0.033,"diablo-null","sim-data_n-100_effect-2_sigma-indep_corr-1"
"subject76",1,0.959,"diablo-null","sim-data_n-100_effect-2_sigma-indep_corr-1"
"subject81",1,0.907,"diablo-null","sim-data_n-100_effect-2_sigma-indep_corr-1"
"subject85",1,0.937,"diablo-null","sim-data_n-100_effect-2_sigma-indep_corr-1"
"subject89",0,-0.014,"diablo-null","sim-data_n-100_effect-2_sigma-indep_corr-1"
"subject91",1,0.941,"diablo-null","sim-data_n-100_effect-2_sigma-indep_corr-1"
"subject92",0,-0.003,"diablo-null","sim-data_n-100_effect-2_sigma-indep_corr-1"
"subject99",1,0.953,"diablo-null","sim-data_n-100_effect-2_sigma-indep_corr-1"
"subject100",1,0.966,"diablo-null","sim-data_n-100_effect-2_sigma-indep_corr-1"
"subject5",0,0.083,"diablo-null","sim-data_n-50_effect-2_sigma-def_corr-0"
"subject7",1,0.966,"diablo-null","sim-data_n-50_effect-2_sigma-def_corr-0"
"subject13",0,0.098,"diablo-null","sim-data_n-50_effect-2_sigma-def_corr-0"
"subject22",1,0.923,"diablo-null","sim-data_n-50_effect-2_sigma-def_corr-0"
"subject23",1,0.92,"diablo-null","sim-data_n-50_effect-2_sigma-def_corr-0"
"subject24",1,0.908,"diablo-null","sim-data_n-50_effect-2_sigma-def_corr-0"
"subject26",0,-0.003,"diablo-null","sim-data_n-50_effect-2_sigma-def_corr-0"
"subject31",1,0.863,"diablo-null","sim-data_n-50_effect-2_sigma-def_corr-0"
"subject32",0,0.072,"diablo-null","sim-data_n-50_effect-2_sigma-def_corr-0"
"subject36",1,0.899,"diablo-null","sim-data_n-50_effect-2_sigma-def_corr-0"
"subject38",1,0.903,"diablo-null","sim-data_n-50_effect-2_sigma-def_corr-0"
"subject40",1,0.978,"diablo-null","sim-data_n-50_effect-2_sigma-def_corr-0"
"subject44",0,0.109,"diablo-null","sim-data_n-50_effect-2_sigma-def_corr-0"
"subject47",0,0.089,"diablo-null","sim-data_n-50_effect-2_sigma-def_corr-0"
"subject49",1,0.978,"diablo-null","sim-data_n-50_effect-2_sigma-def_corr-0"
"subject1",1,0.974,"diablo-null","sim-data_n-100_effect-2_sigma-indep_corr-1"
"subject6",0,0.058,"diablo-null","sim-data_n-100_effect-2_sigma-indep_corr-1"
"subject7",1,0.957,"diablo-null","sim-data_n-100_effect-2_sigma-indep_corr-1"
"subject14",1,0.945,"diablo-null","sim-data_n-100_effect-2_sigma-indep_corr-1"
"subject21",1,0.97,"diablo-null","sim-data_n-100_effect-2_sigma-indep_corr-1"
"subject25",1,1,"diablo-null","sim-data_n-100_effect-2_sigma-indep_corr-1"
"subject28",0,0.023,"diablo-null","sim-data_n-100_effect-2_sigma-indep_corr-1"
"subject29",1,0.988,"diablo-null","sim-data_n-100_effect-2_sigma-indep_corr-1"
"subject30",0,0.048,"diablo-null","sim-data_n-100_effect-2_sigma-indep_corr-1"
"subject32",0,0.049,"diablo-null","sim-data_n-100_effect-2_sigma-indep_corr-1"
"subject35",0,0.043,"diablo-null","sim-data_n-100_effect-2_sigma-indep_corr-1"
"subject39",1,0.98,"diablo-null","sim-data_n-100_effect-2_sigma-indep_corr-1"
"subject43",0,0.035,"diablo-null","sim-data_n-100_effect-2_sigma-indep_corr-1"
"subject44",1,0.962,"diablo-null","sim-data_n-100_effect-2_sigma-indep_corr-1"
"subject46",1,1.018,"diablo-null","sim-data_n-100_effect-2_sigma-indep_corr-1"
"subject47",1,1.005,"diablo-null","sim-data_n-100_effect-2_sigma-indep_corr-1"
"subject49",0,0.04,"diablo-null","sim-data_n-100_effect-2_sigma-indep_corr-1"
"subject51",0,0.024,"diablo-null","sim-data_n-100_effect-2_sigma-indep_corr-1"
"subject52",0,0.048,"diablo-null","sim-data_n-100_effect-2_sigma-indep_corr-1"
"subject59",1,0.995,"diablo-null","sim-data_n-100_effect-2_sigma-indep_corr-1"
"subject63",1,0.954,"diablo-null","sim-data_n-100_effect-2_sigma-indep_corr-1"
"subject75",0,0.065,"diablo-null","sim-data_n-100_effect-2_sigma-indep_corr-1"
"subject77",0,0.037,"diablo-null","sim-data_n-100_effect-2_sigma-indep_corr-1"
"subject80",0,0.028,"diablo-null","sim-data_n-100_effect-2_sigma-indep_corr-1"
"subject83",0,0.003,"diablo-null","sim-data_n-100_effect-2_sigma-indep_corr-1"
"subject86",0,0.045,"diablo-null","sim-data_n-100_effect-2_sigma-indep_corr-1"
"subject87",0,0.022,"diablo-null","sim-data_n-100_effect-2_sigma-indep_corr-1"
"subject88",0,0.021,"diablo-null","sim-data_n-100_effect-2_sigma-indep_corr-1"
"subject93",1,0.968,"diablo-null","sim-data_n-100_effect-2_sigma-indep_corr-1"
"subject96",1,0.932,"diablo-null","sim-data_n-100_effect-2_sigma-indep_corr-1"
"subject4",1,0.946,"diablo-null","sim-data_n-50_effect-2_sigma-indep_corr-0.5"
"subject5",0,0.054,"diablo-null","sim-data_n-50_effect-2_sigma-indep_corr-0.5"
"subject6",1,0.918,"diablo-null","sim-data_n-50_effect-2_sigma-indep_corr-0.5"
"subject20",1,0.921,"diablo-null","sim-data_n-50_effect-2_sigma-indep_corr-0.5"
"subject21",1,0.953,"diablo-null","sim-data_n-50_effect-2_sigma-indep_corr-0.5"
"subject22",1,0.952,"diablo-null","sim-data_n-50_effect-2_sigma-indep_corr-0.5"
"subject23",0,0.037,"diablo-null","sim-data_n-50_effect-2_sigma-indep_corr-0.5"
"subject29",0,0.023,"diablo-null","sim-data_n-50_effect-2_sigma-indep_corr-0.5"
"subject30",1,0.907,"diablo-null","sim-data_n-50_effect-2_sigma-indep_corr-0.5"
"subject36",0,0.026,"diablo-null","sim-data_n-50_effect-2_sigma-indep_corr-0.5"
"subject39",0,0.101,"diablo-null","sim-data_n-50_effect-2_sigma-indep_corr-0.5"
"subject41",0,0.059,"diablo-null","sim-data_n-50_effect-2_sigma-indep_corr-0.5"
"subject44",1,0.934,"diablo-null","sim-data_n-50_effect-2_sigma-indep_corr-0.5"
"subject48",1,0.965,"diablo-null","sim-data_n-50_effect-2_sigma-indep_corr-0.5"
"subject50",0,0.067,"diablo-null","sim-data_n-50_effect-2_sigma-indep_corr-0.5"
"subject4",1,0.999,"diablo-null","sim-data_n-500_effect-2_sigma-indep_corr-0"
"subject12",0,0.012,"diablo-null","sim-data_n-500_effect-2_sigma-indep_corr-0"
"subject13",0,0.027,"diablo-null","sim-data_n-500_effect-2_sigma-indep_corr-0"
"subject14",0,-0.05,"diablo-null","sim-data_n-500_effect-2_sigma-indep_corr-0"
"subject18",0,0.029,"diablo-null","sim-data_n-500_effect-2_sigma-indep_corr-0"
"subject23",1,1.004,"diablo-null","sim-data_n-500_effect-2_sigma-indep_corr-0"
"subject24",1,0.97,"diablo-null","sim-data_n-500_effect-2_sigma-indep_corr-0"
"subject25",0,-0.026,"diablo-null","sim-data_n-500_effect-2_sigma-indep_corr-0"
"subject29",0,0.019,"diablo-null","sim-data_n-500_effect-2_sigma-indep_corr-0"
"subject30",1,0.959,"diablo-null","sim-data_n-500_effect-2_sigma-indep_corr-0"
"subject41",0,0.018,"diablo-null","sim-data_n-500_effect-2_sigma-indep_corr-0"
"subject45",0,0.035,"diablo-null","sim-data_n-500_effect-2_sigma-indep_corr-0"
"subject46",0,0.02,"diablo-null","sim-data_n-500_effect-2_sigma-indep_corr-0"
"subject49",0,0.003,"diablo-null","sim-data_n-500_effect-2_sigma-indep_corr-0"
"subject53",1,0.996,"diablo-null","sim-data_n-500_effect-2_sigma-indep_corr-0"
"subject54",1,0.993,"diablo-null","sim-data_n-500_effect-2_sigma-indep_corr-0"
"subject56",1,0.946,"diablo-null","sim-data_n-500_effect-2_sigma-indep_corr-0"
"subject59",0,-0.009,"diablo-null","sim-data_n-500_effect-2_sigma-indep_corr-0"
"subject62",0,0.035,"diablo-null","sim-data_n-500_effect-2_sigma-indep_corr-0"
"subject66",1,0.973,"diablo-null","sim-data_n-500_effect-2_sigma-indep_corr-0"
"subject67",1,0.995,"diablo-null","sim-data_n-500_effect-2_sigma-indep_corr-0"
"subject70",1,1.013,"diablo-null","sim-data_n-500_effect-2_sigma-indep_corr-0"
"subject72",1,0.984,"diablo-null","sim-data_n-500_effect-2_sigma-indep_corr-0"
"subject75",0,-0.027,"diablo-null","sim-data_n-500_effect-2_sigma-indep_corr-0"
"subject77",0,0.029,"diablo-null","sim-data_n-500_effect-2_sigma-indep_corr-0"
"subject84",1,0.977,"diablo-null","sim-data_n-500_effect-2_sigma-indep_corr-0"
"subject86",0,0.022,"diablo-null","sim-data_n-500_effect-2_sigma-indep_corr-0"
"subject92",1,0.987,"diablo-null","sim-data_n-500_effect-2_sigma-indep_corr-0"
"subject93",1,0.984,"diablo-null","sim-data_n-500_effect-2_sigma-indep_corr-0"
"subject98",1,0.981,"diablo-null","sim-data_n-500_effect-2_sigma-indep_corr-0"
"subject103",0,0.02,"diablo-null","sim-data_n-500_effect-2_sigma-indep_corr-0"
"subject105",1,1.014,"diablo-null","sim-data_n-500_effect-2_sigma-indep_corr-0"
"subject106",1,1.004,"diablo-null","sim-data_n-500_effect-2_sigma-indep_corr-0"
"subject119",1,1.008,"diablo-null","sim-data_n-500_effect-2_sigma-indep_corr-0"
"subject123",1,0.991,"diablo-null","sim-data_n-500_effect-2_sigma-indep_corr-0"
"subject130",0,-0.012,"diablo-null","sim-data_n-500_effect-2_sigma-indep_corr-0"
"subject134",1,0.995,"diablo-null","sim-data_n-500_effect-2_sigma-indep_corr-0"
"subject137",0,-0.004,"diablo-null","sim-data_n-500_effect-2_sigma-indep_corr-0"
"subject138",1,0.989,"diablo-null","sim-data_n-500_effect-2_sigma-indep_corr-0"
"subject140",1,1.001,"diablo-null","sim-data_n-500_effect-2_sigma-indep_corr-0"
"subject148",0,0.052,"diablo-null","sim-data_n-500_effect-2_sigma-indep_corr-0"
"subject162",0,0.027,"diablo-null","sim-data_n-500_effect-2_sigma-indep_corr-0"
"subject163",1,0.973,"diablo-null","sim-data_n-500_effect-2_sigma-indep_corr-0"
"subject166",1,0.946,"diablo-null","sim-data_n-500_effect-2_sigma-indep_corr-0"
"subject168",0,-0.002,"diablo-null","sim-data_n-500_effect-2_sigma-indep_corr-0"
"subject173",0,0.001,"diablo-null","sim-data_n-500_effect-2_sigma-indep_corr-0"
"subject175",0,-0.002,"diablo-null","sim-data_n-500_effect-2_sigma-indep_corr-0"
"subject177",0,0.015,"diablo-null","sim-data_n-500_effect-2_sigma-indep_corr-0"
"subject179",1,0.976,"diablo-null","sim-data_n-500_effect-2_sigma-indep_corr-0"
"subject180",1,1.028,"diablo-null","sim-data_n-500_effect-2_sigma-indep_corr-0"
"subject181",0,0.026,"diablo-null","sim-data_n-500_effect-2_sigma-indep_corr-0"
"subject185",0,-0.001,"diablo-null","sim-data_n-500_effect-2_sigma-indep_corr-0"
"subject189",1,0.968,"diablo-null","sim-data_n-500_effect-2_sigma-indep_corr-0"
"subject191",0,0.021,"diablo-null","sim-data_n-500_effect-2_sigma-indep_corr-0"
"subject196",1,0.953,"diablo-null","sim-data_n-500_effect-2_sigma-indep_corr-0"
"subject197",1,0.984,"diablo-null","sim-data_n-500_effect-2_sigma-indep_corr-0"
"subject200",1,1.005,"diablo-null","sim-data_n-500_effect-2_sigma-indep_corr-0"
"subject201",1,0.954,"diablo-null","sim-data_n-500_effect-2_sigma-indep_corr-0"
"subject208",1,0.999,"diablo-null","sim-data_n-500_effect-2_sigma-indep_corr-0"
"subject209",0,0.001,"diablo-null","sim-data_n-500_effect-2_sigma-indep_corr-0"
"subject210",0,0.018,"diablo-null","sim-data_n-500_effect-2_sigma-indep_corr-0"
"subject212",1,1.017,"diablo-null","sim-data_n-500_effect-2_sigma-indep_corr-0"
"subject214",1,0.975,"diablo-null","sim-data_n-500_effect-2_sigma-indep_corr-0"
"subject216",0,0.028,"diablo-null","sim-data_n-500_effect-2_sigma-indep_corr-0"
"subject217",1,1.005,"diablo-null","sim-data_n-500_effect-2_sigma-indep_corr-0"
"subject221",1,1.015,"diablo-null","sim-data_n-500_effect-2_sigma-indep_corr-0"
"subject223",1,0.972,"diablo-null","sim-data_n-500_effect-2_sigma-indep_corr-0"
"subject226",1,0.982,"diablo-null","sim-data_n-500_effect-2_sigma-indep_corr-0"
"subject232",1,1.013,"diablo-null","sim-data_n-500_effect-2_sigma-indep_corr-0"
"subject234",1,0.992,"diablo-null","sim-data_n-500_effect-2_sigma-indep_corr-0"
"subject237",0,0.002,"diablo-null","sim-data_n-500_effect-2_sigma-indep_corr-0"
"subject238",1,1.015,"diablo-null","sim-data_n-500_effect-2_sigma-indep_corr-0"
"subject244",1,0.961,"diablo-null","sim-data_n-500_effect-2_sigma-indep_corr-0"
"subject245",0,-0.029,"diablo-null","sim-data_n-500_effect-2_sigma-indep_corr-0"
"subject247",0,0.019,"diablo-null","sim-data_n-500_effect-2_sigma-indep_corr-0"
"subject249",1,1.012,"diablo-null","sim-data_n-500_effect-2_sigma-indep_corr-0"
"subject251",0,0.002,"diablo-null","sim-data_n-500_effect-2_sigma-indep_corr-0"
"subject260",0,-0.006,"diablo-null","sim-data_n-500_effect-2_sigma-indep_corr-0"
"subject261",1,1.017,"diablo-null","sim-data_n-500_effect-2_sigma-indep_corr-0"
"subject263",0,0.016,"diablo-null","sim-data_n-500_effect-2_sigma-indep_corr-0"
"subject264",0,0.001,"diablo-null","sim-data_n-500_effect-2_sigma-indep_corr-0"
"subject266",1,1.03,"diablo-null","sim-data_n-500_effect-2_sigma-indep_corr-0"
"subject274",0,0,"diablo-null","sim-data_n-500_effect-2_sigma-indep_corr-0"
"subject278",0,0.007,"diablo-null","sim-data_n-500_effect-2_sigma-indep_corr-0"
"subject283",0,-0.018,"diablo-null","sim-data_n-500_effect-2_sigma-indep_corr-0"
"subject284",1,1.003,"diablo-null","sim-data_n-500_effect-2_sigma-indep_corr-0"
"subject300",0,-0.002,"diablo-null","sim-data_n-500_effect-2_sigma-indep_corr-0"
"subject302",1,0.982,"diablo-null","sim-data_n-500_effect-2_sigma-indep_corr-0"
"subject303",1,0.984,"diablo-null","sim-data_n-500_effect-2_sigma-indep_corr-0"
"subject306",0,-0.012,"diablo-null","sim-data_n-500_effect-2_sigma-indep_corr-0"
"subject318",0,0.011,"diablo-null","sim-data_n-500_effect-2_sigma-indep_corr-0"
"subject320",0,0.005,"diablo-null","sim-data_n-500_effect-2_sigma-indep_corr-0"
"subject330",1,0.976,"diablo-null","sim-data_n-500_effect-2_sigma-indep_corr-0"
"subject332",0,0.053,"diablo-null","sim-data_n-500_effect-2_sigma-indep_corr-0"
"subject334",1,1.01,"diablo-null","sim-data_n-500_effect-2_sigma-indep_corr-0"
"subject335",0,-0.017,"diablo-null","sim-data_n-500_effect-2_sigma-indep_corr-0"
"subject340",0,0.021,"diablo-null","sim-data_n-500_effect-2_sigma-indep_corr-0"
"subject343",0,0.032,"diablo-null","sim-data_n-500_effect-2_sigma-indep_corr-0"
"subject345",1,1.005,"diablo-null","sim-data_n-500_effect-2_sigma-indep_corr-0"
"subject347",0,0.018,"diablo-null","sim-data_n-500_effect-2_sigma-indep_corr-0"
"subject349",1,0.969,"diablo-null","sim-data_n-500_effect-2_sigma-indep_corr-0"
"subject350",1,1.008,"diablo-null","sim-data_n-500_effect-2_sigma-indep_corr-0"
"subject354",1,0.968,"diablo-null","sim-data_n-500_effect-2_sigma-indep_corr-0"
"subject355",1,0.998,"diablo-null","sim-data_n-500_effect-2_sigma-indep_corr-0"
"subject356",0,-0.009,"diablo-null","sim-data_n-500_effect-2_sigma-indep_corr-0"
"subject357",0,-0.023,"diablo-null","sim-data_n-500_effect-2_sigma-indep_corr-0"
"subject361",1,1.022,"diablo-null","sim-data_n-500_effect-2_sigma-indep_corr-0"
"subject367",1,0.978,"diablo-null","sim-data_n-500_effect-2_sigma-indep_corr-0"
"subject374",1,1.014,"diablo-null","sim-data_n-500_effect-2_sigma-indep_corr-0"
"subject376",0,-0.001,"diablo-null","sim-data_n-500_effect-2_sigma-indep_corr-0"
"subject382",0,0.035,"diablo-null","sim-data_n-500_effect-2_sigma-indep_corr-0"
"subject386",1,0.992,"diablo-null","sim-data_n-500_effect-2_sigma-indep_corr-0"
"subject388",1,1.01,"diablo-null","sim-data_n-500_effect-2_sigma-indep_corr-0"
"subject389",0,0.012,"diablo-null","sim-data_n-500_effect-2_sigma-indep_corr-0"
"subject390",1,1.007,"diablo-null","sim-data_n-500_effect-2_sigma-indep_corr-0"
"subject395",0,-0.041,"diablo-null","sim-data_n-500_effect-2_sigma-indep_corr-0"
"subject400",1,0.991,"diablo-null","sim-data_n-500_effect-2_sigma-indep_corr-0"
"subject402",1,1.025,"diablo-null","sim-data_n-500_effect-2_sigma-indep_corr-0"
"subject409",0,-0.01,"diablo-null","sim-data_n-500_effect-2_sigma-indep_corr-0"
"subject411",0,-0.012,"diablo-null","sim-data_n-500_effect-2_sigma-indep_corr-0"
"subject412",1,0.994,"diablo-null","sim-data_n-500_effect-2_sigma-indep_corr-0"
"subject417",0,-0.004,"diablo-null","sim-data_n-500_effect-2_sigma-indep_corr-0"
"subject418",1,0.99,"diablo-null","sim-data_n-500_effect-2_sigma-indep_corr-0"
"subject430",0,0.037,"diablo-null","sim-data_n-500_effect-2_sigma-indep_corr-0"
"subject434",0,0.023,"diablo-null","sim-data_n-500_effect-2_sigma-indep_corr-0"
"subject440",0,0.003,"diablo-null","sim-data_n-500_effect-2_sigma-indep_corr-0"
"subject447",1,1.006,"diablo-null","sim-data_n-500_effect-2_sigma-indep_corr-0"
"subject451",0,-0.005,"diablo-null","sim-data_n-500_effect-2_sigma-indep_corr-0"
"subject452",0,0.042,"diablo-null","sim-data_n-500_effect-2_sigma-indep_corr-0"
"subject454",1,1.02,"diablo-null","sim-data_n-500_effect-2_sigma-indep_corr-0"
"subject458",1,0.972,"diablo-null","sim-data_n-500_effect-2_sigma-indep_corr-0"
"subject459",0,0.044,"diablo-null","sim-data_n-500_effect-2_sigma-indep_corr-0"
"subject465",1,1.036,"diablo-null","sim-data_n-500_effect-2_sigma-indep_corr-0"
"subject466",0,0.026,"diablo-null","sim-data_n-500_effect-2_sigma-indep_corr-0"
"subject468",1,1,"diablo-null","sim-data_n-500_effect-2_sigma-indep_corr-0"
"subject470",0,0.005,"diablo-null","sim-data_n-500_effect-2_sigma-indep_corr-0"
"subject471",0,0.043,"diablo-null","sim-data_n-500_effect-2_sigma-indep_corr-0"
"subject473",0,-0.032,"diablo-null","sim-data_n-500_effect-2_sigma-indep_corr-0"
"subject474",1,0.999,"diablo-null","sim-data_n-500_effect-2_sigma-indep_corr-0"
"subject475",0,0.008,"diablo-null","sim-data_n-500_effect-2_sigma-indep_corr-0"
"subject476",0,0.021,"diablo-null","sim-data_n-500_effect-2_sigma-indep_corr-0"
"subject479",0,-0.003,"diablo-null","sim-data_n-500_effect-2_sigma-indep_corr-0"
"subject481",1,0.978,"diablo-null","sim-data_n-500_effect-2_sigma-indep_corr-0"
"subject483",1,0.974,"diablo-null","sim-data_n-500_effect-2_sigma-indep_corr-0"
"subject484",1,0.959,"diablo-null","sim-data_n-500_effect-2_sigma-indep_corr-0"
"subject487",0,-0.012,"diablo-null","sim-data_n-500_effect-2_sigma-indep_corr-0"
"subject489",0,-0.019,"diablo-null","sim-data_n-500_effect-2_sigma-indep_corr-0"
"subject494",0,0.035,"diablo-null","sim-data_n-500_effect-2_sigma-indep_corr-0"
"subject495",1,0.969,"diablo-null","sim-data_n-500_effect-2_sigma-indep_corr-0"
"subject497",1,0.962,"diablo-null","sim-data_n-500_effect-2_sigma-indep_corr-0"
"subject2",0,0.046,"diablo-null","sim-data_n-100_effect-2_sigma-indep_corr-0"
"subject3",1,0.972,"diablo-null","sim-data_n-100_effect-2_sigma-indep_corr-0"
"subject5",0,0.019,"diablo-null","sim-data_n-100_effect-2_sigma-indep_corr-0"
"subject9",0,-0.006,"diablo-null","sim-data_n-100_effect-2_sigma-indep_corr-0"
"subject13",0,0.028,"diablo-null","sim-data_n-100_effect-2_sigma-indep_corr-0"
"subject14",0,0.017,"diablo-null","sim-data_n-100_effect-2_sigma-indep_corr-0"
"subject18",1,0.98,"diablo-null","sim-data_n-100_effect-2_sigma-indep_corr-0"
"subject20",0,0.031,"diablo-null","sim-data_n-100_effect-2_sigma-indep_corr-0"
"subject22",1,0.939,"diablo-null","sim-data_n-100_effect-2_sigma-indep_corr-0"
"subject29",0,0.06,"diablo-null","sim-data_n-100_effect-2_sigma-indep_corr-0"
"subject35",1,0.953,"diablo-null","sim-data_n-100_effect-2_sigma-indep_corr-0"
"subject36",1,0.959,"diablo-null","sim-data_n-100_effect-2_sigma-indep_corr-0"
"subject39",1,0.957,"diablo-null","sim-data_n-100_effect-2_sigma-indep_corr-0"
"subject44",1,0.98,"diablo-null","sim-data_n-100_effect-2_sigma-indep_corr-0"
"subject48",1,0.978,"diablo-null","sim-data_n-100_effect-2_sigma-indep_corr-0"
"subject57",1,0.968,"diablo-null","sim-data_n-100_effect-2_sigma-indep_corr-0"
"subject58",1,0.973,"diablo-null","sim-data_n-100_effect-2_sigma-indep_corr-0"
"subject61",0,0.016,"diablo-null","sim-data_n-100_effect-2_sigma-indep_corr-0"
"subject63",0,0.056,"diablo-null","sim-data_n-100_effect-2_sigma-indep_corr-0"
"subject64",1,0.993,"diablo-null","sim-data_n-100_effect-2_sigma-indep_corr-0"
"subject65",1,0.996,"diablo-null","sim-data_n-100_effect-2_sigma-indep_corr-0"
"subject66",0,0.006,"diablo-null","sim-data_n-100_effect-2_sigma-indep_corr-0"
"subject69",1,1.006,"diablo-null","sim-data_n-100_effect-2_sigma-indep_corr-0"
"subject73",1,0.971,"diablo-null","sim-data_n-100_effect-2_sigma-indep_corr-0"
"subject76",1,0.939,"diablo-null","sim-data_n-100_effect-2_sigma-indep_corr-0"
"subject83",0,0,"diablo-null","sim-data_n-100_effect-2_sigma-indep_corr-0"
"subject85",1,0.976,"diablo-null","sim-data_n-100_effect-2_sigma-indep_corr-0"
"subject87",0,0.035,"diablo-null","sim-data_n-100_effect-2_sigma-indep_corr-0"
"subject93",0,0.007,"diablo-null","sim-data_n-100_effect-2_sigma-indep_corr-0"
"subject97",0,0.077,"diablo-null","sim-data_n-100_effect-2_sigma-indep_corr-0"
"subject2",1,0.945,"diablo-null","sim-data_n-100_effect-2_sigma-def_corr-1"
"subject7",0,-0.015,"diablo-null","sim-data_n-100_effect-2_sigma-def_corr-1"
"subject8",1,0.969,"diablo-null","sim-data_n-100_effect-2_sigma-def_corr-1"
"subject10",0,0.071,"diablo-null","sim-data_n-100_effect-2_sigma-def_corr-1"
"subject14",0,-0.025,"diablo-null","sim-data_n-100_effect-2_sigma-def_corr-1"
"subject17",1,1.023,"diablo-null","sim-data_n-100_effect-2_sigma-def_corr-1"
"subject19",1,0.99,"diablo-null","sim-data_n-100_effect-2_sigma-def_corr-1"
"subject23",1,1.027,"diablo-null","sim-data_n-100_effect-2_sigma-def_corr-1"
"subject24",1,1.035,"diablo-null","sim-data_n-100_effect-2_sigma-def_corr-1"
"subject25",0,-0.085,"diablo-null","sim-data_n-100_effect-2_sigma-def_corr-1"
"subject27",0,0.102,"diablo-null","sim-data_n-100_effect-2_sigma-def_corr-1"
"subject31",1,0.954,"diablo-null","sim-data_n-100_effect-2_sigma-def_corr-1"
"subject34",1,1.01,"diablo-null","sim-data_n-100_effect-2_sigma-def_corr-1"
"subject36",0,0.066,"diablo-null","sim-data_n-100_effect-2_sigma-def_corr-1"
"subject38",1,0.974,"diablo-null","sim-data_n-100_effect-2_sigma-def_corr-1"
"subject40",0,0.069,"diablo-null","sim-data_n-100_effect-2_sigma-def_corr-1"
"subject41",1,0.933,"diablo-null","sim-data_n-100_effect-2_sigma-def_corr-1"
"subject43",1,0.999,"diablo-null","sim-data_n-100_effect-2_sigma-def_corr-1"
"subject45",1,0.943,"diablo-null","sim-data_n-100_effect-2_sigma-def_corr-1"
"subject52",1,0.917,"diablo-null","sim-data_n-100_effect-2_sigma-def_corr-1"
"subject55",0,0.008,"diablo-null","sim-data_n-100_effect-2_sigma-def_corr-1"
"subject63",1,0.992,"diablo-null","sim-data_n-100_effect-2_sigma-def_corr-1"
"subject68",0,-0.081,"diablo-null","sim-data_n-100_effect-2_sigma-def_corr-1"
"subject69",0,0.101,"diablo-null","sim-data_n-100_effect-2_sigma-def_corr-1"
"subject73",0,-0.067,"diablo-null","sim-data_n-100_effect-2_sigma-def_corr-1"
"subject75",1,0.942,"diablo-null","sim-data_n-100_effect-2_sigma-def_corr-1"
"subject76",1,0.989,"diablo-null","sim-data_n-100_effect-2_sigma-def_corr-1"
"subject84",0,0.067,"diablo-null","sim-data_n-100_effect-2_sigma-def_corr-1"
"subject91",0,-0.051,"diablo-null","sim-data_n-100_effect-2_sigma-def_corr-1"
"subject93",1,0.954,"diablo-null","sim-data_n-100_effect-2_sigma-def_corr-1"
"pat-3",1,0.793,"diablo-full","sim-data_n-50_p-200_j-3_beta-30_s-39"
"pat-5",0,0.464,"diablo-full","sim-data_n-50_p-200_j-3_beta-30_s-39"
"pat-6",0,0.529,"diablo-full","sim-data_n-50_p-200_j-3_beta-30_s-39"
"pat-7",0,0.335,"diablo-full","sim-data_n-50_p-200_j-3_beta-30_s-39"
"pat-11",0,0.33,"diablo-full","sim-data_n-50_p-200_j-3_beta-30_s-39"
"pat-14",0,0.449,"diablo-full","sim-data_n-50_p-200_j-3_beta-30_s-39"
"pat-16",0,0.48,"diablo-full","sim-data_n-50_p-200_j-3_beta-30_s-39"
"pat-17",1,0.644,"diablo-full","sim-data_n-50_p-200_j-3_beta-30_s-39"
"pat-18",1,0.618,"diablo-full","sim-data_n-50_p-200_j-3_beta-30_s-39"
"pat-19",0,0.652,"diablo-full","sim-data_n-50_p-200_j-3_beta-30_s-39"
"pat-20",1,0.704,"diablo-full","sim-data_n-50_p-200_j-3_beta-30_s-39"
"pat-24",0,0.633,"diablo-full","sim-data_n-50_p-200_j-3_beta-30_s-39"
"pat-26",0,0.717,"diablo-full","sim-data_n-50_p-200_j-3_beta-30_s-39"
"pat-27",1,0.493,"diablo-full","sim-data_n-50_p-200_j-3_beta-30_s-39"
"pat-28",1,0.651,"diablo-full","sim-data_n-50_p-200_j-3_beta-30_s-39"
"pat-31",0,0.524,"diablo-full","sim-data_n-50_p-200_j-3_beta-30_s-39"
"pat-33",0,0.803,"diablo-full","sim-data_n-50_p-200_j-3_beta-30_s-39"
"pat-34",1,0.548,"diablo-full","sim-data_n-50_p-200_j-3_beta-30_s-39"
"pat-37",0,0.575,"diablo-full","sim-data_n-50_p-200_j-3_beta-30_s-39"
"pat-40",1,0.309,"diablo-full","sim-data_n-50_p-200_j-3_beta-30_s-39"
"pat-43",0,0.672,"diablo-full","sim-data_n-50_p-200_j-3_beta-30_s-39"
"pat-44",0,0.447,"diablo-full","sim-data_n-50_p-200_j-3_beta-30_s-39"
"pat-46",1,0.651,"diablo-full","sim-data_n-50_p-200_j-3_beta-30_s-39"
"pat-48",1,0.615,"diablo-full","sim-data_n-50_p-200_j-3_beta-30_s-39"
"pat-50",0,0.553,"diablo-full","sim-data_n-50_p-200_j-3_beta-30_s-39"
"pat-1",0,0.255,"diablo-full","sim-data_n-50_p-200_j-3_beta-30_s-39"
"pat-2",1,0.554,"diablo-full","sim-data_n-50_p-200_j-3_beta-30_s-39"
"pat-4",1,0.35,"diablo-full","sim-data_n-50_p-200_j-3_beta-30_s-39"
"pat-8",1,0.088,"diablo-full","sim-data_n-50_p-200_j-3_beta-30_s-39"
"pat-9",0,0.15,"diablo-full","sim-data_n-50_p-200_j-3_beta-30_s-39"
"pat-10",1,0.264,"diablo-full","sim-data_n-50_p-200_j-3_beta-30_s-39"
"pat-12",0,0.365,"diablo-full","sim-data_n-50_p-200_j-3_beta-30_s-39"
"pat-13",1,0.483,"diablo-full","sim-data_n-50_p-200_j-3_beta-30_s-39"
"pat-15",0,0.457,"diablo-full","sim-data_n-50_p-200_j-3_beta-30_s-39"
"pat-21",0,0.306,"diablo-full","sim-data_n-50_p-200_j-3_beta-30_s-39"
"pat-22",1,0.427,"diablo-full","sim-data_n-50_p-200_j-3_beta-30_s-39"
"pat-23",1,0.38,"diablo-full","sim-data_n-50_p-200_j-3_beta-30_s-39"
"pat-25",1,0.338,"diablo-full","sim-data_n-50_p-200_j-3_beta-30_s-39"
"pat-29",1,0.363,"diablo-full","sim-data_n-50_p-200_j-3_beta-30_s-39"
"pat-30",1,0.537,"diablo-full","sim-data_n-50_p-200_j-3_beta-30_s-39"
"pat-32",0,0.398,"diablo-full","sim-data_n-50_p-200_j-3_beta-30_s-39"
"pat-35",1,0.545,"diablo-full","sim-data_n-50_p-200_j-3_beta-30_s-39"
"pat-36",1,0.603,"diablo-full","sim-data_n-50_p-200_j-3_beta-30_s-39"
"pat-38",0,0.521,"diablo-full","sim-data_n-50_p-200_j-3_beta-30_s-39"
"pat-39",1,0.481,"diablo-full","sim-data_n-50_p-200_j-3_beta-30_s-39"
"pat-41",1,0.59,"diablo-full","sim-data_n-50_p-200_j-3_beta-30_s-39"
"pat-42",0,0.375,"diablo-full","sim-data_n-50_p-200_j-3_beta-30_s-39"
"pat-45",1,0.533,"diablo-full","sim-data_n-50_p-200_j-3_beta-30_s-39"
"pat-47",1,0.243,"diablo-full","sim-data_n-50_p-200_j-3_beta-30_s-39"
"pat-49",0,0.425,"diablo-full","sim-data_n-50_p-200_j-3_beta-30_s-39"
"subject1",1,0.962,"diablo-full","sim-data_n-50_effect-2_sigma-def_corr-0"
"subject3",0,0.143,"diablo-full","sim-data_n-50_effect-2_sigma-def_corr-0"
"subject14",1,0.926,"diablo-full","sim-data_n-50_effect-2_sigma-def_corr-0"
"subject15",1,0.977,"diablo-full","sim-data_n-50_effect-2_sigma-def_corr-0"
"subject17",0,-0.004,"diablo-full","sim-data_n-50_effect-2_sigma-def_corr-0"
"subject19",0,0.049,"diablo-full","sim-data_n-50_effect-2_sigma-def_corr-0"
"subject20",0,0.084,"diablo-full","sim-data_n-50_effect-2_sigma-def_corr-0"
"subject29",0,0.012,"diablo-full","sim-data_n-50_effect-2_sigma-def_corr-0"
"subject30",1,0.962,"diablo-full","sim-data_n-50_effect-2_sigma-def_corr-0"
"subject35",1,0.893,"diablo-full","sim-data_n-50_effect-2_sigma-def_corr-0"
"subject37",0,-0.025,"diablo-full","sim-data_n-50_effect-2_sigma-def_corr-0"
"subject39",0,0.003,"diablo-full","sim-data_n-50_effect-2_sigma-def_corr-0"
"subject42",0,0.113,"diablo-full","sim-data_n-50_effect-2_sigma-def_corr-0"
"subject46",1,1.012,"diablo-full","sim-data_n-50_effect-2_sigma-def_corr-0"
"subject48",0,0.048,"diablo-full","sim-data_n-50_effect-2_sigma-def_corr-0"
"subject4",1,1.006,"diablo-full","sim-data_n-500_effect-2_sigma-indep_corr-0"
"subject12",0,0.014,"diablo-full","sim-data_n-500_effect-2_sigma-indep_corr-0"
"subject13",0,0.027,"diablo-full","sim-data_n-500_effect-2_sigma-indep_corr-0"
"subject14",0,-0.042,"diablo-full","sim-data_n-500_effect-2_sigma-indep_corr-0"
"subject18",0,0.032,"diablo-full","sim-data_n-500_effect-2_sigma-indep_corr-0"
"subject23",1,0.984,"diablo-full","sim-data_n-500_effect-2_sigma-indep_corr-0"
"subject24",1,0.963,"diablo-full","sim-data_n-500_effect-2_sigma-indep_corr-0"
"subject25",0,-0.02,"diablo-full","sim-data_n-500_effect-2_sigma-indep_corr-0"
"subject29",0,0.01,"diablo-full","sim-data_n-500_effect-2_sigma-indep_corr-0"
"subject30",1,0.961,"diablo-full","sim-data_n-500_effect-2_sigma-indep_corr-0"
"subject41",0,0.018,"diablo-full","sim-data_n-500_effect-2_sigma-indep_corr-0"
"subject45",0,0.035,"diablo-full","sim-data_n-500_effect-2_sigma-indep_corr-0"
"subject46",0,0.015,"diablo-full","sim-data_n-500_effect-2_sigma-indep_corr-0"
"subject49",0,0.009,"diablo-full","sim-data_n-500_effect-2_sigma-indep_corr-0"
"subject53",1,0.994,"diablo-full","sim-data_n-500_effect-2_sigma-indep_corr-0"
"subject54",1,0.994,"diablo-full","sim-data_n-500_effect-2_sigma-indep_corr-0"
"subject56",1,0.955,"diablo-full","sim-data_n-500_effect-2_sigma-indep_corr-0"
"subject59",0,-0.014,"diablo-full","sim-data_n-500_effect-2_sigma-indep_corr-0"
"subject62",0,0.029,"diablo-full","sim-data_n-500_effect-2_sigma-indep_corr-0"
"subject66",1,0.96,"diablo-full","sim-data_n-500_effect-2_sigma-indep_corr-0"
"subject67",1,1.002,"diablo-full","sim-data_n-500_effect-2_sigma-indep_corr-0"
"subject70",1,1.018,"diablo-full","sim-data_n-500_effect-2_sigma-indep_corr-0"
"subject72",1,0.988,"diablo-full","sim-data_n-500_effect-2_sigma-indep_corr-0"
"subject75",0,-0.017,"diablo-full","sim-data_n-500_effect-2_sigma-indep_corr-0"
"subject77",0,0.026,"diablo-full","sim-data_n-500_effect-2_sigma-indep_corr-0"
"subject84",1,0.969,"diablo-full","sim-data_n-500_effect-2_sigma-indep_corr-0"
"subject86",0,0.01,"diablo-full","sim-data_n-500_effect-2_sigma-indep_corr-0"
"subject92",1,0.981,"diablo-full","sim-data_n-500_effect-2_sigma-indep_corr-0"
"subject93",1,0.986,"diablo-full","sim-data_n-500_effect-2_sigma-indep_corr-0"
"subject98",1,0.976,"diablo-full","sim-data_n-500_effect-2_sigma-indep_corr-0"
"subject103",0,0.023,"diablo-full","sim-data_n-500_effect-2_sigma-indep_corr-0"
"subject105",1,1.009,"diablo-full","sim-data_n-500_effect-2_sigma-indep_corr-0"
"subject106",1,1.006,"diablo-full","sim-data_n-500_effect-2_sigma-indep_corr-0"
"subject119",1,1.009,"diablo-full","sim-data_n-500_effect-2_sigma-indep_corr-0"
"subject123",1,0.991,"diablo-full","sim-data_n-500_effect-2_sigma-indep_corr-0"
"subject130",0,-0.006,"diablo-full","sim-data_n-500_effect-2_sigma-indep_corr-0"
"subject134",1,0.996,"diablo-full","sim-data_n-500_effect-2_sigma-indep_corr-0"
"subject137",0,-0.006,"diablo-full","sim-data_n-500_effect-2_sigma-indep_corr-0"
"subject138",1,0.986,"diablo-full","sim-data_n-500_effect-2_sigma-indep_corr-0"
"subject140",1,0.989,"diablo-full","sim-data_n-500_effect-2_sigma-indep_corr-0"
"subject148",0,0.048,"diablo-full","sim-data_n-500_effect-2_sigma-indep_corr-0"
"subject162",0,0.027,"diablo-full","sim-data_n-500_effect-2_sigma-indep_corr-0"
"subject163",1,0.987,"diablo-full","sim-data_n-500_effect-2_sigma-indep_corr-0"
"subject166",1,0.961,"diablo-full","sim-data_n-500_effect-2_sigma-indep_corr-0"
"subject168",0,-0.002,"diablo-full","sim-data_n-500_effect-2_sigma-indep_corr-0"
"subject173",0,0.01,"diablo-full","sim-data_n-500_effect-2_sigma-indep_corr-0"
"subject175",0,0.008,"diablo-full","sim-data_n-500_effect-2_sigma-indep_corr-0"
"subject177",0,0.015,"diablo-full","sim-data_n-500_effect-2_sigma-indep_corr-0"
"subject179",1,0.979,"diablo-full","sim-data_n-500_effect-2_sigma-indep_corr-0"
"subject180",1,1.023,"diablo-full","sim-data_n-500_effect-2_sigma-indep_corr-0"
"subject181",0,0.022,"diablo-full","sim-data_n-500_effect-2_sigma-indep_corr-0"
"subject185",0,-0.002,"diablo-full","sim-data_n-500_effect-2_sigma-indep_corr-0"
"subject189",1,0.955,"diablo-full","sim-data_n-500_effect-2_sigma-indep_corr-0"
"subject191",0,0.017,"diablo-full","sim-data_n-500_effect-2_sigma-indep_corr-0"
"subject196",1,0.965,"diablo-full","sim-data_n-500_effect-2_sigma-indep_corr-0"
"subject197",1,0.978,"diablo-full","sim-data_n-500_effect-2_sigma-indep_corr-0"
"subject200",1,1,"diablo-full","sim-data_n-500_effect-2_sigma-indep_corr-0"
"subject201",1,0.941,"diablo-full","sim-data_n-500_effect-2_sigma-indep_corr-0"
"subject208",1,0.991,"diablo-full","sim-data_n-500_effect-2_sigma-indep_corr-0"
"subject209",0,-0.008,"diablo-full","sim-data_n-500_effect-2_sigma-indep_corr-0"
"subject210",0,0.006,"diablo-full","sim-data_n-500_effect-2_sigma-indep_corr-0"
"subject212",1,1.023,"diablo-full","sim-data_n-500_effect-2_sigma-indep_corr-0"
"subject214",1,0.971,"diablo-full","sim-data_n-500_effect-2_sigma-indep_corr-0"
"subject216",0,0.031,"diablo-full","sim-data_n-500_effect-2_sigma-indep_corr-0"
"subject217",1,1,"diablo-full","sim-data_n-500_effect-2_sigma-indep_corr-0"
"subject221",1,1.017,"diablo-full","sim-data_n-500_effect-2_sigma-indep_corr-0"
"subject223",1,0.966,"diablo-full","sim-data_n-500_effect-2_sigma-indep_corr-0"
"subject226",1,0.985,"diablo-full","sim-data_n-500_effect-2_sigma-indep_corr-0"
"subject232",1,1.026,"diablo-full","sim-data_n-500_effect-2_sigma-indep_corr-0"
"subject234",1,0.987,"diablo-full","sim-data_n-500_effect-2_sigma-indep_corr-0"
"subject237",0,0.01,"diablo-full","sim-data_n-500_effect-2_sigma-indep_corr-0"
"subject238",1,1.018,"diablo-full","sim-data_n-500_effect-2_sigma-indep_corr-0"
"subject244",1,0.964,"diablo-full","sim-data_n-500_effect-2_sigma-indep_corr-0"
"subject245",0,-0.027,"diablo-full","sim-data_n-500_effect-2_sigma-indep_corr-0"
"subject247",0,0.01,"diablo-full","sim-data_n-500_effect-2_sigma-indep_corr-0"
"subject249",1,1.009,"diablo-full","sim-data_n-500_effect-2_sigma-indep_corr-0"
"subject251",0,0.017,"diablo-full","sim-data_n-500_effect-2_sigma-indep_corr-0"
"subject260",0,0.005,"diablo-full","sim-data_n-500_effect-2_sigma-indep_corr-0"
"subject261",1,1.015,"diablo-full","sim-data_n-500_effect-2_sigma-indep_corr-0"
"subject263",0,0.013,"diablo-full","sim-data_n-500_effect-2_sigma-indep_corr-0"
"subject264",0,0.002,"diablo-full","sim-data_n-500_effect-2_sigma-indep_corr-0"
"subject266",1,1.03,"diablo-full","sim-data_n-500_effect-2_sigma-indep_corr-0"
"subject274",0,0.002,"diablo-full","sim-data_n-500_effect-2_sigma-indep_corr-0"
"subject278",0,-0.002,"diablo-full","sim-data_n-500_effect-2_sigma-indep_corr-0"
"subject283",0,-0.015,"diablo-full","sim-data_n-500_effect-2_sigma-indep_corr-0"
"subject284",1,0.995,"diablo-full","sim-data_n-500_effect-2_sigma-indep_corr-0"
"subject300",0,0,"diablo-full","sim-data_n-500_effect-2_sigma-indep_corr-0"
"subject302",1,0.976,"diablo-full","sim-data_n-500_effect-2_sigma-indep_corr-0"
"subject303",1,0.993,"diablo-full","sim-data_n-500_effect-2_sigma-indep_corr-0"
"subject306",0,-0.004,"diablo-full","sim-data_n-500_effect-2_sigma-indep_corr-0"
"subject318",0,0.007,"diablo-full","sim-data_n-500_effect-2_sigma-indep_corr-0"
"subject320",0,0.008,"diablo-full","sim-data_n-500_effect-2_sigma-indep_corr-0"
"subject330",1,0.982,"diablo-full","sim-data_n-500_effect-2_sigma-indep_corr-0"
"subject332",0,0.045,"diablo-full","sim-data_n-500_effect-2_sigma-indep_corr-0"
"subject334",1,1.001,"diablo-full","sim-data_n-500_effect-2_sigma-indep_corr-0"
"subject335",0,-0.023,"diablo-full","sim-data_n-500_effect-2_sigma-indep_corr-0"
"subject340",0,0.033,"diablo-full","sim-data_n-500_effect-2_sigma-indep_corr-0"
"subject343",0,0.038,"diablo-full","sim-data_n-500_effect-2_sigma-indep_corr-0"
"subject345",1,1.003,"diablo-full","sim-data_n-500_effect-2_sigma-indep_corr-0"
"subject347",0,0.022,"diablo-full","sim-data_n-500_effect-2_sigma-indep_corr-0"
"subject349",1,0.979,"diablo-full","sim-data_n-500_effect-2_sigma-indep_corr-0"
"subject350",1,1.007,"diablo-full","sim-data_n-500_effect-2_sigma-indep_corr-0"
"subject354",1,0.963,"diablo-full","sim-data_n-500_effect-2_sigma-indep_corr-0"
"subject355",1,0.994,"diablo-full","sim-data_n-500_effect-2_sigma-indep_corr-0"
"subject356",0,0.001,"diablo-full","sim-data_n-500_effect-2_sigma-indep_corr-0"
"subject357",0,-0.013,"diablo-full","sim-data_n-500_effect-2_sigma-indep_corr-0"
"subject361",1,1.012,"diablo-full","sim-data_n-500_effect-2_sigma-indep_corr-0"
"subject367",1,0.977,"diablo-full","sim-data_n-500_effect-2_sigma-indep_corr-0"
"subject374",1,1.017,"diablo-full","sim-data_n-500_effect-2_sigma-indep_corr-0"
"subject376",0,0.012,"diablo-full","sim-data_n-500_effect-2_sigma-indep_corr-0"
"subject382",0,0.036,"diablo-full","sim-data_n-500_effect-2_sigma-indep_corr-0"
"subject386",1,0.978,"diablo-full","sim-data_n-500_effect-2_sigma-indep_corr-0"
"subject388",1,1.007,"diablo-full","sim-data_n-500_effect-2_sigma-indep_corr-0"
"subject389",0,0.011,"diablo-full","sim-data_n-500_effect-2_sigma-indep_corr-0"
"subject390",1,1.005,"diablo-full","sim-data_n-500_effect-2_sigma-indep_corr-0"
"subject395",0,-0.023,"diablo-full","sim-data_n-500_effect-2_sigma-indep_corr-0"
"subject400",1,0.996,"diablo-full","sim-data_n-500_effect-2_sigma-indep_corr-0"
"subject402",1,1.02,"diablo-full","sim-data_n-500_effect-2_sigma-indep_corr-0"
"subject409",0,-0.024,"diablo-full","sim-data_n-500_effect-2_sigma-indep_corr-0"
"subject411",0,-0.015,"diablo-full","sim-data_n-500_effect-2_sigma-indep_corr-0"
"subject412",1,0.991,"diablo-full","sim-data_n-500_effect-2_sigma-indep_corr-0"
"subject417",0,-0.002,"diablo-full","sim-data_n-500_effect-2_sigma-indep_corr-0"
"subject418",1,0.984,"diablo-full","sim-data_n-500_effect-2_sigma-indep_corr-0"
"subject430",0,0.044,"diablo-full","sim-data_n-500_effect-2_sigma-indep_corr-0"
"subject434",0,0.026,"diablo-full","sim-data_n-500_effect-2_sigma-indep_corr-0"
"subject440",0,0.002,"diablo-full","sim-data_n-500_effect-2_sigma-indep_corr-0"
"subject447",1,0.998,"diablo-full","sim-data_n-500_effect-2_sigma-indep_corr-0"
"subject451",0,0.007,"diablo-full","sim-data_n-500_effect-2_sigma-indep_corr-0"
"subject452",0,0.039,"diablo-full","sim-data_n-500_effect-2_sigma-indep_corr-0"
"subject454",1,1.02,"diablo-full","sim-data_n-500_effect-2_sigma-indep_corr-0"
"subject458",1,0.977,"diablo-full","sim-data_n-500_effect-2_sigma-indep_corr-0"
"subject459",0,0.054,"diablo-full","sim-data_n-500_effect-2_sigma-indep_corr-0"
"subject465",1,1.023,"diablo-full","sim-data_n-500_effect-2_sigma-indep_corr-0"
"subject466",0,0.027,"diablo-full","sim-data_n-500_effect-2_sigma-indep_corr-0"
"subject468",1,0.994,"diablo-full","sim-data_n-500_effect-2_sigma-indep_corr-0"
"subject470",0,0.005,"diablo-full","sim-data_n-500_effect-2_sigma-indep_corr-0"
"subject471",0,0.043,"diablo-full","sim-data_n-500_effect-2_sigma-indep_corr-0"
"subject473",0,-0.021,"diablo-full","sim-data_n-500_effect-2_sigma-indep_corr-0"
"subject474",1,1,"diablo-full","sim-data_n-500_effect-2_sigma-indep_corr-0"
"subject475",0,0.013,"diablo-full","sim-data_n-500_effect-2_sigma-indep_corr-0"
"subject476",0,0.021,"diablo-full","sim-data_n-500_effect-2_sigma-indep_corr-0"
"subject479",0,0.009,"diablo-full","sim-data_n-500_effect-2_sigma-indep_corr-0"
"subject481",1,0.982,"diablo-full","sim-data_n-500_effect-2_sigma-indep_corr-0"
"subject483",1,0.982,"diablo-full","sim-data_n-500_effect-2_sigma-indep_corr-0"
"subject484",1,0.97,"diablo-full","sim-data_n-500_effect-2_sigma-indep_corr-0"
"subject487",0,-0.006,"diablo-full","sim-data_n-500_effect-2_sigma-indep_corr-0"
"subject489",0,-0.009,"diablo-full","sim-data_n-500_effect-2_sigma-indep_corr-0"
"subject494",0,0.026,"diablo-full","sim-data_n-500_effect-2_sigma-indep_corr-0"
"subject495",1,0.972,"diablo-full","sim-data_n-500_effect-2_sigma-indep_corr-0"
"subject497",1,0.971,"diablo-full","sim-data_n-500_effect-2_sigma-indep_corr-0"
"subject1",0,-0.013,"diablo-full","sim-data_n-500_effect-2_sigma-indep_corr-1"
"subject2",0,0.014,"diablo-full","sim-data_n-500_effect-2_sigma-indep_corr-1"
"subject4",0,0.019,"diablo-full","sim-data_n-500_effect-2_sigma-indep_corr-1"
"subject5",1,0.994,"diablo-full","sim-data_n-500_effect-2_sigma-indep_corr-1"
"subject6",1,0.975,"diablo-full","sim-data_n-500_effect-2_sigma-indep_corr-1"
"subject8",0,-0.027,"diablo-full","sim-data_n-500_effect-2_sigma-indep_corr-1"
"subject17",1,0.988,"diablo-full","sim-data_n-500_effect-2_sigma-indep_corr-1"
"subject23",1,0.97,"diablo-full","sim-data_n-500_effect-2_sigma-indep_corr-1"
"subject24",1,1.01,"diablo-full","sim-data_n-500_effect-2_sigma-indep_corr-1"
"subject28",0,-0.033,"diablo-full","sim-data_n-500_effect-2_sigma-indep_corr-1"
"subject30",0,0.008,"diablo-full","sim-data_n-500_effect-2_sigma-indep_corr-1"
"subject31",1,0.985,"diablo-full","sim-data_n-500_effect-2_sigma-indep_corr-1"
"subject35",0,-0.004,"diablo-full","sim-data_n-500_effect-2_sigma-indep_corr-1"
"subject36",0,0.011,"diablo-full","sim-data_n-500_effect-2_sigma-indep_corr-1"
"subject37",0,-0.037,"diablo-full","sim-data_n-500_effect-2_sigma-indep_corr-1"
"subject38",0,-0.018,"diablo-full","sim-data_n-500_effect-2_sigma-indep_corr-1"
"subject41",0,-0.007,"diablo-full","sim-data_n-500_effect-2_sigma-indep_corr-1"
"subject43",0,0.007,"diablo-full","sim-data_n-500_effect-2_sigma-indep_corr-1"
"subject46",0,-0.043,"diablo-full","sim-data_n-500_effect-2_sigma-indep_corr-1"
"subject48",1,0.971,"diablo-full","sim-data_n-500_effect-2_sigma-indep_corr-1"
"subject63",1,1.039,"diablo-full","sim-data_n-500_effect-2_sigma-indep_corr-1"
"subject64",0,-0.01,"diablo-full","sim-data_n-500_effect-2_sigma-indep_corr-1"
"subject69",1,0.946,"diablo-full","sim-data_n-500_effect-2_sigma-indep_corr-1"
"subject73",0,0.024,"diablo-full","sim-data_n-500_effect-2_sigma-indep_corr-1"
"subject74",1,1.024,"diablo-full","sim-data_n-500_effect-2_sigma-indep_corr-1"
"subject75",1,0.995,"diablo-full","sim-data_n-500_effect-2_sigma-indep_corr-1"
"subject77",0,-0.019,"diablo-full","sim-data_n-500_effect-2_sigma-indep_corr-1"
"subject80",0,-0.043,"diablo-full","sim-data_n-500_effect-2_sigma-indep_corr-1"
"subject83",0,0.009,"diablo-full","sim-data_n-500_effect-2_sigma-indep_corr-1"
"subject87",1,0.97,"diablo-full","sim-data_n-500_effect-2_sigma-indep_corr-1"
"subject92",1,0.987,"diablo-full","sim-data_n-500_effect-2_sigma-indep_corr-1"
"subject97",0,-0.011,"diablo-full","sim-data_n-500_effect-2_sigma-indep_corr-1"
"subject98",1,1.017,"diablo-full","sim-data_n-500_effect-2_sigma-indep_corr-1"
"subject107",1,0.999,"diablo-full","sim-data_n-500_effect-2_sigma-indep_corr-1"
"subject108",0,-0.007,"diablo-full","sim-data_n-500_effect-2_sigma-indep_corr-1"
"subject109",0,-0.001,"diablo-full","sim-data_n-500_effect-2_sigma-indep_corr-1"
"subject114",0,-0.019,"diablo-full","sim-data_n-500_effect-2_sigma-indep_corr-1"
"subject115",0,-0.037,"diablo-full","sim-data_n-500_effect-2_sigma-indep_corr-1"
"subject118",0,-0.007,"diablo-full","sim-data_n-500_effect-2_sigma-indep_corr-1"
"subject120",1,0.999,"diablo-full","sim-data_n-500_effect-2_sigma-indep_corr-1"
"subject121",1,1.004,"diablo-full","sim-data_n-500_effect-2_sigma-indep_corr-1"
"subject123",1,0.988,"diablo-full","sim-data_n-500_effect-2_sigma-indep_corr-1"
"subject127",0,0.032,"diablo-full","sim-data_n-500_effect-2_sigma-indep_corr-1"
"subject135",1,0.971,"diablo-full","sim-data_n-500_effect-2_sigma-indep_corr-1"
"subject136",0,0.022,"diablo-full","sim-data_n-500_effect-2_sigma-indep_corr-1"
"subject137",1,0.997,"diablo-full","sim-data_n-500_effect-2_sigma-indep_corr-1"
"subject142",0,-0.035,"diablo-full","sim-data_n-500_effect-2_sigma-indep_corr-1"
"subject145",1,0.972,"diablo-full","sim-data_n-500_effect-2_sigma-indep_corr-1"
"subject149",1,0.998,"diablo-full","sim-data_n-500_effect-2_sigma-indep_corr-1"
"subject150",0,0.024,"diablo-full","sim-data_n-500_effect-2_sigma-indep_corr-1"
"subject152",1,0.959,"diablo-full","sim-data_n-500_effect-2_sigma-indep_corr-1"
"subject160",1,1.021,"diablo-full","sim-data_n-500_effect-2_sigma-indep_corr-1"
"subject162",0,0.026,"diablo-full","sim-data_n-500_effect-2_sigma-indep_corr-1"
"subject163",0,-0.028,"diablo-full","sim-data_n-500_effect-2_sigma-indep_corr-1"
"subject167",1,0.955,"diablo-full","sim-data_n-500_effect-2_sigma-indep_corr-1"
"subject170",1,0.978,"diablo-full","sim-data_n-500_effect-2_sigma-indep_corr-1"
"subject172",1,0.994,"diablo-full","sim-data_n-500_effect-2_sigma-indep_corr-1"
"subject177",1,1.015,"diablo-full","sim-data_n-500_effect-2_sigma-indep_corr-1"
"subject180",1,1.004,"diablo-full","sim-data_n-500_effect-2_sigma-indep_corr-1"
"subject181",0,-0.009,"diablo-full","sim-data_n-500_effect-2_sigma-indep_corr-1"
"subject186",0,0.011,"diablo-full","sim-data_n-500_effect-2_sigma-indep_corr-1"
"subject188",1,0.969,"diablo-full","sim-data_n-500_effect-2_sigma-indep_corr-1"
"subject193",1,0.965,"diablo-full","sim-data_n-500_effect-2_sigma-indep_corr-1"
"subject198",1,0.963,"diablo-full","sim-data_n-500_effect-2_sigma-indep_corr-1"
"subject199",1,1.007,"diablo-full","sim-data_n-500_effect-2_sigma-indep_corr-1"
"subject207",1,1.015,"diablo-full","sim-data_n-500_effect-2_sigma-indep_corr-1"
"subject213",1,0.969,"diablo-full","sim-data_n-500_effect-2_sigma-indep_corr-1"
"subject215",0,0.031,"diablo-full","sim-data_n-500_effect-2_sigma-indep_corr-1"
"subject222",0,0.05,"diablo-full","sim-data_n-500_effect-2_sigma-indep_corr-1"
"subject223",1,0.966,"diablo-full","sim-data_n-500_effect-2_sigma-indep_corr-1"
"subject225",1,0.971,"diablo-full","sim-data_n-500_effect-2_sigma-indep_corr-1"
"subject231",1,1.004,"diablo-full","sim-data_n-500_effect-2_sigma-indep_corr-1"
"subject233",1,0.984,"diablo-full","sim-data_n-500_effect-2_sigma-indep_corr-1"
"subject241",0,-0.009,"diablo-full","sim-data_n-500_effect-2_sigma-indep_corr-1"
"subject246",1,0.996,"diablo-full","sim-data_n-500_effect-2_sigma-indep_corr-1"
"subject247",1,0.986,"diablo-full","sim-data_n-500_effect-2_sigma-indep_corr-1"
"subject248",0,-0.023,"diablo-full","sim-data_n-500_effect-2_sigma-indep_corr-1"
"subject253",1,0.969,"diablo-full","sim-data_n-500_effect-2_sigma-indep_corr-1"
"subject258",1,1,"diablo-full","sim-data_n-500_effect-2_sigma-indep_corr-1"
"subject260",1,0.988,"diablo-full","sim-data_n-500_effect-2_sigma-indep_corr-1"
"subject263",1,0.971,"diablo-full","sim-data_n-500_effect-2_sigma-indep_corr-1"
"subject264",1,0.99,"diablo-full","sim-data_n-500_effect-2_sigma-indep_corr-1"
"subject268",0,0.012,"diablo-full","sim-data_n-500_effect-2_sigma-indep_corr-1"
"subject273",0,-0.027,"diablo-full","sim-data_n-500_effect-2_sigma-indep_corr-1"
"subject279",0,-0.014,"diablo-full","sim-data_n-500_effect-2_sigma-indep_corr-1"
"subject280",1,1.013,"diablo-full","sim-data_n-500_effect-2_sigma-indep_corr-1"
"subject282",1,1,"diablo-full","sim-data_n-500_effect-2_sigma-indep_corr-1"
"subject284",0,-0.01,"diablo-full","sim-data_n-500_effect-2_sigma-indep_corr-1"
"subject286",1,0.994,"diablo-full","sim-data_n-500_effect-2_sigma-indep_corr-1"
"subject287",0,0,"diablo-full","sim-data_n-500_effect-2_sigma-indep_corr-1"
"subject288",0,0.013,"diablo-full","sim-data_n-500_effect-2_sigma-indep_corr-1"
"subject294",0,0.027,"diablo-full","sim-data_n-500_effect-2_sigma-indep_corr-1"
"subject297",0,-0.021,"diablo-full","sim-data_n-500_effect-2_sigma-indep_corr-1"
"subject298",0,-0.011,"diablo-full","sim-data_n-500_effect-2_sigma-indep_corr-1"
"subject299",0,-0.027,"diablo-full","sim-data_n-500_effect-2_sigma-indep_corr-1"
"subject303",0,-0.029,"diablo-full","sim-data_n-500_effect-2_sigma-indep_corr-1"
"subject304",0,0.004,"diablo-full","sim-data_n-500_effect-2_sigma-indep_corr-1"
"subject305",0,0.061,"diablo-full","sim-data_n-500_effect-2_sigma-indep_corr-1"
"subject310",1,0.993,"diablo-full","sim-data_n-500_effect-2_sigma-indep_corr-1"
"subject313",1,0.955,"diablo-full","sim-data_n-500_effect-2_sigma-indep_corr-1"
"subject314",1,0.985,"diablo-full","sim-data_n-500_effect-2_sigma-indep_corr-1"
"subject315",1,0.998,"diablo-full","sim-data_n-500_effect-2_sigma-indep_corr-1"
"subject316",0,0.015,"diablo-full","sim-data_n-500_effect-2_sigma-indep_corr-1"
"subject321",0,-0.022,"diablo-full","sim-data_n-500_effect-2_sigma-indep_corr-1"
"subject322",0,-0.056,"diablo-full","sim-data_n-500_effect-2_sigma-indep_corr-1"
"subject331",1,1.008,"diablo-full","sim-data_n-500_effect-2_sigma-indep_corr-1"
"subject335",0,0.004,"diablo-full","sim-data_n-500_effect-2_sigma-indep_corr-1"
"subject340",0,0.019,"diablo-full","sim-data_n-500_effect-2_sigma-indep_corr-1"
"subject342",1,0.989,"diablo-full","sim-data_n-500_effect-2_sigma-indep_corr-1"
"subject359",1,1.024,"diablo-full","sim-data_n-500_effect-2_sigma-indep_corr-1"
"subject360",1,0.953,"diablo-full","sim-data_n-500_effect-2_sigma-indep_corr-1"
"subject363",1,0.982,"diablo-full","sim-data_n-500_effect-2_sigma-indep_corr-1"
"subject364",1,1.006,"diablo-full","sim-data_n-500_effect-2_sigma-indep_corr-1"
"subject365",1,0.994,"diablo-full","sim-data_n-500_effect-2_sigma-indep_corr-1"
"subject368",0,0.004,"diablo-full","sim-data_n-500_effect-2_sigma-indep_corr-1"
"subject372",1,0.989,"diablo-full","sim-data_n-500_effect-2_sigma-indep_corr-1"
"subject381",0,0.01,"diablo-full","sim-data_n-500_effect-2_sigma-indep_corr-1"
"subject382",1,1.025,"diablo-full","sim-data_n-500_effect-2_sigma-indep_corr-1"
"subject384",1,0.981,"diablo-full","sim-data_n-500_effect-2_sigma-indep_corr-1"
"subject387",1,1.002,"diablo-full","sim-data_n-500_effect-2_sigma-indep_corr-1"
"subject391",1,0.978,"diablo-full","sim-data_n-500_effect-2_sigma-indep_corr-1"
"subject393",0,-0.001,"diablo-full","sim-data_n-500_effect-2_sigma-indep_corr-1"
"subject394",0,0.031,"diablo-full","sim-data_n-500_effect-2_sigma-indep_corr-1"
"subject401",0,-0.011,"diablo-full","sim-data_n-500_effect-2_sigma-indep_corr-1"
"subject403",0,-0.001,"diablo-full","sim-data_n-500_effect-2_sigma-indep_corr-1"
"subject408",0,0.033,"diablo-full","sim-data_n-500_effect-2_sigma-indep_corr-1"
"subject410",1,0.96,"diablo-full","sim-data_n-500_effect-2_sigma-indep_corr-1"
"subject411",0,0.036,"diablo-full","sim-data_n-500_effect-2_sigma-indep_corr-1"
"subject412",0,0.009,"diablo-full","sim-data_n-500_effect-2_sigma-indep_corr-1"
"subject414",1,0.993,"diablo-full","sim-data_n-500_effect-2_sigma-indep_corr-1"
"subject420",0,-0.006,"diablo-full","sim-data_n-500_effect-2_sigma-indep_corr-1"
"subject425",1,0.977,"diablo-full","sim-data_n-500_effect-2_sigma-indep_corr-1"
"subject426",0,0.014,"diablo-full","sim-data_n-500_effect-2_sigma-indep_corr-1"
"subject427",0,0.005,"diablo-full","sim-data_n-500_effect-2_sigma-indep_corr-1"
"subject431",1,0.98,"diablo-full","sim-data_n-500_effect-2_sigma-indep_corr-1"
"subject433",1,0.949,"diablo-full","sim-data_n-500_effect-2_sigma-indep_corr-1"
"subject435",0,-0.005,"diablo-full","sim-data_n-500_effect-2_sigma-indep_corr-1"
"subject442",0,0.01,"diablo-full","sim-data_n-500_effect-2_sigma-indep_corr-1"
"subject449",0,-0.021,"diablo-full","sim-data_n-500_effect-2_sigma-indep_corr-1"
"subject457",0,-0.017,"diablo-full","sim-data_n-500_effect-2_sigma-indep_corr-1"
"subject463",1,1.006,"diablo-full","sim-data_n-500_effect-2_sigma-indep_corr-1"
"subject471",0,0.002,"diablo-full","sim-data_n-500_effect-2_sigma-indep_corr-1"
"subject477",1,0.984,"diablo-full","sim-data_n-500_effect-2_sigma-indep_corr-1"
"subject480",0,0.001,"diablo-full","sim-data_n-500_effect-2_sigma-indep_corr-1"
"subject485",0,0.026,"diablo-full","sim-data_n-500_effect-2_sigma-indep_corr-1"
"subject487",1,1.004,"diablo-full","sim-data_n-500_effect-2_sigma-indep_corr-1"
"subject490",0,-0.019,"diablo-full","sim-data_n-500_effect-2_sigma-indep_corr-1"
"subject492",1,1.007,"diablo-full","sim-data_n-500_effect-2_sigma-indep_corr-1"
"subject497",1,0.999,"diablo-full","sim-data_n-500_effect-2_sigma-indep_corr-1"
"subject500",1,0.962,"diablo-full","sim-data_n-500_effect-2_sigma-indep_corr-1"
"subject3",0,0.052,"diablo-full","sim-data_n-500_effect-2_sigma-indep_corr-1"
"subject9",0,0.021,"diablo-full","sim-data_n-500_effect-2_sigma-indep_corr-1"
"subject13",0,0.03,"diablo-full","sim-data_n-500_effect-2_sigma-indep_corr-1"
"subject14",1,0.974,"diablo-full","sim-data_n-500_effect-2_sigma-indep_corr-1"
"subject16",0,0.01,"diablo-full","sim-data_n-500_effect-2_sigma-indep_corr-1"
"subject18",1,0.976,"diablo-full","sim-data_n-500_effect-2_sigma-indep_corr-1"
"subject19",1,1.011,"diablo-full","sim-data_n-500_effect-2_sigma-indep_corr-1"
"subject20",0,-0.049,"diablo-full","sim-data_n-500_effect-2_sigma-indep_corr-1"
"subject25",0,0.015,"diablo-full","sim-data_n-500_effect-2_sigma-indep_corr-1"
"subject26",0,0.032,"diablo-full","sim-data_n-500_effect-2_sigma-indep_corr-1"
"subject40",0,0.05,"diablo-full","sim-data_n-500_effect-2_sigma-indep_corr-1"
"subject44",0,0.061,"diablo-full","sim-data_n-500_effect-2_sigma-indep_corr-1"
"subject45",1,0.982,"diablo-full","sim-data_n-500_effect-2_sigma-indep_corr-1"
"subject47",0,0.002,"diablo-full","sim-data_n-500_effect-2_sigma-indep_corr-1"
"subject50",1,0.995,"diablo-full","sim-data_n-500_effect-2_sigma-indep_corr-1"
"subject53",1,0.983,"diablo-full","sim-data_n-500_effect-2_sigma-indep_corr-1"
"subject54",0,0.018,"diablo-full","sim-data_n-500_effect-2_sigma-indep_corr-1"
"subject55",1,1.034,"diablo-full","sim-data_n-500_effect-2_sigma-indep_corr-1"
"subject57",1,0.958,"diablo-full","sim-data_n-500_effect-2_sigma-indep_corr-1"
"subject60",0,0.051,"diablo-full","sim-data_n-500_effect-2_sigma-indep_corr-1"
"subject62",0,0.007,"diablo-full","sim-data_n-500_effect-2_sigma-indep_corr-1"
"subject65",0,0.055,"diablo-full","sim-data_n-500_effect-2_sigma-indep_corr-1"
"subject66",0,0.013,"diablo-full","sim-data_n-500_effect-2_sigma-indep_corr-1"
"subject68",0,0.021,"diablo-full","sim-data_n-500_effect-2_sigma-indep_corr-1"
"subject72",0,0.052,"diablo-full","sim-data_n-500_effect-2_sigma-indep_corr-1"
"subject76",1,0.998,"diablo-full","sim-data_n-500_effect-2_sigma-indep_corr-1"
"subject79",1,0.977,"diablo-full","sim-data_n-500_effect-2_sigma-indep_corr-1"
"subject84",1,1.006,"diablo-full","sim-data_n-500_effect-2_sigma-indep_corr-1"
"subject86",1,0.972,"diablo-full","sim-data_n-500_effect-2_sigma-indep_corr-1"
"subject94",0,-0.006,"diablo-full","sim-data_n-500_effect-2_sigma-indep_corr-1"
"subject101",1,0.998,"diablo-full","sim-data_n-500_effect-2_sigma-indep_corr-1"
"subject102",1,0.95,"diablo-full","sim-data_n-500_effect-2_sigma-indep_corr-1"
"subject106",1,0.941,"diablo-full","sim-data_n-500_effect-2_sigma-indep_corr-1"
"subject113",1,1.009,"diablo-full","sim-data_n-500_effect-2_sigma-indep_corr-1"
"subject117",1,0.964,"diablo-full","sim-data_n-500_effect-2_sigma-indep_corr-1"
"subject122",1,1.005,"diablo-full","sim-data_n-500_effect-2_sigma-indep_corr-1"
"subject124",0,0.048,"diablo-full","sim-data_n-500_effect-2_sigma-indep_corr-1"
"subject129",0,-0.009,"diablo-full","sim-data_n-500_effect-2_sigma-indep_corr-1"
"subject131",0,0.034,"diablo-full","sim-data_n-500_effect-2_sigma-indep_corr-1"
"subject132",1,1.032,"diablo-full","sim-data_n-500_effect-2_sigma-indep_corr-1"
"subject139",1,0.982,"diablo-full","sim-data_n-500_effect-2_sigma-indep_corr-1"
"subject153",1,0.996,"diablo-full","sim-data_n-500_effect-2_sigma-indep_corr-1"
"subject155",0,0.009,"diablo-full","sim-data_n-500_effect-2_sigma-indep_corr-1"
"subject158",1,0.982,"diablo-full","sim-data_n-500_effect-2_sigma-indep_corr-1"
"subject161",0,0.021,"diablo-full","sim-data_n-500_effect-2_sigma-indep_corr-1"
"subject166",1,1.002,"diablo-full","sim-data_n-500_effect-2_sigma-indep_corr-1"
"subject169",0,0.074,"diablo-full","sim-data_n-500_effect-2_sigma-indep_corr-1"
"subject171",1,0.977,"diablo-full","sim-data_n-500_effect-2_sigma-indep_corr-1"
"subject174",1,0.969,"diablo-full","sim-data_n-500_effect-2_sigma-indep_corr-1"
"subject175",1,0.965,"diablo-full","sim-data_n-500_effect-2_sigma-indep_corr-1"
"subject176",0,0.046,"diablo-full","sim-data_n-500_effect-2_sigma-indep_corr-1"
"subject178",0,0.045,"diablo-full","sim-data_n-500_effect-2_sigma-indep_corr-1"
"subject182",1,1.03,"diablo-full","sim-data_n-500_effect-2_sigma-indep_corr-1"
"subject185",0,0.055,"diablo-full","sim-data_n-500_effect-2_sigma-indep_corr-1"
"subject189",0,0.009,"diablo-full","sim-data_n-500_effect-2_sigma-indep_corr-1"
"subject192",1,1.011,"diablo-full","sim-data_n-500_effect-2_sigma-indep_corr-1"
"subject194",1,1.021,"diablo-full","sim-data_n-500_effect-2_sigma-indep_corr-1"
"subject196",0,0.023,"diablo-full","sim-data_n-500_effect-2_sigma-indep_corr-1"
"subject200",0,0.009,"diablo-full","sim-data_n-500_effect-2_sigma-indep_corr-1"
"subject201",0,0.042,"diablo-full","sim-data_n-500_effect-2_sigma-indep_corr-1"
"subject202",1,1.001,"diablo-full","sim-data_n-500_effect-2_sigma-indep_corr-1"
"subject203",0,0.03,"diablo-full","sim-data_n-500_effect-2_sigma-indep_corr-1"
"subject206",1,0.974,"diablo-full","sim-data_n-500_effect-2_sigma-indep_corr-1"
"subject208",1,1.006,"diablo-full","sim-data_n-500_effect-2_sigma-indep_corr-1"
"subject210",1,0.969,"diablo-full","sim-data_n-500_effect-2_sigma-indep_corr-1"
"subject216",0,0.024,"diablo-full","sim-data_n-500_effect-2_sigma-indep_corr-1"
"subject217",0,0.03,"diablo-full","sim-data_n-500_effect-2_sigma-indep_corr-1"
"subject220",0,0.001,"diablo-full","sim-data_n-500_effect-2_sigma-indep_corr-1"
"subject224",1,1.013,"diablo-full","sim-data_n-500_effect-2_sigma-indep_corr-1"
"subject226",0,0.027,"diablo-full","sim-data_n-500_effect-2_sigma-indep_corr-1"
"subject227",1,0.974,"diablo-full","sim-data_n-500_effect-2_sigma-indep_corr-1"
"subject230",1,0.991,"diablo-full","sim-data_n-500_effect-2_sigma-indep_corr-1"
"subject234",0,-0.002,"diablo-full","sim-data_n-500_effect-2_sigma-indep_corr-1"
"subject235",1,0.986,"diablo-full","sim-data_n-500_effect-2_sigma-indep_corr-1"
"subject236",1,1.006,"diablo-full","sim-data_n-500_effect-2_sigma-indep_corr-1"
"subject242",0,0.041,"diablo-full","sim-data_n-500_effect-2_sigma-indep_corr-1"
"subject245",0,-0.017,"diablo-full","sim-data_n-500_effect-2_sigma-indep_corr-1"
"subject250",1,0.998,"diablo-full","sim-data_n-500_effect-2_sigma-indep_corr-1"
"subject252",1,0.99,"diablo-full","sim-data_n-500_effect-2_sigma-indep_corr-1"
"subject254",0,0.034,"diablo-full","sim-data_n-500_effect-2_sigma-indep_corr-1"
"subject255",1,0.976,"diablo-full","sim-data_n-500_effect-2_sigma-indep_corr-1"
"subject256",0,-0.005,"diablo-full","sim-data_n-500_effect-2_sigma-indep_corr-1"
"subject261",0,0.027,"diablo-full","sim-data_n-500_effect-2_sigma-indep_corr-1"
"subject265",0,0.007,"diablo-full","sim-data_n-500_effect-2_sigma-indep_corr-1"
"subject276",1,1.027,"diablo-full","sim-data_n-500_effect-2_sigma-indep_corr-1"
"subject277",1,0.978,"diablo-full","sim-data_n-500_effect-2_sigma-indep_corr-1"
"subject290",0,0.013,"diablo-full","sim-data_n-500_effect-2_sigma-indep_corr-1"
"subject292",0,0.031,"diablo-full","sim-data_n-500_effect-2_sigma-indep_corr-1"
"subject293",0,0.026,"diablo-full","sim-data_n-500_effect-2_sigma-indep_corr-1"
"subject296",0,0.054,"diablo-full","sim-data_n-500_effect-2_sigma-indep_corr-1"
"subject306",1,0.978,"diablo-full","sim-data_n-500_effect-2_sigma-indep_corr-1"
"subject307",0,0.036,"diablo-full","sim-data_n-500_effect-2_sigma-indep_corr-1"
"subject317",1,0.964,"diablo-full","sim-data_n-500_effect-2_sigma-indep_corr-1"
"subject318",1,0.976,"diablo-full","sim-data_n-500_effect-2_sigma-indep_corr-1"
"subject319",1,0.978,"diablo-full","sim-data_n-500_effect-2_sigma-indep_corr-1"
"subject320",1,0.998,"diablo-full","sim-data_n-500_effect-2_sigma-indep_corr-1"
"subject325",1,0.994,"diablo-full","sim-data_n-500_effect-2_sigma-indep_corr-1"
"subject328",0,-0.002,"diablo-full","sim-data_n-500_effect-2_sigma-indep_corr-1"
"subject330",1,1.026,"diablo-full","sim-data_n-500_effect-2_sigma-indep_corr-1"
"subject332",1,0.994,"diablo-full","sim-data_n-500_effect-2_sigma-indep_corr-1"
"subject337",0,0.03,"diablo-full","sim-data_n-500_effect-2_sigma-indep_corr-1"
"subject339",1,1.032,"diablo-full","sim-data_n-500_effect-2_sigma-indep_corr-1"
"subject344",0,-0.015,"diablo-full","sim-data_n-500_effect-2_sigma-indep_corr-1"
"subject346",0,0.056,"diablo-full","sim-data_n-500_effect-2_sigma-indep_corr-1"
"subject354",0,0.027,"diablo-full","sim-data_n-500_effect-2_sigma-indep_corr-1"
"subject355",1,0.957,"diablo-full","sim-data_n-500_effect-2_sigma-indep_corr-1"
"subject356",0,0.018,"diablo-full","sim-data_n-500_effect-2_sigma-indep_corr-1"
"subject361",1,0.99,"diablo-full","sim-data_n-500_effect-2_sigma-indep_corr-1"
"subject366",1,1.018,"diablo-full","sim-data_n-500_effect-2_sigma-indep_corr-1"
"subject367",1,1.054,"diablo-full","sim-data_n-500_effect-2_sigma-indep_corr-1"
"subject370",0,0.007,"diablo-full","sim-data_n-500_effect-2_sigma-indep_corr-1"
"subject373",0,0.008,"diablo-full","sim-data_n-500_effect-2_sigma-indep_corr-1"
"subject376",1,1.007,"diablo-full","sim-data_n-500_effect-2_sigma-indep_corr-1"
"subject378",1,0.969,"diablo-full","sim-data_n-500_effect-2_sigma-indep_corr-1"
"subject380",0,0.054,"diablo-full","sim-data_n-500_effect-2_sigma-indep_corr-1"
"subject386",0,0.004,"diablo-full","sim-data_n-500_effect-2_sigma-indep_corr-1"
"subject389",1,0.987,"diablo-full","sim-data_n-500_effect-2_sigma-indep_corr-1"
"subject392",0,-0.011,"diablo-full","sim-data_n-500_effect-2_sigma-indep_corr-1"
"subject397",0,0.024,"diablo-full","sim-data_n-500_effect-2_sigma-indep_corr-1"
"subject398",1,0.982,"diablo-full","sim-data_n-500_effect-2_sigma-indep_corr-1"
"subject400",1,0.976,"diablo-full","sim-data_n-500_effect-2_sigma-indep_corr-1"
"subject406",1,0.976,"diablo-full","sim-data_n-500_effect-2_sigma-indep_corr-1"
"subject407",0,0.004,"diablo-full","sim-data_n-500_effect-2_sigma-indep_corr-1"
"subject418",0,0.071,"diablo-full","sim-data_n-500_effect-2_sigma-indep_corr-1"
"subject423",1,1.026,"diablo-full","sim-data_n-500_effect-2_sigma-indep_corr-1"
"subject428",0,0.044,"diablo-full","sim-data_n-500_effect-2_sigma-indep_corr-1"
"subject434",1,0.991,"diablo-full","sim-data_n-500_effect-2_sigma-indep_corr-1"
"subject436",0,0.005,"diablo-full","sim-data_n-500_effect-2_sigma-indep_corr-1"
"subject439",0,0.049,"diablo-full","sim-data_n-500_effect-2_sigma-indep_corr-1"
"subject441",1,0.991,"diablo-full","sim-data_n-500_effect-2_sigma-indep_corr-1"
"subject444",0,0.015,"diablo-full","sim-data_n-500_effect-2_sigma-indep_corr-1"
"subject445",0,0,"diablo-full","sim-data_n-500_effect-2_sigma-indep_corr-1"
"subject447",1,1.032,"diablo-full","sim-data_n-500_effect-2_sigma-indep_corr-1"
"subject448",1,1.005,"diablo-full","sim-data_n-500_effect-2_sigma-indep_corr-1"
"subject455",1,1.018,"diablo-full","sim-data_n-500_effect-2_sigma-indep_corr-1"
"subject458",0,0.046,"diablo-full","sim-data_n-500_effect-2_sigma-indep_corr-1"
"subject462",0,0.013,"diablo-full","sim-data_n-500_effect-2_sigma-indep_corr-1"
"subject464",0,0.029,"diablo-full","sim-data_n-500_effect-2_sigma-indep_corr-1"
"subject465",1,1.017,"diablo-full","sim-data_n-500_effect-2_sigma-indep_corr-1"
"subject467",0,0.01,"diablo-full","sim-data_n-500_effect-2_sigma-indep_corr-1"
"subject468",0,0.003,"diablo-full","sim-data_n-500_effect-2_sigma-indep_corr-1"
"subject473",1,0.984,"diablo-full","sim-data_n-500_effect-2_sigma-indep_corr-1"
"subject476",0,0.001,"diablo-full","sim-data_n-500_effect-2_sigma-indep_corr-1"
"subject478",1,0.993,"diablo-full","sim-data_n-500_effect-2_sigma-indep_corr-1"
"subject479",1,0.981,"diablo-full","sim-data_n-500_effect-2_sigma-indep_corr-1"
"subject482",1,1,"diablo-full","sim-data_n-500_effect-2_sigma-indep_corr-1"
"subject486",0,0.022,"diablo-full","sim-data_n-500_effect-2_sigma-indep_corr-1"
"subject494",0,-0.006,"diablo-full","sim-data_n-500_effect-2_sigma-indep_corr-1"
"subject496",1,0.983,"diablo-full","sim-data_n-500_effect-2_sigma-indep_corr-1"
"subject498",0,0.044,"diablo-full","sim-data_n-500_effect-2_sigma-indep_corr-1"
"patient-4",0,0.624,"diablo-full","rosmap"
"patient-5",0,0.487,"diablo-full","rosmap"
"patient-6",0,0.392,"diablo-full","rosmap"
"patient-11",1,0.474,"diablo-full","rosmap"
"patient-15",0,0.589,"diablo-full","rosmap"
"patient-17",1,0.472,"diablo-full","rosmap"
"patient-18",0,0.205,"diablo-full","rosmap"
"patient-20",1,0.755,"diablo-full","rosmap"
"patient-22",1,0.972,"diablo-full","rosmap"
"patient-24",0,0.145,"diablo-full","rosmap"
"patient-28",0,0.616,"diablo-full","rosmap"
"patient-29",0,0.287,"diablo-full","rosmap"
"patient-30",0,0.399,"diablo-full","rosmap"
"patient-34",0,0.717,"diablo-full","rosmap"
"patient-36",0,0.467,"diablo-full","rosmap"
"patient-37",0,0.294,"diablo-full","rosmap"
"patient-38",1,0.515,"diablo-full","rosmap"
"patient-41",0,0.454,"diablo-full","rosmap"
"patient-44",1,0.7,"diablo-full","rosmap"
"patient-46",1,0.675,"diablo-full","rosmap"
"patient-47",0,0.429,"diablo-full","rosmap"
"patient-48",1,0.36,"diablo-full","rosmap"
"patient-51",0,0.343,"diablo-full","rosmap"
"patient-53",1,0.724,"diablo-full","rosmap"
"patient-55",0,0.652,"diablo-full","rosmap"
"patient-58",0,0.243,"diablo-full","rosmap"
"patient-61",1,0.658,"diablo-full","rosmap"
"patient-62",1,0.607,"diablo-full","rosmap"
"patient-63",1,0.714,"diablo-full","rosmap"
"patient-64",1,0.48,"diablo-full","rosmap"
"patient-67",1,0.497,"diablo-full","rosmap"
"patient-69",0,0.492,"diablo-full","rosmap"
"patient-71",0,0.364,"diablo-full","rosmap"
"patient-73",1,0.344,"diablo-full","rosmap"
"patient-74",0,0.312,"diablo-full","rosmap"
"patient-75",0,0.585,"diablo-full","rosmap"
"patient-76",0,0.583,"diablo-full","rosmap"
"patient-78",1,0.62,"diablo-full","rosmap"
"patient-80",1,0.642,"diablo-full","rosmap"
"patient-81",0,0.506,"diablo-full","rosmap"
"patient-82",0,0.685,"diablo-full","rosmap"
"patient-83",0,0.301,"diablo-full","rosmap"
"patient-88",1,0.845,"diablo-full","rosmap"
"patient-93",1,0.523,"diablo-full","rosmap"
"patient-94",0,0.21,"diablo-full","rosmap"
"patient-98",0,0.476,"diablo-full","rosmap"
"patient-99",0,0.204,"diablo-full","rosmap"
"patient-101",0,0.61,"diablo-full","rosmap"
"patient-102",1,0.453,"diablo-full","rosmap"
"patient-103",0,0.63,"diablo-full","rosmap"
"patient-106",1,0.76,"diablo-full","rosmap"
"patient-109",1,0.544,"diablo-full","rosmap"
"patient-110",0,0.365,"diablo-full","rosmap"
"patient-112",1,0.718,"diablo-full","rosmap"
"patient-120",0,0.69,"diablo-full","rosmap"
"patient-124",0,0.47,"diablo-full","rosmap"
"patient-125",0,0.259,"diablo-full","rosmap"
"patient-126",0,0.274,"diablo-full","rosmap"
"patient-128",1,0.476,"diablo-full","rosmap"
"patient-129",0,0.539,"diablo-full","rosmap"
"patient-131",0,0.375,"diablo-full","rosmap"
"patient-134",1,0.216,"diablo-full","rosmap"
"patient-135",0,0.549,"diablo-full","rosmap"
"patient-136",1,0.372,"diablo-full","rosmap"
"patient-140",1,0.642,"diablo-full","rosmap"
"patient-141",1,0.77,"diablo-full","rosmap"
"patient-143",0,0.539,"diablo-full","rosmap"
"patient-144",1,0.654,"diablo-full","rosmap"
"patient-145",0,0.376,"diablo-full","rosmap"
"patient-150",1,0.54,"diablo-full","rosmap"
"patient-151",1,0.625,"diablo-full","rosmap"
"patient-152",0,0.281,"diablo-full","rosmap"
"patient-153",1,0.521,"diablo-full","rosmap"
"patient-155",1,0.585,"diablo-full","rosmap"
"patient-157",0,0.438,"diablo-full","rosmap"
"patient-159",1,0.457,"diablo-full","rosmap"
"patient-160",1,1.046,"diablo-full","rosmap"
"patient-163",1,0.37,"diablo-full","rosmap"
"patient-164",1,0.504,"diablo-full","rosmap"
"patient-165",0,0.421,"diablo-full","rosmap"
"patient-166",1,0.531,"diablo-full","rosmap"
"patient-167",1,0.746,"diablo-full","rosmap"
"patient-169",0,0.469,"diablo-full","rosmap"
"patient-170",0,0.398,"diablo-full","rosmap"
"patient-173",0,0.405,"diablo-full","rosmap"
"patient-174",1,0.464,"diablo-full","rosmap"
"patient-179",0,0.41,"diablo-full","rosmap"
"patient-182",1,0.558,"diablo-full","rosmap"
"patient-184",1,0.41,"diablo-full","rosmap"
"patient-186",1,0.389,"diablo-full","rosmap"
"patient-187",0,0.308,"diablo-full","rosmap"
"patient-189",1,0.771,"diablo-full","rosmap"
"patient-192",0,0.736,"diablo-full","rosmap"
"patient-196",1,0.748,"diablo-full","rosmap"
"patient-197",1,0.837,"diablo-full","rosmap"
"patient-198",0,0.479,"diablo-full","rosmap"
"patient-200",1,0.512,"diablo-full","rosmap"
"patient-204",0,0.49,"diablo-full","rosmap"
"patient-206",1,0.279,"diablo-full","rosmap"
"patient-207",0,0.449,"diablo-full","rosmap"
"patient-208",1,0.721,"diablo-full","rosmap"
"patient-209",1,0.638,"diablo-full","rosmap"
"patient-213",1,0.385,"diablo-full","rosmap"
"patient-215",0,0.714,"diablo-full","rosmap"
"patient-217",0,0.349,"diablo-full","rosmap"
"patient-222",0,0.473,"diablo-full","rosmap"
"patient-223",0,0.588,"diablo-full","rosmap"
"patient-226",0,0.379,"diablo-full","rosmap"
"patient-227",0,0.317,"diablo-full","rosmap"
"patient-230",1,1.02,"diablo-full","rosmap"
"patient-233",0,0.691,"diablo-full","rosmap"
"patient-234",1,0.548,"diablo-full","rosmap"
"patient-235",0,0.747,"diablo-full","rosmap"
"patient-237",1,0.599,"diablo-full","rosmap"
"patient-246",1,0.798,"diablo-full","rosmap"
"patient-247",1,0.47,"diablo-full","rosmap"
"patient-250",1,0.445,"diablo-full","rosmap"
"patient-251",1,0.687,"diablo-full","rosmap"
"patient-252",0,0.393,"diablo-full","rosmap"
"patient-253",0,0.368,"diablo-full","rosmap"
"patient-254",0,0.583,"diablo-full","rosmap"
"patient-255",0,0.288,"diablo-full","rosmap"
"patient-258",1,0.559,"diablo-full","rosmap"
"patient-259",1,0.906,"diablo-full","rosmap"
"patient-261",1,0.736,"diablo-full","rosmap"
"patient-262",0,0.41,"diablo-full","rosmap"
"patient-263",1,0.812,"diablo-full","rosmap"
"patient-265",1,0.517,"diablo-full","rosmap"
"patient-268",0,0.516,"diablo-full","rosmap"
"patient-269",0,0.297,"diablo-full","rosmap"
"patient-271",1,0.553,"diablo-full","rosmap"
"patient-272",0,0.411,"diablo-full","rosmap"
"patient-274",0,0.296,"diablo-full","rosmap"
"patient-277",0,0.425,"diablo-full","rosmap"
"patient-278",1,0.8,"diablo-full","rosmap"
"patient-279",1,0.314,"diablo-full","rosmap"
"patient-282",1,0.829,"diablo-full","rosmap"
"patient-284",1,0.523,"diablo-full","rosmap"
"patient-285",1,0.72,"diablo-full","rosmap"
"patient-286",1,0.648,"diablo-full","rosmap"
"patient-287",1,0.582,"diablo-full","rosmap"
"patient-289",1,0.331,"diablo-full","rosmap"
"patient-294",0,0.386,"diablo-full","rosmap"
"patient-295",0,0.411,"diablo-full","rosmap"
"patient-296",0,0.206,"diablo-full","rosmap"
"patient-297",1,0.592,"diablo-full","rosmap"
"patient-299",1,0.752,"diablo-full","rosmap"
"patient-302",1,0.6,"diablo-full","rosmap"
"patient-303",1,0.568,"diablo-full","rosmap"
"patient-304",0,0.281,"diablo-full","rosmap"
"patient-306",0,0.52,"diablo-full","rosmap"
"patient-307",0,0.499,"diablo-full","rosmap"
"patient-308",0,0.361,"diablo-full","rosmap"
"patient-309",0,0.265,"diablo-full","rosmap"
"patient-311",1,0.675,"diablo-full","rosmap"
"patient-314",1,0.935,"diablo-full","rosmap"
"patient-315",0,0.73,"diablo-full","rosmap"
"patient-318",0,0.401,"diablo-full","rosmap"
"patient-319",1,0.643,"diablo-full","rosmap"
"patient-322",1,0.817,"diablo-full","rosmap"
"patient-323",1,0.603,"diablo-full","rosmap"
"patient-327",1,0.455,"diablo-full","rosmap"
"patient-328",1,0.398,"diablo-full","rosmap"
"patient-329",0,0.348,"diablo-full","rosmap"
"patient-330",1,0.568,"diablo-full","rosmap"
"patient-331",0,0.519,"diablo-full","rosmap"
"patient-332",1,0.795,"diablo-full","rosmap"
"patient-334",0,0.386,"diablo-full","rosmap"
"patient-336",0,0.286,"diablo-full","rosmap"
"patient-337",1,0.812,"diablo-full","rosmap"
"patient-340",0,0.614,"diablo-full","rosmap"
"patient-343",1,0.674,"diablo-full","rosmap"
"patient-345",1,0.538,"diablo-full","rosmap"
"patient-346",1,0.414,"diablo-full","rosmap"
"patient-347",1,0.621,"diablo-full","rosmap"
"patient-350",1,0.633,"diablo-full","rosmap"
"TCGA.BP.5178",1,0.671,"diablo-full","tcga-kipan"
"TCGA.BP.5191",1,0.666,"diablo-full","tcga-kipan"
"TCGA.BP.5201",1,0.521,"diablo-full","tcga-kipan"
"TCGA.A3.3357",0,0.539,"diablo-full","tcga-kipan"
"TCGA.A3.3370",0,0.446,"diablo-full","tcga-kipan"
"TCGA.A3.3376",0,0.411,"diablo-full","tcga-kipan"
"TCGA.A3.3385",0,0.395,"diablo-full","tcga-kipan"
"TCGA.B0.4688",1,0.825,"diablo-full","tcga-kipan"
"TCGA.B0.4691",1,0.713,"diablo-full","tcga-kipan"
"TCGA.B0.4693",1,0.516,"diablo-full","tcga-kipan"
"TCGA.B0.4696",1,0.81,"diablo-full","tcga-kipan"
"TCGA.B0.4697",1,0.773,"diablo-full","tcga-kipan"
"TCGA.B0.4701",1,0.576,"diablo-full","tcga-kipan"
"TCGA.B0.4813",1,0.64,"diablo-full","tcga-kipan"
"TCGA.B0.4817",1,0.851,"diablo-full","tcga-kipan"
"TCGA.B0.4819",1,0.74,"diablo-full","tcga-kipan"
"TCGA.B0.4823",0,0.443,"diablo-full","tcga-kipan"
"TCGA.B0.4824",0,0.506,"diablo-full","tcga-kipan"
"TCGA.B0.4828",1,0.589,"diablo-full","tcga-kipan"
"TCGA.B0.4843",1,0.61,"diablo-full","tcga-kipan"
"TCGA.B0.4846",1,0.516,"diablo-full","tcga-kipan"
"TCGA.B0.4848",1,0.647,"diablo-full","tcga-kipan"
"TCGA.B0.4945",0,0.465,"diablo-full","tcga-kipan"
"TCGA.B0.5095",1,0.673,"diablo-full","tcga-kipan"
"TCGA.B0.5096",1,0.605,"diablo-full","tcga-kipan"
"TCGA.B0.5100",1,0.482,"diablo-full","tcga-kipan"
"TCGA.B0.5102",0,0.492,"diablo-full","tcga-kipan"
"TCGA.B0.5104",0,0.469,"diablo-full","tcga-kipan"
"TCGA.B0.5107",1,0.783,"diablo-full","tcga-kipan"
"TCGA.B0.5108",1,0.619,"diablo-full","tcga-kipan"
"TCGA.B0.5109",1,0.837,"diablo-full","tcga-kipan"
"TCGA.B0.5110",0,0.385,"diablo-full","tcga-kipan"
"TCGA.B0.5113",1,0.44,"diablo-full","tcga-kipan"
"TCGA.B0.5116",1,0.457,"diablo-full","tcga-kipan"
"TCGA.B0.5119",0,0.398,"diablo-full","tcga-kipan"
"TCGA.B2.3924",0,0.47,"diablo-full","tcga-kipan"
"TCGA.B8.5159",0,0.425,"diablo-full","tcga-kipan"
"TCGA.B8.5163",1,0.636,"diablo-full","tcga-kipan"
"TCGA.B8.5165",0,0.39,"diablo-full","tcga-kipan"
"TCGA.BP.4801",0,0.408,"diablo-full","tcga-kipan"
"TCGA.BP.5010",1,0.62,"diablo-full","tcga-kipan"
"TCGA.BP.5169",0,0.809,"diablo-full","tcga-kipan"
"TCGA.BP.5173",0,0.424,"diablo-full","tcga-kipan"
"TCGA.BP.5176",0,0.456,"diablo-full","tcga-kipan"
"TCGA.BP.5177",0,0.378,"diablo-full","tcga-kipan"
"TCGA.BP.5185",0,0.471,"diablo-full","tcga-kipan"
"TCGA.BP.5186",0,0.362,"diablo-full","tcga-kipan"
"TCGA.BP.5190",0,0.477,"diablo-full","tcga-kipan"
"TCGA.BP.5192",0,0.303,"diablo-full","tcga-kipan"
"TCGA.BP.5195",0,0.462,"diablo-full","tcga-kipan"
"TCGA.BP.5196",0,0.634,"diablo-full","tcga-kipan"
"TCGA.BP.5198",1,0.572,"diablo-full","tcga-kipan"
"TCGA.BP.5200",0,0.414,"diablo-full","tcga-kipan"
"TCGA.CJ.4882",1,0.682,"diablo-full","tcga-kipan"
"TCGA.CJ.4901",1,0.715,"diablo-full","tcga-kipan"
"TCGA.CJ.4902",1,0.539,"diablo-full","tcga-kipan"
"TCGA.CJ.4905",0,0.371,"diablo-full","tcga-kipan"
"TCGA.CJ.4908",0,0.444,"diablo-full","tcga-kipan"
"TCGA.CJ.4918",1,0.521,"diablo-full","tcga-kipan"
"TCGA.CJ.4920",0,0.533,"diablo-full","tcga-kipan"
"TCGA.CJ.4923",1,0.678,"diablo-full","tcga-kipan"
"TCGA.CZ.4853",0,0.44,"diablo-full","tcga-kipan"
"10091310",0,0.207,"diablo-full","GSE71669"
"10093410",0,0.483,"diablo-full","GSE71669"
"30107713",1,0.297,"diablo-full","GSE71669"
"30107012",1,0.404,"diablo-full","GSE71669"
"30105711",0,0.655,"diablo-full","GSE71669"
"10092810",0,0.716,"diablo-full","GSE71669"
"30106516",0,0.371,"diablo-full","GSE71669"
"10092010",1,0.583,"diablo-full","GSE71669"
"30106815",0,0.307,"diablo-full","GSE71669"
"30105412",0,0.324,"diablo-full","GSE71669"
"10094310",1,0.466,"diablo-full","GSE71669"
"10091910",1,0.457,"diablo-full","GSE71669"
"10091710",1,0.461,"diablo-full","GSE71669"
"10093110",0,0.413,"diablo-full","GSE71669"
"30107919",1,0.296,"diablo-full","GSE71669"
"10093510",0,0.517,"diablo-full","GSE71669"
"subject1",1,0.945,"diablo-full","sim-data_n-50_effect-2_sigma-indep_corr-0"
"subject2",1,0.907,"diablo-full","sim-data_n-50_effect-2_sigma-indep_corr-0"
"subject11",0,0.037,"diablo-full","sim-data_n-50_effect-2_sigma-indep_corr-0"
"subject12",0,0.06,"diablo-full","sim-data_n-50_effect-2_sigma-indep_corr-0"
"subject14",0,0.028,"diablo-full","sim-data_n-50_effect-2_sigma-indep_corr-0"
"subject16",1,0.96,"diablo-full","sim-data_n-50_effect-2_sigma-indep_corr-0"
"subject19",1,0.919,"diablo-full","sim-data_n-50_effect-2_sigma-indep_corr-0"
"subject27",0,0.035,"diablo-full","sim-data_n-50_effect-2_sigma-indep_corr-0"
"subject29",1,0.893,"diablo-full","sim-data_n-50_effect-2_sigma-indep_corr-0"
"subject33",0,0.068,"diablo-full","sim-data_n-50_effect-2_sigma-indep_corr-0"
"subject35",1,0.907,"diablo-full","sim-data_n-50_effect-2_sigma-indep_corr-0"
"subject39",1,0.968,"diablo-full","sim-data_n-50_effect-2_sigma-indep_corr-0"
"subject41",1,0.923,"diablo-full","sim-data_n-50_effect-2_sigma-indep_corr-0"
"subject45",0,0.081,"diablo-full","sim-data_n-50_effect-2_sigma-indep_corr-0"
"subject48",1,0.946,"diablo-full","sim-data_n-50_effect-2_sigma-indep_corr-0"
"TCGA.B0.4707",1,0.792,"diablo-full","tcga-kipan"
"TCGA.B8.5162",0,0.629,"diablo-full","tcga-kipan"
"TCGA.BP.4760",0,0.393,"diablo-full","tcga-kipan"
"TCGA.BP.4993",0,0.32,"diablo-full","tcga-kipan"
"TCGA.BP.5168",0,0.203,"diablo-full","tcga-kipan"
"TCGA.BP.5181",0,0.212,"diablo-full","tcga-kipan"
"TCGA.BP.5189",0,0.394,"diablo-full","tcga-kipan"
"TCGA.BP.5199",0,0.514,"diablo-full","tcga-kipan"
"TCGA.CJ.4904",1,0.23,"diablo-full","tcga-kipan"
"TCGA.CZ.4856",0,0.347,"diablo-full","tcga-kipan"
"TCGA.A3.3367",0,0.235,"diablo-full","tcga-kipan"
"TCGA.A3.3373",0,0.249,"diablo-full","tcga-kipan"
"TCGA.AK.3428",1,0.39,"diablo-full","tcga-kipan"
"TCGA.AK.3434",0,0.399,"diablo-full","tcga-kipan"
"TCGA.B0.4690",1,0.892,"diablo-full","tcga-kipan"
"TCGA.B0.4694",1,0.674,"diablo-full","tcga-kipan"
"TCGA.B0.4699",1,0.844,"diablo-full","tcga-kipan"
"TCGA.B0.4703",1,0.74,"diablo-full","tcga-kipan"
"TCGA.B0.4713",1,0.733,"diablo-full","tcga-kipan"
"TCGA.B0.4714",1,0.439,"diablo-full","tcga-kipan"
"TCGA.B0.4718",1,0.46,"diablo-full","tcga-kipan"
"TCGA.B0.4814",1,0.418,"diablo-full","tcga-kipan"
"TCGA.B0.4822",0,0.728,"diablo-full","tcga-kipan"
"TCGA.B0.4827",1,0.565,"diablo-full","tcga-kipan"
"TCGA.B0.4841",1,0.409,"diablo-full","tcga-kipan"
"TCGA.B0.4842",1,0.795,"diablo-full","tcga-kipan"
"TCGA.B0.4844",1,0.614,"diablo-full","tcga-kipan"
"TCGA.B0.4845",1,0.353,"diablo-full","tcga-kipan"
"TCGA.B0.4847",1,0.491,"diablo-full","tcga-kipan"
"TCGA.B0.4849",1,0.321,"diablo-full","tcga-kipan"
"TCGA.B0.5092",1,0.69,"diablo-full","tcga-kipan"
"TCGA.B0.5094",1,0.534,"diablo-full","tcga-kipan"
"TCGA.B0.5097",1,0.617,"diablo-full","tcga-kipan"
"TCGA.B0.5098",0,0.908,"diablo-full","tcga-kipan"
"TCGA.B0.5099",1,0.172,"diablo-full","tcga-kipan"
"TCGA.B0.5106",0,0.436,"diablo-full","tcga-kipan"
"TCGA.B0.5115",1,0.257,"diablo-full","tcga-kipan"
"TCGA.B0.5117",0,0.562,"diablo-full","tcga-kipan"
"TCGA.B0.5120",0,0.378,"diablo-full","tcga-kipan"
"TCGA.B0.5121",0,0.346,"diablo-full","tcga-kipan"
"TCGA.B2.4101",0,0.404,"diablo-full","tcga-kipan"
"TCGA.B8.4622",1,0.477,"diablo-full","tcga-kipan"
"TCGA.B8.5158",1,0.625,"diablo-full","tcga-kipan"
"TCGA.B8.5164",1,0.376,"diablo-full","tcga-kipan"
"TCGA.BP.5170",0,0.483,"diablo-full","tcga-kipan"
"TCGA.BP.5174",0,0.302,"diablo-full","tcga-kipan"
"TCGA.BP.5175",0,0.689,"diablo-full","tcga-kipan"
"TCGA.BP.5180",0,0.423,"diablo-full","tcga-kipan"
"TCGA.BP.5182",0,0.505,"diablo-full","tcga-kipan"
"TCGA.BP.5183",1,0.296,"diablo-full","tcga-kipan"
"TCGA.BP.5184",0,0.315,"diablo-full","tcga-kipan"
"TCGA.BP.5187",0,0.417,"diablo-full","tcga-kipan"
"TCGA.BP.5194",0,0.291,"diablo-full","tcga-kipan"
"TCGA.BP.5202",1,0.24,"diablo-full","tcga-kipan"
"TCGA.CJ.4869",1,0.687,"diablo-full","tcga-kipan"
"TCGA.CJ.4897",1,0.228,"diablo-full","tcga-kipan"
"TCGA.CJ.4903",0,0.322,"diablo-full","tcga-kipan"
"TCGA.CJ.4907",1,0.375,"diablo-full","tcga-kipan"
"TCGA.CJ.4912",0,0.579,"diablo-full","tcga-kipan"
"TCGA.CJ.4916",1,0.487,"diablo-full","tcga-kipan"
"TCGA.CZ.4859",0,0.115,"diablo-full","tcga-kipan"
"subject2",0,0.001,"diablo-full","sim-data_n-100_effect-2_sigma-def_corr-0"
"subject12",1,1.031,"diablo-full","sim-data_n-100_effect-2_sigma-def_corr-0"
"subject15",0,0.073,"diablo-full","sim-data_n-100_effect-2_sigma-def_corr-0"
"subject18",0,0.089,"diablo-full","sim-data_n-100_effect-2_sigma-def_corr-0"
"subject23",0,0.002,"diablo-full","sim-data_n-100_effect-2_sigma-def_corr-0"
"subject28",0,0.072,"diablo-full","sim-data_n-100_effect-2_sigma-def_corr-0"
"subject36",0,0.062,"diablo-full","sim-data_n-100_effect-2_sigma-def_corr-0"
"subject38",1,0.971,"diablo-full","sim-data_n-100_effect-2_sigma-def_corr-0"
"subject39",0,0.043,"diablo-full","sim-data_n-100_effect-2_sigma-def_corr-0"
"subject43",1,0.936,"diablo-full","sim-data_n-100_effect-2_sigma-def_corr-0"
"subject46",1,0.955,"diablo-full","sim-data_n-100_effect-2_sigma-def_corr-0"
"subject50",0,0.032,"diablo-full","sim-data_n-100_effect-2_sigma-def_corr-0"
"subject55",1,0.971,"diablo-full","sim-data_n-100_effect-2_sigma-def_corr-0"
"subject56",1,0.972,"diablo-full","sim-data_n-100_effect-2_sigma-def_corr-0"
"subject58",0,0.066,"diablo-full","sim-data_n-100_effect-2_sigma-def_corr-0"
"subject61",0,0.01,"diablo-full","sim-data_n-100_effect-2_sigma-def_corr-0"
"subject62",0,0.083,"diablo-full","sim-data_n-100_effect-2_sigma-def_corr-0"
"subject66",0,0.038,"diablo-full","sim-data_n-100_effect-2_sigma-def_corr-0"
"subject67",1,0.981,"diablo-full","sim-data_n-100_effect-2_sigma-def_corr-0"
"subject70",0,0.017,"diablo-full","sim-data_n-100_effect-2_sigma-def_corr-0"
"subject71",0,-0.015,"diablo-full","sim-data_n-100_effect-2_sigma-def_corr-0"
"subject78",1,0.986,"diablo-full","sim-data_n-100_effect-2_sigma-def_corr-0"
"subject81",0,0.045,"diablo-full","sim-data_n-100_effect-2_sigma-def_corr-0"
"subject82",1,0.954,"diablo-full","sim-data_n-100_effect-2_sigma-def_corr-0"
"subject84",0,0.055,"diablo-full","sim-data_n-100_effect-2_sigma-def_corr-0"
"subject87",0,0.045,"diablo-full","sim-data_n-100_effect-2_sigma-def_corr-0"
"subject88",0,0.013,"diablo-full","sim-data_n-100_effect-2_sigma-def_corr-0"
"subject91",1,0.957,"diablo-full","sim-data_n-100_effect-2_sigma-def_corr-0"
"subject95",0,0.072,"diablo-full","sim-data_n-100_effect-2_sigma-def_corr-0"
"subject96",1,0.996,"diablo-full","sim-data_n-100_effect-2_sigma-def_corr-0"
"subject1",1,0.965,"diablo-full","sim-data_n-50_effect-2_sigma-def_corr-1"
"subject3",0,-0.004,"diablo-full","sim-data_n-50_effect-2_sigma-def_corr-1"
"subject9",1,0.935,"diablo-full","sim-data_n-50_effect-2_sigma-def_corr-1"
"subject10",1,0.986,"diablo-full","sim-data_n-50_effect-2_sigma-def_corr-1"
"subject11",0,-0.231,"diablo-full","sim-data_n-50_effect-2_sigma-def_corr-1"
"subject14",0,0.033,"diablo-full","sim-data_n-50_effect-2_sigma-def_corr-1"
"subject16",0,0.109,"diablo-full","sim-data_n-50_effect-2_sigma-def_corr-1"
"subject25",1,0.946,"diablo-full","sim-data_n-50_effect-2_sigma-def_corr-1"
"subject26",1,0.961,"diablo-full","sim-data_n-50_effect-2_sigma-def_corr-1"
"subject31",0,-0.112,"diablo-full","sim-data_n-50_effect-2_sigma-def_corr-1"
"subject37",1,0.955,"diablo-full","sim-data_n-50_effect-2_sigma-def_corr-1"
"subject39",1,1.023,"diablo-full","sim-data_n-50_effect-2_sigma-def_corr-1"
"subject41",1,1.025,"diablo-full","sim-data_n-50_effect-2_sigma-def_corr-1"
"subject44",1,1.013,"diablo-full","sim-data_n-50_effect-2_sigma-def_corr-1"
"subject48",0,0.095,"diablo-full","sim-data_n-50_effect-2_sigma-def_corr-1"
"subject1",0,-0.011,"diablo-full","sim-data_n-50_effect-2_sigma-def_corr-0.5"
"subject2",0,-0.046,"diablo-full","sim-data_n-50_effect-2_sigma-def_corr-0.5"
"subject6",1,0.96,"diablo-full","sim-data_n-50_effect-2_sigma-def_corr-0.5"
"subject10",0,-0.039,"diablo-full","sim-data_n-50_effect-2_sigma-def_corr-0.5"
"subject11",0,-0.07,"diablo-full","sim-data_n-50_effect-2_sigma-def_corr-0.5"
"subject12",0,0.085,"diablo-full","sim-data_n-50_effect-2_sigma-def_corr-0.5"
"subject15",0,0.142,"diablo-full","sim-data_n-50_effect-2_sigma-def_corr-0.5"
"subject27",0,0.094,"diablo-full","sim-data_n-50_effect-2_sigma-def_corr-0.5"
"subject30",1,0.96,"diablo-full","sim-data_n-50_effect-2_sigma-def_corr-0.5"
"subject34",1,0.951,"diablo-full","sim-data_n-50_effect-2_sigma-def_corr-0.5"
"subject37",1,1.002,"diablo-full","sim-data_n-50_effect-2_sigma-def_corr-0.5"
"subject39",0,0,"diablo-full","sim-data_n-50_effect-2_sigma-def_corr-0.5"
"subject41",0,0.142,"diablo-full","sim-data_n-50_effect-2_sigma-def_corr-0.5"
"subject45",1,0.965,"diablo-full","sim-data_n-50_effect-2_sigma-def_corr-0.5"
"subject48",1,0.968,"diablo-full","sim-data_n-50_effect-2_sigma-def_corr-0.5"
"subject3",0,0.032,"diablo-full","sim-data_n-500_effect-2_sigma-indep_corr-0.5"
"subject18",0,-0.013,"diablo-full","sim-data_n-500_effect-2_sigma-indep_corr-0.5"
"subject21",1,0.977,"diablo-full","sim-data_n-500_effect-2_sigma-indep_corr-0.5"
"subject22",0,-0.002,"diablo-full","sim-data_n-500_effect-2_sigma-indep_corr-0.5"
"subject23",0,0.004,"diablo-full","sim-data_n-500_effect-2_sigma-indep_corr-0.5"
"subject26",1,0.999,"diablo-full","sim-data_n-500_effect-2_sigma-indep_corr-0.5"
"subject28",1,1.027,"diablo-full","sim-data_n-500_effect-2_sigma-indep_corr-0.5"
"subject29",0,-0.01,"diablo-full","sim-data_n-500_effect-2_sigma-indep_corr-0.5"
"subject33",0,0.016,"diablo-full","sim-data_n-500_effect-2_sigma-indep_corr-0.5"
"subject34",1,1.016,"diablo-full","sim-data_n-500_effect-2_sigma-indep_corr-0.5"
"subject50",0,-0.003,"diablo-full","sim-data_n-500_effect-2_sigma-indep_corr-0.5"
"subject53",1,0.995,"diablo-full","sim-data_n-500_effect-2_sigma-indep_corr-0.5"
"subject54",0,-0.011,"diablo-full","sim-data_n-500_effect-2_sigma-indep_corr-0.5"
"subject59",1,0.988,"diablo-full","sim-data_n-500_effect-2_sigma-indep_corr-0.5"
"subject63",1,1,"diablo-full","sim-data_n-500_effect-2_sigma-indep_corr-0.5"
"subject64",1,0.993,"diablo-full","sim-data_n-500_effect-2_sigma-indep_corr-0.5"
"subject65",0,0.056,"diablo-full","sim-data_n-500_effect-2_sigma-indep_corr-0.5"
"subject67",0,0.023,"diablo-full","sim-data_n-500_effect-2_sigma-indep_corr-0.5"
"subject69",1,0.986,"diablo-full","sim-data_n-500_effect-2_sigma-indep_corr-0.5"
"subject70",1,1.003,"diablo-full","sim-data_n-500_effect-2_sigma-indep_corr-0.5"
"subject72",0,0.013,"diablo-full","sim-data_n-500_effect-2_sigma-indep_corr-0.5"
"subject75",0,-0.02,"diablo-full","sim-data_n-500_effect-2_sigma-indep_corr-0.5"
"subject76",1,1.001,"diablo-full","sim-data_n-500_effect-2_sigma-indep_corr-0.5"
"subject77",1,0.97,"diablo-full","sim-data_n-500_effect-2_sigma-indep_corr-0.5"
"subject82",0,0.021,"diablo-full","sim-data_n-500_effect-2_sigma-indep_corr-0.5"
"subject86",0,0.004,"diablo-full","sim-data_n-500_effect-2_sigma-indep_corr-0.5"
"subject92",0,0.034,"diablo-full","sim-data_n-500_effect-2_sigma-indep_corr-0.5"
"subject95",0,0.04,"diablo-full","sim-data_n-500_effect-2_sigma-indep_corr-0.5"
"subject97",0,0.028,"diablo-full","sim-data_n-500_effect-2_sigma-indep_corr-0.5"
"subject101",1,0.956,"diablo-full","sim-data_n-500_effect-2_sigma-indep_corr-0.5"
"subject104",0,0.026,"diablo-full","sim-data_n-500_effect-2_sigma-indep_corr-0.5"
"subject106",0,0.028,"diablo-full","sim-data_n-500_effect-2_sigma-indep_corr-0.5"
"subject107",1,0.999,"diablo-full","sim-data_n-500_effect-2_sigma-indep_corr-0.5"
"subject115",0,-0.037,"diablo-full","sim-data_n-500_effect-2_sigma-indep_corr-0.5"
"subject120",0,-0.036,"diablo-full","sim-data_n-500_effect-2_sigma-indep_corr-0.5"
"subject126",1,1.02,"diablo-full","sim-data_n-500_effect-2_sigma-indep_corr-0.5"
"subject130",1,1.005,"diablo-full","sim-data_n-500_effect-2_sigma-indep_corr-0.5"
"subject135",0,0.027,"diablo-full","sim-data_n-500_effect-2_sigma-indep_corr-0.5"
"subject138",0,0.009,"diablo-full","sim-data_n-500_effect-2_sigma-indep_corr-0.5"
"subject140",1,0.991,"diablo-full","sim-data_n-500_effect-2_sigma-indep_corr-0.5"
"subject145",1,0.97,"diablo-full","sim-data_n-500_effect-2_sigma-indep_corr-0.5"
"subject153",1,1.004,"diablo-full","sim-data_n-500_effect-2_sigma-indep_corr-0.5"
"subject154",1,0.966,"diablo-full","sim-data_n-500_effect-2_sigma-indep_corr-0.5"
"subject155",1,0.978,"diablo-full","sim-data_n-500_effect-2_sigma-indep_corr-0.5"
"subject157",0,-0.004,"diablo-full","sim-data_n-500_effect-2_sigma-indep_corr-0.5"
"subject164",1,1.004,"diablo-full","sim-data_n-500_effect-2_sigma-indep_corr-0.5"
"subject167",0,0.022,"diablo-full","sim-data_n-500_effect-2_sigma-indep_corr-0.5"
"subject170",0,-0.001,"diablo-full","sim-data_n-500_effect-2_sigma-indep_corr-0.5"
"subject172",1,1.001,"diablo-full","sim-data_n-500_effect-2_sigma-indep_corr-0.5"
"subject173",0,0.011,"diablo-full","sim-data_n-500_effect-2_sigma-indep_corr-0.5"
"subject174",0,-0.023,"diablo-full","sim-data_n-500_effect-2_sigma-indep_corr-0.5"
"subject177",0,0.015,"diablo-full","sim-data_n-500_effect-2_sigma-indep_corr-0.5"
"subject181",1,0.976,"diablo-full","sim-data_n-500_effect-2_sigma-indep_corr-0.5"
"subject182",0,-0.01,"diablo-full","sim-data_n-500_effect-2_sigma-indep_corr-0.5"
"subject188",1,0.989,"diablo-full","sim-data_n-500_effect-2_sigma-indep_corr-0.5"
"subject189",1,0.974,"diablo-full","sim-data_n-500_effect-2_sigma-indep_corr-0.5"
"subject193",0,-0.014,"diablo-full","sim-data_n-500_effect-2_sigma-indep_corr-0.5"
"subject194",1,0.992,"diablo-full","sim-data_n-500_effect-2_sigma-indep_corr-0.5"
"subject199",1,1.013,"diablo-full","sim-data_n-500_effect-2_sigma-indep_corr-0.5"
"subject203",1,1.017,"diablo-full","sim-data_n-500_effect-2_sigma-indep_corr-0.5"
"subject206",0,0.002,"diablo-full","sim-data_n-500_effect-2_sigma-indep_corr-0.5"
"subject207",0,0.02,"diablo-full","sim-data_n-500_effect-2_sigma-indep_corr-0.5"
"subject208",0,0.045,"diablo-full","sim-data_n-500_effect-2_sigma-indep_corr-0.5"
"subject210",0,0.031,"diablo-full","sim-data_n-500_effect-2_sigma-indep_corr-0.5"
"subject211",1,0.996,"diablo-full","sim-data_n-500_effect-2_sigma-indep_corr-0.5"
"subject218",0,-0.014,"diablo-full","sim-data_n-500_effect-2_sigma-indep_corr-0.5"
"subject220",1,0.983,"diablo-full","sim-data_n-500_effect-2_sigma-indep_corr-0.5"
"subject221",1,0.945,"diablo-full","sim-data_n-500_effect-2_sigma-indep_corr-0.5"
"subject225",1,0.99,"diablo-full","sim-data_n-500_effect-2_sigma-indep_corr-0.5"
"subject231",0,0.033,"diablo-full","sim-data_n-500_effect-2_sigma-indep_corr-0.5"
"subject232",1,0.985,"diablo-full","sim-data_n-500_effect-2_sigma-indep_corr-0.5"
"subject233",0,0.032,"diablo-full","sim-data_n-500_effect-2_sigma-indep_corr-0.5"
"subject238",0,-0.045,"diablo-full","sim-data_n-500_effect-2_sigma-indep_corr-0.5"
"subject239",1,0.985,"diablo-full","sim-data_n-500_effect-2_sigma-indep_corr-0.5"
"subject241",1,1.011,"diablo-full","sim-data_n-500_effect-2_sigma-indep_corr-0.5"
"subject243",1,0.963,"diablo-full","sim-data_n-500_effect-2_sigma-indep_corr-0.5"
"subject244",0,-0.002,"diablo-full","sim-data_n-500_effect-2_sigma-indep_corr-0.5"
"subject251",0,0.037,"diablo-full","sim-data_n-500_effect-2_sigma-indep_corr-0.5"
"subject252",1,1.006,"diablo-full","sim-data_n-500_effect-2_sigma-indep_corr-0.5"
"subject258",1,0.969,"diablo-full","sim-data_n-500_effect-2_sigma-indep_corr-0.5"
"subject259",1,1.016,"diablo-full","sim-data_n-500_effect-2_sigma-indep_corr-0.5"
"subject260",0,0.021,"diablo-full","sim-data_n-500_effect-2_sigma-indep_corr-0.5"
"subject264",0,0.018,"diablo-full","sim-data_n-500_effect-2_sigma-indep_corr-0.5"
"subject270",1,0.981,"diablo-full","sim-data_n-500_effect-2_sigma-indep_corr-0.5"
"subject276",1,0.952,"diablo-full","sim-data_n-500_effect-2_sigma-indep_corr-0.5"
"subject277",1,1.021,"diablo-full","sim-data_n-500_effect-2_sigma-indep_corr-0.5"
"subject286",1,1.03,"diablo-full","sim-data_n-500_effect-2_sigma-indep_corr-0.5"
"subject289",1,0.954,"diablo-full","sim-data_n-500_effect-2_sigma-indep_corr-0.5"
"subject290",1,0.981,"diablo-full","sim-data_n-500_effect-2_sigma-indep_corr-0.5"
"subject293",1,0.98,"diablo-full","sim-data_n-500_effect-2_sigma-indep_corr-0.5"
"subject305",1,0.966,"diablo-full","sim-data_n-500_effect-2_sigma-indep_corr-0.5"
"subject306",1,1.006,"diablo-full","sim-data_n-500_effect-2_sigma-indep_corr-0.5"
"subject315",0,0.034,"diablo-full","sim-data_n-500_effect-2_sigma-indep_corr-0.5"
"subject316",0,-0.008,"diablo-full","sim-data_n-500_effect-2_sigma-indep_corr-0.5"
"subject320",1,0.978,"diablo-full","sim-data_n-500_effect-2_sigma-indep_corr-0.5"
"subject321",0,0.031,"diablo-full","sim-data_n-500_effect-2_sigma-indep_corr-0.5"
"subject326",0,-0.007,"diablo-full","sim-data_n-500_effect-2_sigma-indep_corr-0.5"
"subject328",1,0.997,"diablo-full","sim-data_n-500_effect-2_sigma-indep_corr-0.5"
"subject333",0,0.038,"diablo-full","sim-data_n-500_effect-2_sigma-indep_corr-0.5"
"subject335",0,0.017,"diablo-full","sim-data_n-500_effect-2_sigma-indep_corr-0.5"
"subject337",1,0.998,"diablo-full","sim-data_n-500_effect-2_sigma-indep_corr-0.5"
"subject339",1,0.968,"diablo-full","sim-data_n-500_effect-2_sigma-indep_corr-0.5"
"subject348",1,0.983,"diablo-full","sim-data_n-500_effect-2_sigma-indep_corr-0.5"
"subject349",0,0.018,"diablo-full","sim-data_n-500_effect-2_sigma-indep_corr-0.5"
"subject350",0,-0.003,"diablo-full","sim-data_n-500_effect-2_sigma-indep_corr-0.5"
"subject351",0,0.007,"diablo-full","sim-data_n-500_effect-2_sigma-indep_corr-0.5"
"subject352",1,1.012,"diablo-full","sim-data_n-500_effect-2_sigma-indep_corr-0.5"
"subject355",0,0.026,"diablo-full","sim-data_n-500_effect-2_sigma-indep_corr-0.5"
"subject359",0,0.018,"diablo-full","sim-data_n-500_effect-2_sigma-indep_corr-0.5"
"subject360",0,0.008,"diablo-full","sim-data_n-500_effect-2_sigma-indep_corr-0.5"
"subject362",0,-0.023,"diablo-full","sim-data_n-500_effect-2_sigma-indep_corr-0.5"
"subject368",1,0.983,"diablo-full","sim-data_n-500_effect-2_sigma-indep_corr-0.5"
"subject369",1,0.995,"diablo-full","sim-data_n-500_effect-2_sigma-indep_corr-0.5"
"subject372",1,1.001,"diablo-full","sim-data_n-500_effect-2_sigma-indep_corr-0.5"
"subject374",0,-0.005,"diablo-full","sim-data_n-500_effect-2_sigma-indep_corr-0.5"
"subject380",1,0.992,"diablo-full","sim-data_n-500_effect-2_sigma-indep_corr-0.5"
"subject383",0,0.006,"diablo-full","sim-data_n-500_effect-2_sigma-indep_corr-0.5"
"subject387",0,0.012,"diablo-full","sim-data_n-500_effect-2_sigma-indep_corr-0.5"
"subject398",1,1.021,"diablo-full","sim-data_n-500_effect-2_sigma-indep_corr-0.5"
"subject399",0,0.026,"diablo-full","sim-data_n-500_effect-2_sigma-indep_corr-0.5"
"subject401",0,-0.021,"diablo-full","sim-data_n-500_effect-2_sigma-indep_corr-0.5"
"subject405",1,0.966,"diablo-full","sim-data_n-500_effect-2_sigma-indep_corr-0.5"
"subject406",0,0.016,"diablo-full","sim-data_n-500_effect-2_sigma-indep_corr-0.5"
"subject415",0,-0.01,"diablo-full","sim-data_n-500_effect-2_sigma-indep_corr-0.5"
"subject418",0,0.022,"diablo-full","sim-data_n-500_effect-2_sigma-indep_corr-0.5"
"subject423",1,0.978,"diablo-full","sim-data_n-500_effect-2_sigma-indep_corr-0.5"
"subject426",0,0.019,"diablo-full","sim-data_n-500_effect-2_sigma-indep_corr-0.5"
"subject433",1,0.995,"diablo-full","sim-data_n-500_effect-2_sigma-indep_corr-0.5"
"subject435",1,0.997,"diablo-full","sim-data_n-500_effect-2_sigma-indep_corr-0.5"
"subject436",0,0.005,"diablo-full","sim-data_n-500_effect-2_sigma-indep_corr-0.5"
"subject444",1,1.005,"diablo-full","sim-data_n-500_effect-2_sigma-indep_corr-0.5"
"subject445",1,1.016,"diablo-full","sim-data_n-500_effect-2_sigma-indep_corr-0.5"
"subject446",1,1.023,"diablo-full","sim-data_n-500_effect-2_sigma-indep_corr-0.5"
"subject448",0,0.009,"diablo-full","sim-data_n-500_effect-2_sigma-indep_corr-0.5"
"subject453",1,1.011,"diablo-full","sim-data_n-500_effect-2_sigma-indep_corr-0.5"
"subject456",0,0.05,"diablo-full","sim-data_n-500_effect-2_sigma-indep_corr-0.5"
"subject457",0,0.01,"diablo-full","sim-data_n-500_effect-2_sigma-indep_corr-0.5"
"subject463",1,1.035,"diablo-full","sim-data_n-500_effect-2_sigma-indep_corr-0.5"
"subject465",1,1.005,"diablo-full","sim-data_n-500_effect-2_sigma-indep_corr-0.5"
"subject466",1,1.016,"diablo-full","sim-data_n-500_effect-2_sigma-indep_corr-0.5"
"subject468",0,0.023,"diablo-full","sim-data_n-500_effect-2_sigma-indep_corr-0.5"
"subject470",0,-0.008,"diablo-full","sim-data_n-500_effect-2_sigma-indep_corr-0.5"
"subject471",0,-0.016,"diablo-full","sim-data_n-500_effect-2_sigma-indep_corr-0.5"
"subject476",0,-0.004,"diablo-full","sim-data_n-500_effect-2_sigma-indep_corr-0.5"
"subject477",1,0.999,"diablo-full","sim-data_n-500_effect-2_sigma-indep_corr-0.5"
"subject481",1,0.99,"diablo-full","sim-data_n-500_effect-2_sigma-indep_corr-0.5"
"subject488",0,0.03,"diablo-full","sim-data_n-500_effect-2_sigma-indep_corr-0.5"
"subject493",0,0.022,"diablo-full","sim-data_n-500_effect-2_sigma-indep_corr-0.5"
"subject496",1,1.011,"diablo-full","sim-data_n-500_effect-2_sigma-indep_corr-0.5"
"subject498",0,0.026,"diablo-full","sim-data_n-500_effect-2_sigma-indep_corr-0.5"
"subject3",1,1.059,"diablo-full","sim-data_n-100_effect-2_sigma-def_corr-0"
"subject6",0,-0.017,"diablo-full","sim-data_n-100_effect-2_sigma-def_corr-0"
"subject10",0,-0.042,"diablo-full","sim-data_n-100_effect-2_sigma-def_corr-0"
"subject16",0,0.073,"diablo-full","sim-data_n-100_effect-2_sigma-def_corr-0"
"subject19",1,1.009,"diablo-full","sim-data_n-100_effect-2_sigma-def_corr-0"
"subject20",0,0.031,"diablo-full","sim-data_n-100_effect-2_sigma-def_corr-0"
"subject26",1,0.996,"diablo-full","sim-data_n-100_effect-2_sigma-def_corr-0"
"subject27",0,-0.074,"diablo-full","sim-data_n-100_effect-2_sigma-def_corr-0"
"subject35",0,-0.023,"diablo-full","sim-data_n-100_effect-2_sigma-def_corr-0"
"subject45",1,0.983,"diablo-full","sim-data_n-100_effect-2_sigma-def_corr-0"
"subject48",1,0.986,"diablo-full","sim-data_n-100_effect-2_sigma-def_corr-0"
"subject49",1,0.958,"diablo-full","sim-data_n-100_effect-2_sigma-def_corr-0"
"subject52",1,0.976,"diablo-full","sim-data_n-100_effect-2_sigma-def_corr-0"
"subject57",1,0.924,"diablo-full","sim-data_n-100_effect-2_sigma-def_corr-0"
"subject65",0,0.06,"diablo-full","sim-data_n-100_effect-2_sigma-def_corr-0"
"subject68",0,-0.015,"diablo-full","sim-data_n-100_effect-2_sigma-def_corr-0"
"subject69",1,0.936,"diablo-full","sim-data_n-100_effect-2_sigma-def_corr-0"
"subject72",1,0.958,"diablo-full","sim-data_n-100_effect-2_sigma-def_corr-0"
"subject73",1,0.98,"diablo-full","sim-data_n-100_effect-2_sigma-def_corr-0"
"subject74",1,0.956,"diablo-full","sim-data_n-100_effect-2_sigma-def_corr-0"
"subject76",1,0.909,"diablo-full","sim-data_n-100_effect-2_sigma-def_corr-0"
"subject77",0,0.04,"diablo-full","sim-data_n-100_effect-2_sigma-def_corr-0"
"subject79",1,0.941,"diablo-full","sim-data_n-100_effect-2_sigma-def_corr-0"
"subject83",1,0.896,"diablo-full","sim-data_n-100_effect-2_sigma-def_corr-0"
"subject86",0,0.033,"diablo-full","sim-data_n-100_effect-2_sigma-def_corr-0"
"subject92",1,0.908,"diablo-full","sim-data_n-100_effect-2_sigma-def_corr-0"
"subject93",0,0.086,"diablo-full","sim-data_n-100_effect-2_sigma-def_corr-0"
"subject94",1,0.969,"diablo-full","sim-data_n-100_effect-2_sigma-def_corr-0"
"subject97",1,1.016,"diablo-full","sim-data_n-100_effect-2_sigma-def_corr-0"
"subject100",1,0.965,"diablo-full","sim-data_n-100_effect-2_sigma-def_corr-0"
"subject2",1,1.003,"diablo-full","sim-data_n-100_effect-2_sigma-def_corr-0.5"
"subject9",0,0.114,"diablo-full","sim-data_n-100_effect-2_sigma-def_corr-0.5"
"subject11",1,0.971,"diablo-full","sim-data_n-100_effect-2_sigma-def_corr-0.5"
"subject14",0,0.066,"diablo-full","sim-data_n-100_effect-2_sigma-def_corr-0.5"
"subject18",0,0.028,"diablo-full","sim-data_n-100_effect-2_sigma-def_corr-0.5"
"subject24",0,0.026,"diablo-full","sim-data_n-100_effect-2_sigma-def_corr-0.5"
"subject27",0,0.009,"diablo-full","sim-data_n-100_effect-2_sigma-def_corr-0.5"
"subject29",0,0.091,"diablo-full","sim-data_n-100_effect-2_sigma-def_corr-0.5"
"subject30",0,0.152,"diablo-full","sim-data_n-100_effect-2_sigma-def_corr-0.5"
"subject31",1,0.995,"diablo-full","sim-data_n-100_effect-2_sigma-def_corr-0.5"
"subject33",0,-0.043,"diablo-full","sim-data_n-100_effect-2_sigma-def_corr-0.5"
"subject38",0,0.12,"diablo-full","sim-data_n-100_effect-2_sigma-def_corr-0.5"
"subject41",1,0.981,"diablo-full","sim-data_n-100_effect-2_sigma-def_corr-0.5"
"subject44",1,0.965,"diablo-full","sim-data_n-100_effect-2_sigma-def_corr-0.5"
"subject50",0,0.139,"diablo-full","sim-data_n-100_effect-2_sigma-def_corr-0.5"
"subject51",0,-0.006,"diablo-full","sim-data_n-100_effect-2_sigma-def_corr-0.5"
"subject53",0,0.056,"diablo-full","sim-data_n-100_effect-2_sigma-def_corr-0.5"
"subject55",0,0.054,"diablo-full","sim-data_n-100_effect-2_sigma-def_corr-0.5"
"subject56",0,0.048,"diablo-full","sim-data_n-100_effect-2_sigma-def_corr-0.5"
"subject60",1,0.963,"diablo-full","sim-data_n-100_effect-2_sigma-def_corr-0.5"
"subject61",1,0.946,"diablo-full","sim-data_n-100_effect-2_sigma-def_corr-0.5"
"subject72",0,0.16,"diablo-full","sim-data_n-100_effect-2_sigma-def_corr-0.5"
"subject75",0,0.06,"diablo-full","sim-data_n-100_effect-2_sigma-def_corr-0.5"
"subject76",1,0.951,"diablo-full","sim-data_n-100_effect-2_sigma-def_corr-0.5"
"subject79",1,0.989,"diablo-full","sim-data_n-100_effect-2_sigma-def_corr-0.5"
"subject83",1,0.923,"diablo-full","sim-data_n-100_effect-2_sigma-def_corr-0.5"
"subject86",0,0.118,"diablo-full","sim-data_n-100_effect-2_sigma-def_corr-0.5"
"subject87",1,0.952,"diablo-full","sim-data_n-100_effect-2_sigma-def_corr-0.5"
"subject97",0,0.072,"diablo-full","sim-data_n-100_effect-2_sigma-def_corr-0.5"
"subject98",0,0.07,"diablo-full","sim-data_n-100_effect-2_sigma-def_corr-0.5"
"subject1",1,0.98,"diablo-full","sim-data_n-500_effect-2_sigma-def_corr-1"
"subject2",0,0.022,"diablo-full","sim-data_n-500_effect-2_sigma-def_corr-1"
"subject8",0,0.012,"diablo-full","sim-data_n-500_effect-2_sigma-def_corr-1"
"subject10",1,0.945,"diablo-full","sim-data_n-500_effect-2_sigma-def_corr-1"
"subject11",1,0.995,"diablo-full","sim-data_n-500_effect-2_sigma-def_corr-1"
"subject12",0,-0.007,"diablo-full","sim-data_n-500_effect-2_sigma-def_corr-1"
"subject22",1,0.995,"diablo-full","sim-data_n-500_effect-2_sigma-def_corr-1"
"subject32",0,0.004,"diablo-full","sim-data_n-500_effect-2_sigma-def_corr-1"
"subject33",0,0.057,"diablo-full","sim-data_n-500_effect-2_sigma-def_corr-1"
"subject36",1,1.021,"diablo-full","sim-data_n-500_effect-2_sigma-def_corr-1"
"subject42",0,-0.014,"diablo-full","sim-data_n-500_effect-2_sigma-def_corr-1"
"subject44",0,0.036,"diablo-full","sim-data_n-500_effect-2_sigma-def_corr-1"
"subject45",0,0.012,"diablo-full","sim-data_n-500_effect-2_sigma-def_corr-1"
"subject46",0,0.088,"diablo-full","sim-data_n-500_effect-2_sigma-def_corr-1"
"subject48",1,1.07,"diablo-full","sim-data_n-500_effect-2_sigma-def_corr-1"
"subject52",0,0.059,"diablo-full","sim-data_n-500_effect-2_sigma-def_corr-1"
"subject54",0,-0.025,"diablo-full","sim-data_n-500_effect-2_sigma-def_corr-1"
"subject55",0,-0.024,"diablo-full","sim-data_n-500_effect-2_sigma-def_corr-1"
"subject59",1,1.09,"diablo-full","sim-data_n-500_effect-2_sigma-def_corr-1"
"subject64",0,0.048,"diablo-full","sim-data_n-500_effect-2_sigma-def_corr-1"
"subject76",1,1.052,"diablo-full","sim-data_n-500_effect-2_sigma-def_corr-1"
"subject78",0,-0.009,"diablo-full","sim-data_n-500_effect-2_sigma-def_corr-1"
"subject88",1,1.002,"diablo-full","sim-data_n-500_effect-2_sigma-def_corr-1"
"subject91",0,-0.028,"diablo-full","sim-data_n-500_effect-2_sigma-def_corr-1"
"subject92",1,0.934,"diablo-full","sim-data_n-500_effect-2_sigma-def_corr-1"
"subject93",1,0.954,"diablo-full","sim-data_n-500_effect-2_sigma-def_corr-1"
"subject96",1,0.979,"diablo-full","sim-data_n-500_effect-2_sigma-def_corr-1"
"subject99",0,-0.025,"diablo-full","sim-data_n-500_effect-2_sigma-def_corr-1"
"subject103",1,1.023,"diablo-full","sim-data_n-500_effect-2_sigma-def_corr-1"
"subject110",1,1.044,"diablo-full","sim-data_n-500_effect-2_sigma-def_corr-1"
"subject111",1,1.015,"diablo-full","sim-data_n-500_effect-2_sigma-def_corr-1"
"subject118",1,0.983,"diablo-full","sim-data_n-500_effect-2_sigma-def_corr-1"
"subject120",0,-0.01,"diablo-full","sim-data_n-500_effect-2_sigma-def_corr-1"
"subject127",1,1.058,"diablo-full","sim-data_n-500_effect-2_sigma-def_corr-1"
"subject128",1,0.944,"diablo-full","sim-data_n-500_effect-2_sigma-def_corr-1"
"subject129",1,1.009,"diablo-full","sim-data_n-500_effect-2_sigma-def_corr-1"
"subject132",0,0.085,"diablo-full","sim-data_n-500_effect-2_sigma-def_corr-1"
"subject133",0,0.018,"diablo-full","sim-data_n-500_effect-2_sigma-def_corr-1"
"subject135",1,1.103,"diablo-full","sim-data_n-500_effect-2_sigma-def_corr-1"
"subject136",1,1.045,"diablo-full","sim-data_n-500_effect-2_sigma-def_corr-1"
"subject137",0,-0.015,"diablo-full","sim-data_n-500_effect-2_sigma-def_corr-1"
"subject141",0,0.01,"diablo-full","sim-data_n-500_effect-2_sigma-def_corr-1"
"subject144",0,0.12,"diablo-full","sim-data_n-500_effect-2_sigma-def_corr-1"
"subject150",1,0.977,"diablo-full","sim-data_n-500_effect-2_sigma-def_corr-1"
"subject151",0,0.052,"diablo-full","sim-data_n-500_effect-2_sigma-def_corr-1"
"subject152",1,1.013,"diablo-full","sim-data_n-500_effect-2_sigma-def_corr-1"
"subject155",0,-0.033,"diablo-full","sim-data_n-500_effect-2_sigma-def_corr-1"
"subject156",0,-0.015,"diablo-full","sim-data_n-500_effect-2_sigma-def_corr-1"
"subject157",1,1.013,"diablo-full","sim-data_n-500_effect-2_sigma-def_corr-1"
"subject158",0,-0.004,"diablo-full","sim-data_n-500_effect-2_sigma-def_corr-1"
"subject160",1,0.997,"diablo-full","sim-data_n-500_effect-2_sigma-def_corr-1"
"subject167",0,0.005,"diablo-full","sim-data_n-500_effect-2_sigma-def_corr-1"
"subject169",0,-0.048,"diablo-full","sim-data_n-500_effect-2_sigma-def_corr-1"
"subject170",0,0.009,"diablo-full","sim-data_n-500_effect-2_sigma-def_corr-1"
"subject173",1,1.048,"diablo-full","sim-data_n-500_effect-2_sigma-def_corr-1"
"subject175",0,0.042,"diablo-full","sim-data_n-500_effect-2_sigma-def_corr-1"
"subject177",0,0.053,"diablo-full","sim-data_n-500_effect-2_sigma-def_corr-1"
"subject183",0,-0.053,"diablo-full","sim-data_n-500_effect-2_sigma-def_corr-1"
"subject187",0,0.059,"diablo-full","sim-data_n-500_effect-2_sigma-def_corr-1"
"subject189",1,1.014,"diablo-full","sim-data_n-500_effect-2_sigma-def_corr-1"
"subject193",0,0.038,"diablo-full","sim-data_n-500_effect-2_sigma-def_corr-1"
"subject197",1,1.037,"diablo-full","sim-data_n-500_effect-2_sigma-def_corr-1"
"subject202",1,1,"diablo-full","sim-data_n-500_effect-2_sigma-def_corr-1"
"subject209",1,1.039,"diablo-full","sim-data_n-500_effect-2_sigma-def_corr-1"
"subject210",1,0.977,"diablo-full","sim-data_n-500_effect-2_sigma-def_corr-1"
"subject219",0,-0.006,"diablo-full","sim-data_n-500_effect-2_sigma-def_corr-1"
"subject222",0,0.025,"diablo-full","sim-data_n-500_effect-2_sigma-def_corr-1"
"subject223",1,0.948,"diablo-full","sim-data_n-500_effect-2_sigma-def_corr-1"
"subject228",1,1.011,"diablo-full","sim-data_n-500_effect-2_sigma-def_corr-1"
"subject229",0,0.032,"diablo-full","sim-data_n-500_effect-2_sigma-def_corr-1"
"subject232",1,1.033,"diablo-full","sim-data_n-500_effect-2_sigma-def_corr-1"
"subject241",1,1.015,"diablo-full","sim-data_n-500_effect-2_sigma-def_corr-1"
"subject242",0,0.026,"diablo-full","sim-data_n-500_effect-2_sigma-def_corr-1"
"subject252",0,-0.06,"diablo-full","sim-data_n-500_effect-2_sigma-def_corr-1"
"subject262",0,0.053,"diablo-full","sim-data_n-500_effect-2_sigma-def_corr-1"
"subject263",1,0.944,"diablo-full","sim-data_n-500_effect-2_sigma-def_corr-1"
"subject264",0,-0.034,"diablo-full","sim-data_n-500_effect-2_sigma-def_corr-1"
"subject267",0,-0.068,"diablo-full","sim-data_n-500_effect-2_sigma-def_corr-1"
"subject274",0,0.018,"diablo-full","sim-data_n-500_effect-2_sigma-def_corr-1"
"subject275",1,1.012,"diablo-full","sim-data_n-500_effect-2_sigma-def_corr-1"
"subject279",0,0.01,"diablo-full","sim-data_n-500_effect-2_sigma-def_corr-1"
"subject280",0,-0.006,"diablo-full","sim-data_n-500_effect-2_sigma-def_corr-1"
"subject283",1,0.974,"diablo-full","sim-data_n-500_effect-2_sigma-def_corr-1"
"subject285",0,0.043,"diablo-full","sim-data_n-500_effect-2_sigma-def_corr-1"
"subject289",1,0.991,"diablo-full","sim-data_n-500_effect-2_sigma-def_corr-1"
"subject290",1,1.108,"diablo-full","sim-data_n-500_effect-2_sigma-def_corr-1"
"subject292",1,0.993,"diablo-full","sim-data_n-500_effect-2_sigma-def_corr-1"
"subject293",1,1.036,"diablo-full","sim-data_n-500_effect-2_sigma-def_corr-1"
"subject294",0,-0.026,"diablo-full","sim-data_n-500_effect-2_sigma-def_corr-1"
"subject295",1,0.949,"diablo-full","sim-data_n-500_effect-2_sigma-def_corr-1"
"subject296",1,1.015,"diablo-full","sim-data_n-500_effect-2_sigma-def_corr-1"
"subject301",1,0.987,"diablo-full","sim-data_n-500_effect-2_sigma-def_corr-1"
"subject304",1,0.995,"diablo-full","sim-data_n-500_effect-2_sigma-def_corr-1"
"subject306",1,1.013,"diablo-full","sim-data_n-500_effect-2_sigma-def_corr-1"
"subject307",1,0.944,"diablo-full","sim-data_n-500_effect-2_sigma-def_corr-1"
"subject308",0,0.032,"diablo-full","sim-data_n-500_effect-2_sigma-def_corr-1"
"subject309",1,0.978,"diablo-full","sim-data_n-500_effect-2_sigma-def_corr-1"
"subject310",0,0.077,"diablo-full","sim-data_n-500_effect-2_sigma-def_corr-1"
"subject313",0,0.037,"diablo-full","sim-data_n-500_effect-2_sigma-def_corr-1"
"subject314",1,1.015,"diablo-full","sim-data_n-500_effect-2_sigma-def_corr-1"
"subject315",0,0.036,"diablo-full","sim-data_n-500_effect-2_sigma-def_corr-1"
"subject317",1,1.021,"diablo-full","sim-data_n-500_effect-2_sigma-def_corr-1"
"subject318",1,1.019,"diablo-full","sim-data_n-500_effect-2_sigma-def_corr-1"
"subject328",1,0.995,"diablo-full","sim-data_n-500_effect-2_sigma-def_corr-1"
"subject329",0,0.012,"diablo-full","sim-data_n-500_effect-2_sigma-def_corr-1"
"subject337",1,1.053,"diablo-full","sim-data_n-500_effect-2_sigma-def_corr-1"
"subject339",0,0.041,"diablo-full","sim-data_n-500_effect-2_sigma-def_corr-1"
"subject345",0,-0.001,"diablo-full","sim-data_n-500_effect-2_sigma-def_corr-1"
"subject346",0,-0.033,"diablo-full","sim-data_n-500_effect-2_sigma-def_corr-1"
"subject354",0,-0.036,"diablo-full","sim-data_n-500_effect-2_sigma-def_corr-1"
"subject355",1,0.993,"diablo-full","sim-data_n-500_effect-2_sigma-def_corr-1"
"subject358",0,0.084,"diablo-full","sim-data_n-500_effect-2_sigma-def_corr-1"
"subject359",0,0.027,"diablo-full","sim-data_n-500_effect-2_sigma-def_corr-1"
"subject361",0,0.068,"diablo-full","sim-data_n-500_effect-2_sigma-def_corr-1"
"subject367",1,0.94,"diablo-full","sim-data_n-500_effect-2_sigma-def_corr-1"
"subject372",1,0.954,"diablo-full","sim-data_n-500_effect-2_sigma-def_corr-1"
"subject382",0,0.041,"diablo-full","sim-data_n-500_effect-2_sigma-def_corr-1"
"subject384",1,0.969,"diablo-full","sim-data_n-500_effect-2_sigma-def_corr-1"
"subject386",0,-0.036,"diablo-full","sim-data_n-500_effect-2_sigma-def_corr-1"
"subject391",1,0.981,"diablo-full","sim-data_n-500_effect-2_sigma-def_corr-1"
"subject393",0,0.036,"diablo-full","sim-data_n-500_effect-2_sigma-def_corr-1"
"subject398",0,-0.002,"diablo-full","sim-data_n-500_effect-2_sigma-def_corr-1"
"subject399",0,0.015,"diablo-full","sim-data_n-500_effect-2_sigma-def_corr-1"
"subject406",1,0.992,"diablo-full","sim-data_n-500_effect-2_sigma-def_corr-1"
"subject407",0,-0.009,"diablo-full","sim-data_n-500_effect-2_sigma-def_corr-1"
"subject411",0,0.002,"diablo-full","sim-data_n-500_effect-2_sigma-def_corr-1"
"subject413",0,-0.006,"diablo-full","sim-data_n-500_effect-2_sigma-def_corr-1"
"subject415",1,1.004,"diablo-full","sim-data_n-500_effect-2_sigma-def_corr-1"
"subject416",0,0.068,"diablo-full","sim-data_n-500_effect-2_sigma-def_corr-1"
"subject417",1,0.931,"diablo-full","sim-data_n-500_effect-2_sigma-def_corr-1"
"subject420",0,0.11,"diablo-full","sim-data_n-500_effect-2_sigma-def_corr-1"
"subject424",0,0.066,"diablo-full","sim-data_n-500_effect-2_sigma-def_corr-1"
"subject425",1,0.995,"diablo-full","sim-data_n-500_effect-2_sigma-def_corr-1"
"subject426",1,0.905,"diablo-full","sim-data_n-500_effect-2_sigma-def_corr-1"
"subject431",1,1.023,"diablo-full","sim-data_n-500_effect-2_sigma-def_corr-1"
"subject432",0,0.042,"diablo-full","sim-data_n-500_effect-2_sigma-def_corr-1"
"subject436",1,0.926,"diablo-full","sim-data_n-500_effect-2_sigma-def_corr-1"
"subject446",1,0.988,"diablo-full","sim-data_n-500_effect-2_sigma-def_corr-1"
"subject458",0,0.092,"diablo-full","sim-data_n-500_effect-2_sigma-def_corr-1"
"subject462",1,1.007,"diablo-full","sim-data_n-500_effect-2_sigma-def_corr-1"
"subject470",1,0.968,"diablo-full","sim-data_n-500_effect-2_sigma-def_corr-1"
"subject477",1,1.091,"diablo-full","sim-data_n-500_effect-2_sigma-def_corr-1"
"subject481",0,0.07,"diablo-full","sim-data_n-500_effect-2_sigma-def_corr-1"
"subject484",0,0.003,"diablo-full","sim-data_n-500_effect-2_sigma-def_corr-1"
"subject486",1,1.1,"diablo-full","sim-data_n-500_effect-2_sigma-def_corr-1"
"subject490",0,-0.01,"diablo-full","sim-data_n-500_effect-2_sigma-def_corr-1"
"subject492",1,1.003,"diablo-full","sim-data_n-500_effect-2_sigma-def_corr-1"
"subject494",0,0.058,"diablo-full","sim-data_n-500_effect-2_sigma-def_corr-1"
"subject498",1,0.95,"diablo-full","sim-data_n-500_effect-2_sigma-def_corr-1"
"subject500",1,0.99,"diablo-full","sim-data_n-500_effect-2_sigma-def_corr-1"
"subject4",1,0.959,"diablo-full","sim-data_n-500_effect-2_sigma-def_corr-0"
"subject14",0,0.06,"diablo-full","sim-data_n-500_effect-2_sigma-def_corr-0"
"subject16",1,1.142,"diablo-full","sim-data_n-500_effect-2_sigma-def_corr-0"
"subject18",1,0.97,"diablo-full","sim-data_n-500_effect-2_sigma-def_corr-0"
"subject20",0,0.034,"diablo-full","sim-data_n-500_effect-2_sigma-def_corr-0"
"subject22",1,0.958,"diablo-full","sim-data_n-500_effect-2_sigma-def_corr-0"
"subject23",0,-0.004,"diablo-full","sim-data_n-500_effect-2_sigma-def_corr-0"
"subject25",1,0.983,"diablo-full","sim-data_n-500_effect-2_sigma-def_corr-0"
"subject30",0,0.019,"diablo-full","sim-data_n-500_effect-2_sigma-def_corr-0"
"subject36",1,0.982,"diablo-full","sim-data_n-500_effect-2_sigma-def_corr-0"
"subject55",0,0.087,"diablo-full","sim-data_n-500_effect-2_sigma-def_corr-0"
"subject58",1,1.026,"diablo-full","sim-data_n-500_effect-2_sigma-def_corr-0"
"subject60",0,-0.004,"diablo-full","sim-data_n-500_effect-2_sigma-def_corr-0"
"subject65",0,0.02,"diablo-full","sim-data_n-500_effect-2_sigma-def_corr-0"
"subject67",1,0.989,"diablo-full","sim-data_n-500_effect-2_sigma-def_corr-0"
"subject68",1,0.985,"diablo-full","sim-data_n-500_effect-2_sigma-def_corr-0"
"subject72",1,1,"diablo-full","sim-data_n-500_effect-2_sigma-def_corr-0"
"subject73",0,0.053,"diablo-full","sim-data_n-500_effect-2_sigma-def_corr-0"
"subject74",1,0.947,"diablo-full","sim-data_n-500_effect-2_sigma-def_corr-0"
"subject75",0,0.039,"diablo-full","sim-data_n-500_effect-2_sigma-def_corr-0"
"subject76",0,0.014,"diablo-full","sim-data_n-500_effect-2_sigma-def_corr-0"
"subject80",1,0.884,"diablo-full","sim-data_n-500_effect-2_sigma-def_corr-0"
"subject81",1,0.937,"diablo-full","sim-data_n-500_effect-2_sigma-def_corr-0"
"subject82",1,0.948,"diablo-full","sim-data_n-500_effect-2_sigma-def_corr-0"
"subject84",0,0.019,"diablo-full","sim-data_n-500_effect-2_sigma-def_corr-0"
"subject92",1,0.92,"diablo-full","sim-data_n-500_effect-2_sigma-def_corr-0"
"subject95",1,0.987,"diablo-full","sim-data_n-500_effect-2_sigma-def_corr-0"
"subject102",0,0.044,"diablo-full","sim-data_n-500_effect-2_sigma-def_corr-0"
"subject103",1,1.041,"diablo-full","sim-data_n-500_effect-2_sigma-def_corr-0"
"subject106",1,0.94,"diablo-full","sim-data_n-500_effect-2_sigma-def_corr-0"
"subject111",0,-0.001,"diablo-full","sim-data_n-500_effect-2_sigma-def_corr-0"
"subject112",0,0.069,"diablo-full","sim-data_n-500_effect-2_sigma-def_corr-0"
"subject113",0,-0.019,"diablo-full","sim-data_n-500_effect-2_sigma-def_corr-0"
"subject123",1,0.942,"diablo-full","sim-data_n-500_effect-2_sigma-def_corr-0"
"subject129",1,1.032,"diablo-full","sim-data_n-500_effect-2_sigma-def_corr-0"
"subject134",1,1.029,"diablo-full","sim-data_n-500_effect-2_sigma-def_corr-0"
"subject137",0,0.004,"diablo-full","sim-data_n-500_effect-2_sigma-def_corr-0"
"subject140",1,1.03,"diablo-full","sim-data_n-500_effect-2_sigma-def_corr-0"
"subject141",0,0.032,"diablo-full","sim-data_n-500_effect-2_sigma-def_corr-0"
"subject142",0,0.012,"diablo-full","sim-data_n-500_effect-2_sigma-def_corr-0"
"subject147",0,0.057,"diablo-full","sim-data_n-500_effect-2_sigma-def_corr-0"
"subject156",1,0.942,"diablo-full","sim-data_n-500_effect-2_sigma-def_corr-0"
"subject157",0,-0.016,"diablo-full","sim-data_n-500_effect-2_sigma-def_corr-0"
"subject160",1,0.977,"diablo-full","sim-data_n-500_effect-2_sigma-def_corr-0"
"subject163",1,0.931,"diablo-full","sim-data_n-500_effect-2_sigma-def_corr-0"
"subject166",0,0.015,"diablo-full","sim-data_n-500_effect-2_sigma-def_corr-0"
"subject168",1,1.007,"diablo-full","sim-data_n-500_effect-2_sigma-def_corr-0"
"subject170",0,0.05,"diablo-full","sim-data_n-500_effect-2_sigma-def_corr-0"
"subject175",0,0.016,"diablo-full","sim-data_n-500_effect-2_sigma-def_corr-0"
"subject176",1,0.966,"diablo-full","sim-data_n-500_effect-2_sigma-def_corr-0"
"subject178",0,-0.005,"diablo-full","sim-data_n-500_effect-2_sigma-def_corr-0"
"subject180",1,0.905,"diablo-full","sim-data_n-500_effect-2_sigma-def_corr-0"
"subject186",0,0.066,"diablo-full","sim-data_n-500_effect-2_sigma-def_corr-0"
"subject187",1,1.054,"diablo-full","sim-data_n-500_effect-2_sigma-def_corr-0"
"subject193",0,0.017,"diablo-full","sim-data_n-500_effect-2_sigma-def_corr-0"
"subject194",1,0.989,"diablo-full","sim-data_n-500_effect-2_sigma-def_corr-0"
"subject198",1,1.038,"diablo-full","sim-data_n-500_effect-2_sigma-def_corr-0"
"subject202",0,0.014,"diablo-full","sim-data_n-500_effect-2_sigma-def_corr-0"
"subject208",0,0.036,"diablo-full","sim-data_n-500_effect-2_sigma-def_corr-0"
"subject209",1,0.945,"diablo-full","sim-data_n-500_effect-2_sigma-def_corr-0"
"subject210",0,0.044,"diablo-full","sim-data_n-500_effect-2_sigma-def_corr-0"
"subject211",1,0.88,"diablo-full","sim-data_n-500_effect-2_sigma-def_corr-0"
"subject216",1,1.032,"diablo-full","sim-data_n-500_effect-2_sigma-def_corr-0"
"subject220",1,1.061,"diablo-full","sim-data_n-500_effect-2_sigma-def_corr-0"
"subject221",0,0.077,"diablo-full","sim-data_n-500_effect-2_sigma-def_corr-0"
"subject227",0,0.085,"diablo-full","sim-data_n-500_effect-2_sigma-def_corr-0"
"subject229",0,0.032,"diablo-full","sim-data_n-500_effect-2_sigma-def_corr-0"
"subject231",0,0.079,"diablo-full","sim-data_n-500_effect-2_sigma-def_corr-0"
"subject235",0,0.035,"diablo-full","sim-data_n-500_effect-2_sigma-def_corr-0"
"subject237",0,0.083,"diablo-full","sim-data_n-500_effect-2_sigma-def_corr-0"
"subject238",0,-0.052,"diablo-full","sim-data_n-500_effect-2_sigma-def_corr-0"
"subject239",1,1.009,"diablo-full","sim-data_n-500_effect-2_sigma-def_corr-0"
"subject245",1,0.978,"diablo-full","sim-data_n-500_effect-2_sigma-def_corr-0"
"subject246",1,0.98,"diablo-full","sim-data_n-500_effect-2_sigma-def_corr-0"
"subject247",1,1.004,"diablo-full","sim-data_n-500_effect-2_sigma-def_corr-0"
"subject251",0,-0.028,"diablo-full","sim-data_n-500_effect-2_sigma-def_corr-0"
"subject253",1,0.973,"diablo-full","sim-data_n-500_effect-2_sigma-def_corr-0"
"subject259",0,0.021,"diablo-full","sim-data_n-500_effect-2_sigma-def_corr-0"
"subject260",0,-0.002,"diablo-full","sim-data_n-500_effect-2_sigma-def_corr-0"
"subject266",1,1.019,"diablo-full","sim-data_n-500_effect-2_sigma-def_corr-0"
"subject267",1,1.026,"diablo-full","sim-data_n-500_effect-2_sigma-def_corr-0"
"subject270",0,-0.078,"diablo-full","sim-data_n-500_effect-2_sigma-def_corr-0"
"subject276",1,0.994,"diablo-full","sim-data_n-500_effect-2_sigma-def_corr-0"
"subject280",1,1.026,"diablo-full","sim-data_n-500_effect-2_sigma-def_corr-0"
"subject285",0,0.055,"diablo-full","sim-data_n-500_effect-2_sigma-def_corr-0"
"subject286",0,0.035,"diablo-full","sim-data_n-500_effect-2_sigma-def_corr-0"
"subject302",1,1.012,"diablo-full","sim-data_n-500_effect-2_sigma-def_corr-0"
"subject304",0,0.071,"diablo-full","sim-data_n-500_effect-2_sigma-def_corr-0"
"subject305",0,-0.026,"diablo-full","sim-data_n-500_effect-2_sigma-def_corr-0"
"subject307",1,1.038,"diablo-full","sim-data_n-500_effect-2_sigma-def_corr-0"
"subject318",1,1.124,"diablo-full","sim-data_n-500_effect-2_sigma-def_corr-0"
"subject319",0,0.024,"diablo-full","sim-data_n-500_effect-2_sigma-def_corr-0"
"subject330",1,0.942,"diablo-full","sim-data_n-500_effect-2_sigma-def_corr-0"
"subject331",1,0.98,"diablo-full","sim-data_n-500_effect-2_sigma-def_corr-0"
"subject332",1,0.886,"diablo-full","sim-data_n-500_effect-2_sigma-def_corr-0"
"subject333",0,-0.001,"diablo-full","sim-data_n-500_effect-2_sigma-def_corr-0"
"subject337",1,0.984,"diablo-full","sim-data_n-500_effect-2_sigma-def_corr-0"
"subject339",0,-0.044,"diablo-full","sim-data_n-500_effect-2_sigma-def_corr-0"
"subject340",0,0.047,"diablo-full","sim-data_n-500_effect-2_sigma-def_corr-0"
"subject344",0,0.049,"diablo-full","sim-data_n-500_effect-2_sigma-def_corr-0"
"subject346",0,0.016,"diablo-full","sim-data_n-500_effect-2_sigma-def_corr-0"
"subject348",1,0.982,"diablo-full","sim-data_n-500_effect-2_sigma-def_corr-0"
"subject356",0,0.057,"diablo-full","sim-data_n-500_effect-2_sigma-def_corr-0"
"subject359",1,0.934,"diablo-full","sim-data_n-500_effect-2_sigma-def_corr-0"
"subject360",1,1.048,"diablo-full","sim-data_n-500_effect-2_sigma-def_corr-0"
"subject362",0,0.042,"diablo-full","sim-data_n-500_effect-2_sigma-def_corr-0"
"subject363",1,0.976,"diablo-full","sim-data_n-500_effect-2_sigma-def_corr-0"
"subject368",1,1.034,"diablo-full","sim-data_n-500_effect-2_sigma-def_corr-0"
"subject376",0,0.054,"diablo-full","sim-data_n-500_effect-2_sigma-def_corr-0"
"subject378",0,0.024,"diablo-full","sim-data_n-500_effect-2_sigma-def_corr-0"
"subject381",1,0.879,"diablo-full","sim-data_n-500_effect-2_sigma-def_corr-0"
"subject383",0,0.003,"diablo-full","sim-data_n-500_effect-2_sigma-def_corr-0"
"subject384",1,0.923,"diablo-full","sim-data_n-500_effect-2_sigma-def_corr-0"
"subject385",1,1.003,"diablo-full","sim-data_n-500_effect-2_sigma-def_corr-0"
"subject386",0,0.012,"diablo-full","sim-data_n-500_effect-2_sigma-def_corr-0"
"subject390",1,0.958,"diablo-full","sim-data_n-500_effect-2_sigma-def_corr-0"
"subject396",1,0.944,"diablo-full","sim-data_n-500_effect-2_sigma-def_corr-0"
"subject398",0,0.074,"diablo-full","sim-data_n-500_effect-2_sigma-def_corr-0"
"subject405",1,1.003,"diablo-full","sim-data_n-500_effect-2_sigma-def_corr-0"
"subject406",0,0.081,"diablo-full","sim-data_n-500_effect-2_sigma-def_corr-0"
"subject407",1,1.061,"diablo-full","sim-data_n-500_effect-2_sigma-def_corr-0"
"subject413",0,-0.01,"diablo-full","sim-data_n-500_effect-2_sigma-def_corr-0"
"subject414",0,0.025,"diablo-full","sim-data_n-500_effect-2_sigma-def_corr-0"
"subject426",0,-0.001,"diablo-full","sim-data_n-500_effect-2_sigma-def_corr-0"
"subject429",0,0.06,"diablo-full","sim-data_n-500_effect-2_sigma-def_corr-0"
"subject435",1,0.918,"diablo-full","sim-data_n-500_effect-2_sigma-def_corr-0"
"subject442",0,0.039,"diablo-full","sim-data_n-500_effect-2_sigma-def_corr-0"
"subject445",1,0.931,"diablo-full","sim-data_n-500_effect-2_sigma-def_corr-0"
"subject446",0,-0.147,"diablo-full","sim-data_n-500_effect-2_sigma-def_corr-0"
"subject447",1,0.906,"diablo-full","sim-data_n-500_effect-2_sigma-def_corr-0"
"subject449",1,0.985,"diablo-full","sim-data_n-500_effect-2_sigma-def_corr-0"
"subject450",0,0.032,"diablo-full","sim-data_n-500_effect-2_sigma-def_corr-0"
"subject452",1,1.048,"diablo-full","sim-data_n-500_effect-2_sigma-def_corr-0"
"subject457",1,0.935,"diablo-full","sim-data_n-500_effect-2_sigma-def_corr-0"
"subject460",1,1.025,"diablo-full","sim-data_n-500_effect-2_sigma-def_corr-0"
"subject463",1,0.92,"diablo-full","sim-data_n-500_effect-2_sigma-def_corr-0"
"subject464",1,1.053,"diablo-full","sim-data_n-500_effect-2_sigma-def_corr-0"
"subject468",0,-0.009,"diablo-full","sim-data_n-500_effect-2_sigma-def_corr-0"
"subject469",0,0.043,"diablo-full","sim-data_n-500_effect-2_sigma-def_corr-0"
"subject470",1,0.981,"diablo-full","sim-data_n-500_effect-2_sigma-def_corr-0"
"subject471",1,0.967,"diablo-full","sim-data_n-500_effect-2_sigma-def_corr-0"
"subject473",1,0.994,"diablo-full","sim-data_n-500_effect-2_sigma-def_corr-0"
"subject474",0,0.002,"diablo-full","sim-data_n-500_effect-2_sigma-def_corr-0"
"subject479",0,0.006,"diablo-full","sim-data_n-500_effect-2_sigma-def_corr-0"
"subject482",0,0.016,"diablo-full","sim-data_n-500_effect-2_sigma-def_corr-0"
"subject484",0,-0.034,"diablo-full","sim-data_n-500_effect-2_sigma-def_corr-0"
"subject487",1,0.98,"diablo-full","sim-data_n-500_effect-2_sigma-def_corr-0"
"subject493",1,1.039,"diablo-full","sim-data_n-500_effect-2_sigma-def_corr-0"
"subject494",1,0.982,"diablo-full","sim-data_n-500_effect-2_sigma-def_corr-0"
"subject499",0,0.017,"diablo-full","sim-data_n-500_effect-2_sigma-def_corr-0"
"subject3",0,-0.04,"diablo-full","sim-data_n-500_effect-2_sigma-def_corr-0.5"
"subject11",1,1.021,"diablo-full","sim-data_n-500_effect-2_sigma-def_corr-0.5"
"subject12",0,0.065,"diablo-full","sim-data_n-500_effect-2_sigma-def_corr-0.5"
"subject13",0,-0.01,"diablo-full","sim-data_n-500_effect-2_sigma-def_corr-0.5"
"subject16",0,0.004,"diablo-full","sim-data_n-500_effect-2_sigma-def_corr-0.5"
"subject18",0,-0.026,"diablo-full","sim-data_n-500_effect-2_sigma-def_corr-0.5"
"subject19",0,0.03,"diablo-full","sim-data_n-500_effect-2_sigma-def_corr-0.5"
"subject20",1,1.016,"diablo-full","sim-data_n-500_effect-2_sigma-def_corr-0.5"
"subject24",0,-0.031,"diablo-full","sim-data_n-500_effect-2_sigma-def_corr-0.5"
"subject26",1,1.015,"diablo-full","sim-data_n-500_effect-2_sigma-def_corr-0.5"
"subject42",0,0.057,"diablo-full","sim-data_n-500_effect-2_sigma-def_corr-0.5"
"subject46",1,0.942,"diablo-full","sim-data_n-500_effect-2_sigma-def_corr-0.5"
"subject49",1,0.996,"diablo-full","sim-data_n-500_effect-2_sigma-def_corr-0.5"
"subject55",0,0.059,"diablo-full","sim-data_n-500_effect-2_sigma-def_corr-0.5"
"subject58",1,1.09,"diablo-full","sim-data_n-500_effect-2_sigma-def_corr-0.5"
"subject59",1,0.968,"diablo-full","sim-data_n-500_effect-2_sigma-def_corr-0.5"
"subject61",1,0.977,"diablo-full","sim-data_n-500_effect-2_sigma-def_corr-0.5"
"subject63",1,1.091,"diablo-full","sim-data_n-500_effect-2_sigma-def_corr-0.5"
"subject64",1,1.028,"diablo-full","sim-data_n-500_effect-2_sigma-def_corr-0.5"
"subject65",1,1.024,"diablo-full","sim-data_n-500_effect-2_sigma-def_corr-0.5"
"subject66",0,0.002,"diablo-full","sim-data_n-500_effect-2_sigma-def_corr-0.5"
"subject70",0,0.062,"diablo-full","sim-data_n-500_effect-2_sigma-def_corr-0.5"
"subject71",1,0.98,"diablo-full","sim-data_n-500_effect-2_sigma-def_corr-0.5"
"subject73",0,-0.034,"diablo-full","sim-data_n-500_effect-2_sigma-def_corr-0.5"
"subject77",1,0.97,"diablo-full","sim-data_n-500_effect-2_sigma-def_corr-0.5"
"subject86",0,0.019,"diablo-full","sim-data_n-500_effect-2_sigma-def_corr-0.5"
"subject89",1,1.028,"diablo-full","sim-data_n-500_effect-2_sigma-def_corr-0.5"
"subject94",0,-0.021,"diablo-full","sim-data_n-500_effect-2_sigma-def_corr-0.5"
"subject95",0,0.078,"diablo-full","sim-data_n-500_effect-2_sigma-def_corr-0.5"
"subject99",0,0.043,"diablo-full","sim-data_n-500_effect-2_sigma-def_corr-0.5"
"subject104",1,1.007,"diablo-full","sim-data_n-500_effect-2_sigma-def_corr-0.5"
"subject107",1,0.946,"diablo-full","sim-data_n-500_effect-2_sigma-def_corr-0.5"
"subject108",0,0.04,"diablo-full","sim-data_n-500_effect-2_sigma-def_corr-0.5"
"subject112",0,-0.023,"diablo-full","sim-data_n-500_effect-2_sigma-def_corr-0.5"
"subject116",0,-0.009,"diablo-full","sim-data_n-500_effect-2_sigma-def_corr-0.5"
"subject123",0,0.07,"diablo-full","sim-data_n-500_effect-2_sigma-def_corr-0.5"
"subject130",1,0.915,"diablo-full","sim-data_n-500_effect-2_sigma-def_corr-0.5"
"subject135",1,0.993,"diablo-full","sim-data_n-500_effect-2_sigma-def_corr-0.5"
"subject138",0,0.01,"diablo-full","sim-data_n-500_effect-2_sigma-def_corr-0.5"
"subject139",1,0.944,"diablo-full","sim-data_n-500_effect-2_sigma-def_corr-0.5"
"subject144",1,0.966,"diablo-full","sim-data_n-500_effect-2_sigma-def_corr-0.5"
"subject154",1,1.028,"diablo-full","sim-data_n-500_effect-2_sigma-def_corr-0.5"
"subject155",1,1.073,"diablo-full","sim-data_n-500_effect-2_sigma-def_corr-0.5"
"subject156",0,-0.014,"diablo-full","sim-data_n-500_effect-2_sigma-def_corr-0.5"
"subject161",0,-0.051,"diablo-full","sim-data_n-500_effect-2_sigma-def_corr-0.5"
"subject168",0,0.005,"diablo-full","sim-data_n-500_effect-2_sigma-def_corr-0.5"
"subject171",1,1.086,"diablo-full","sim-data_n-500_effect-2_sigma-def_corr-0.5"
"subject176",0,0.008,"diablo-full","sim-data_n-500_effect-2_sigma-def_corr-0.5"
"subject180",0,0.043,"diablo-full","sim-data_n-500_effect-2_sigma-def_corr-0.5"
"subject182",1,0.938,"diablo-full","sim-data_n-500_effect-2_sigma-def_corr-0.5"
"subject183",1,1.023,"diablo-full","sim-data_n-500_effect-2_sigma-def_corr-0.5"
"subject186",0,0.04,"diablo-full","sim-data_n-500_effect-2_sigma-def_corr-0.5"
"subject190",0,0.084,"diablo-full","sim-data_n-500_effect-2_sigma-def_corr-0.5"
"subject191",0,0.004,"diablo-full","sim-data_n-500_effect-2_sigma-def_corr-0.5"
"subject197",1,0.964,"diablo-full","sim-data_n-500_effect-2_sigma-def_corr-0.5"
"subject198",0,0.07,"diablo-full","sim-data_n-500_effect-2_sigma-def_corr-0.5"
"subject200",0,0.084,"diablo-full","sim-data_n-500_effect-2_sigma-def_corr-0.5"
"subject201",0,0.032,"diablo-full","sim-data_n-500_effect-2_sigma-def_corr-0.5"
"subject206",0,-0.002,"diablo-full","sim-data_n-500_effect-2_sigma-def_corr-0.5"
"subject207",0,0.063,"diablo-full","sim-data_n-500_effect-2_sigma-def_corr-0.5"
"subject208",0,0.034,"diablo-full","sim-data_n-500_effect-2_sigma-def_corr-0.5"
"subject211",0,0.024,"diablo-full","sim-data_n-500_effect-2_sigma-def_corr-0.5"
"subject212",0,0.046,"diablo-full","sim-data_n-500_effect-2_sigma-def_corr-0.5"
"subject216",1,0.997,"diablo-full","sim-data_n-500_effect-2_sigma-def_corr-0.5"
"subject217",1,0.968,"diablo-full","sim-data_n-500_effect-2_sigma-def_corr-0.5"
"subject227",0,0.094,"diablo-full","sim-data_n-500_effect-2_sigma-def_corr-0.5"
"subject228",0,-0.009,"diablo-full","sim-data_n-500_effect-2_sigma-def_corr-0.5"
"subject230",1,1.009,"diablo-full","sim-data_n-500_effect-2_sigma-def_corr-0.5"
"subject235",1,0.967,"diablo-full","sim-data_n-500_effect-2_sigma-def_corr-0.5"
"subject239",1,1.031,"diablo-full","sim-data_n-500_effect-2_sigma-def_corr-0.5"
"subject241",1,0.952,"diablo-full","sim-data_n-500_effect-2_sigma-def_corr-0.5"
"subject244",1,0.934,"diablo-full","sim-data_n-500_effect-2_sigma-def_corr-0.5"
"subject248",0,0.03,"diablo-full","sim-data_n-500_effect-2_sigma-def_corr-0.5"
"subject249",1,1.042,"diablo-full","sim-data_n-500_effect-2_sigma-def_corr-0.5"
"subject250",0,-0.068,"diablo-full","sim-data_n-500_effect-2_sigma-def_corr-0.5"
"subject252",0,-0.121,"diablo-full","sim-data_n-500_effect-2_sigma-def_corr-0.5"
"subject253",0,0.051,"diablo-full","sim-data_n-500_effect-2_sigma-def_corr-0.5"
"subject257",1,1.071,"diablo-full","sim-data_n-500_effect-2_sigma-def_corr-0.5"
"subject259",0,0.017,"diablo-full","sim-data_n-500_effect-2_sigma-def_corr-0.5"
"subject261",0,-0.002,"diablo-full","sim-data_n-500_effect-2_sigma-def_corr-0.5"
"subject262",0,-0.004,"diablo-full","sim-data_n-500_effect-2_sigma-def_corr-0.5"
"subject265",0,0.011,"diablo-full","sim-data_n-500_effect-2_sigma-def_corr-0.5"
"subject274",0,0.089,"diablo-full","sim-data_n-500_effect-2_sigma-def_corr-0.5"
"subject278",1,1.008,"diablo-full","sim-data_n-500_effect-2_sigma-def_corr-0.5"
"subject283",0,0.077,"diablo-full","sim-data_n-500_effect-2_sigma-def_corr-0.5"
"subject285",0,-0.072,"diablo-full","sim-data_n-500_effect-2_sigma-def_corr-0.5"
"subject296",0,0.047,"diablo-full","sim-data_n-500_effect-2_sigma-def_corr-0.5"
"subject297",1,1.028,"diablo-full","sim-data_n-500_effect-2_sigma-def_corr-0.5"
"subject300",0,-0.046,"diablo-full","sim-data_n-500_effect-2_sigma-def_corr-0.5"
"subject303",0,-0.034,"diablo-full","sim-data_n-500_effect-2_sigma-def_corr-0.5"
"subject311",0,-0.057,"diablo-full","sim-data_n-500_effect-2_sigma-def_corr-0.5"
"subject312",1,0.963,"diablo-full","sim-data_n-500_effect-2_sigma-def_corr-0.5"
"subject321",1,1.045,"diablo-full","sim-data_n-500_effect-2_sigma-def_corr-0.5"
"subject322",0,0.024,"diablo-full","sim-data_n-500_effect-2_sigma-def_corr-0.5"
"subject326",1,0.967,"diablo-full","sim-data_n-500_effect-2_sigma-def_corr-0.5"
"subject330",1,1.015,"diablo-full","sim-data_n-500_effect-2_sigma-def_corr-0.5"
"subject339",0,-0.055,"diablo-full","sim-data_n-500_effect-2_sigma-def_corr-0.5"
"subject341",1,0.965,"diablo-full","sim-data_n-500_effect-2_sigma-def_corr-0.5"
"subject343",1,1.004,"diablo-full","sim-data_n-500_effect-2_sigma-def_corr-0.5"
"subject346",0,-0.055,"diablo-full","sim-data_n-500_effect-2_sigma-def_corr-0.5"
"subject348",0,0.039,"diablo-full","sim-data_n-500_effect-2_sigma-def_corr-0.5"
"subject349",0,0.071,"diablo-full","sim-data_n-500_effect-2_sigma-def_corr-0.5"
"subject354",0,-0.026,"diablo-full","sim-data_n-500_effect-2_sigma-def_corr-0.5"
"subject355",1,1.023,"diablo-full","sim-data_n-500_effect-2_sigma-def_corr-0.5"
"subject356",1,0.98,"diablo-full","sim-data_n-500_effect-2_sigma-def_corr-0.5"
"subject357",1,1.065,"diablo-full","sim-data_n-500_effect-2_sigma-def_corr-0.5"
"subject358",0,-0.11,"diablo-full","sim-data_n-500_effect-2_sigma-def_corr-0.5"
"subject361",1,0.958,"diablo-full","sim-data_n-500_effect-2_sigma-def_corr-0.5"
"subject368",0,0.029,"diablo-full","sim-data_n-500_effect-2_sigma-def_corr-0.5"
"subject369",1,0.985,"diablo-full","sim-data_n-500_effect-2_sigma-def_corr-0.5"
"subject371",0,-0.084,"diablo-full","sim-data_n-500_effect-2_sigma-def_corr-0.5"
"subject378",1,0.976,"diablo-full","sim-data_n-500_effect-2_sigma-def_corr-0.5"
"subject381",0,-0.015,"diablo-full","sim-data_n-500_effect-2_sigma-def_corr-0.5"
"subject382",0,0.068,"diablo-full","sim-data_n-500_effect-2_sigma-def_corr-0.5"
"subject383",0,-0.014,"diablo-full","sim-data_n-500_effect-2_sigma-def_corr-0.5"
"subject388",0,0.004,"diablo-full","sim-data_n-500_effect-2_sigma-def_corr-0.5"
"subject394",1,0.997,"diablo-full","sim-data_n-500_effect-2_sigma-def_corr-0.5"
"subject398",1,0.98,"diablo-full","sim-data_n-500_effect-2_sigma-def_corr-0.5"
"subject402",0,-0.018,"diablo-full","sim-data_n-500_effect-2_sigma-def_corr-0.5"
"subject407",0,-0.02,"diablo-full","sim-data_n-500_effect-2_sigma-def_corr-0.5"
"subject409",0,0.053,"diablo-full","sim-data_n-500_effect-2_sigma-def_corr-0.5"
"subject414",0,0.05,"diablo-full","sim-data_n-500_effect-2_sigma-def_corr-0.5"
"subject416",0,0.033,"diablo-full","sim-data_n-500_effect-2_sigma-def_corr-0.5"
"subject425",0,-0.006,"diablo-full","sim-data_n-500_effect-2_sigma-def_corr-0.5"
"subject427",0,0.028,"diablo-full","sim-data_n-500_effect-2_sigma-def_corr-0.5"
"subject435",0,-0.05,"diablo-full","sim-data_n-500_effect-2_sigma-def_corr-0.5"
"subject441",1,1.006,"diablo-full","sim-data_n-500_effect-2_sigma-def_corr-0.5"
"subject443",1,1.012,"diablo-full","sim-data_n-500_effect-2_sigma-def_corr-0.5"
"subject446",1,1.023,"diablo-full","sim-data_n-500_effect-2_sigma-def_corr-0.5"
"subject448",1,1.024,"diablo-full","sim-data_n-500_effect-2_sigma-def_corr-0.5"
"subject451",0,0.037,"diablo-full","sim-data_n-500_effect-2_sigma-def_corr-0.5"
"subject452",1,1.019,"diablo-full","sim-data_n-500_effect-2_sigma-def_corr-0.5"
"subject454",1,0.942,"diablo-full","sim-data_n-500_effect-2_sigma-def_corr-0.5"
"subject455",0,-0.087,"diablo-full","sim-data_n-500_effect-2_sigma-def_corr-0.5"
"subject459",1,1.012,"diablo-full","sim-data_n-500_effect-2_sigma-def_corr-0.5"
"subject463",1,0.996,"diablo-full","sim-data_n-500_effect-2_sigma-def_corr-0.5"
"subject465",1,1.047,"diablo-full","sim-data_n-500_effect-2_sigma-def_corr-0.5"
"subject470",0,0.005,"diablo-full","sim-data_n-500_effect-2_sigma-def_corr-0.5"
"subject472",0,0.085,"diablo-full","sim-data_n-500_effect-2_sigma-def_corr-0.5"
"subject473",0,-0.002,"diablo-full","sim-data_n-500_effect-2_sigma-def_corr-0.5"
"subject474",1,1.019,"diablo-full","sim-data_n-500_effect-2_sigma-def_corr-0.5"
"subject478",1,0.916,"diablo-full","sim-data_n-500_effect-2_sigma-def_corr-0.5"
"subject480",1,0.959,"diablo-full","sim-data_n-500_effect-2_sigma-def_corr-0.5"
"subject482",0,-0.001,"diablo-full","sim-data_n-500_effect-2_sigma-def_corr-0.5"
"subject484",1,0.993,"diablo-full","sim-data_n-500_effect-2_sigma-def_corr-0.5"
"subject489",0,0.067,"diablo-full","sim-data_n-500_effect-2_sigma-def_corr-0.5"
"subject492",0,0.043,"diablo-full","sim-data_n-500_effect-2_sigma-def_corr-0.5"
"subject496",1,0.983,"diablo-full","sim-data_n-500_effect-2_sigma-def_corr-0.5"
"subject497",1,1.004,"diablo-full","sim-data_n-500_effect-2_sigma-def_corr-0.5"
"subject499",1,1.009,"diablo-full","sim-data_n-500_effect-2_sigma-def_corr-0.5"
"subject6",0,0.021,"diablo-full","sim-data_n-100_effect-2_sigma-indep_corr-0.5"
"subject10",1,0.969,"diablo-full","sim-data_n-100_effect-2_sigma-indep_corr-0.5"
"subject11",1,0.942,"diablo-full","sim-data_n-100_effect-2_sigma-indep_corr-0.5"
"subject15",1,0.947,"diablo-full","sim-data_n-100_effect-2_sigma-indep_corr-0.5"
"subject17",0,0.01,"diablo-full","sim-data_n-100_effect-2_sigma-indep_corr-0.5"
"subject19",1,0.982,"diablo-full","sim-data_n-100_effect-2_sigma-indep_corr-0.5"
"subject22",1,0.986,"diablo-full","sim-data_n-100_effect-2_sigma-indep_corr-0.5"
"subject23",1,0.949,"diablo-full","sim-data_n-100_effect-2_sigma-indep_corr-0.5"
"subject26",1,0.946,"diablo-full","sim-data_n-100_effect-2_sigma-indep_corr-0.5"
"subject34",1,0.973,"diablo-full","sim-data_n-100_effect-2_sigma-indep_corr-0.5"
"subject36",0,0.028,"diablo-full","sim-data_n-100_effect-2_sigma-indep_corr-0.5"
"subject39",0,0.007,"diablo-full","sim-data_n-100_effect-2_sigma-indep_corr-0.5"
"subject44",1,0.967,"diablo-full","sim-data_n-100_effect-2_sigma-indep_corr-0.5"
"subject48",1,0.938,"diablo-full","sim-data_n-100_effect-2_sigma-indep_corr-0.5"
"subject54",0,0.02,"diablo-full","sim-data_n-100_effect-2_sigma-indep_corr-0.5"
"subject60",1,0.974,"diablo-full","sim-data_n-100_effect-2_sigma-indep_corr-0.5"
"subject61",0,-0.014,"diablo-full","sim-data_n-100_effect-2_sigma-indep_corr-0.5"
"subject64",1,0.92,"diablo-full","sim-data_n-100_effect-2_sigma-indep_corr-0.5"
"subject67",1,0.954,"diablo-full","sim-data_n-100_effect-2_sigma-indep_corr-0.5"
"subject68",0,0.012,"diablo-full","sim-data_n-100_effect-2_sigma-indep_corr-0.5"
"subject71",0,0.061,"diablo-full","sim-data_n-100_effect-2_sigma-indep_corr-0.5"
"subject73",1,0.974,"diablo-full","sim-data_n-100_effect-2_sigma-indep_corr-0.5"
"subject76",1,0.94,"diablo-full","sim-data_n-100_effect-2_sigma-indep_corr-0.5"
"subject80",0,0.024,"diablo-full","sim-data_n-100_effect-2_sigma-indep_corr-0.5"
"subject82",1,0.907,"diablo-full","sim-data_n-100_effect-2_sigma-indep_corr-0.5"
"subject92",0,0.056,"diablo-full","sim-data_n-100_effect-2_sigma-indep_corr-0.5"
"subject93",1,0.935,"diablo-full","sim-data_n-100_effect-2_sigma-indep_corr-0.5"
"subject94",1,0.939,"diablo-full","sim-data_n-100_effect-2_sigma-indep_corr-0.5"
"subject98",0,0.054,"diablo-full","sim-data_n-100_effect-2_sigma-indep_corr-0.5"
"subject99",0,-0.005,"diablo-full","sim-data_n-100_effect-2_sigma-indep_corr-0.5"
"subject3",0,-0.005,"diablo-full","sim-data_n-100_effect-2_sigma-def_corr-0.5"
"subject6",0,-0.052,"diablo-full","sim-data_n-100_effect-2_sigma-def_corr-0.5"
"subject8",1,0.937,"diablo-full","sim-data_n-100_effect-2_sigma-def_corr-0.5"
"subject13",1,0.932,"diablo-full","sim-data_n-100_effect-2_sigma-def_corr-0.5"
"subject15",0,0.071,"diablo-full","sim-data_n-100_effect-2_sigma-def_corr-0.5"
"subject16",0,0.018,"diablo-full","sim-data_n-100_effect-2_sigma-def_corr-0.5"
"subject20",1,0.904,"diablo-full","sim-data_n-100_effect-2_sigma-def_corr-0.5"
"subject21",1,0.919,"diablo-full","sim-data_n-100_effect-2_sigma-def_corr-0.5"
"subject25",1,0.983,"diablo-full","sim-data_n-100_effect-2_sigma-def_corr-0.5"
"subject32",0,0.034,"diablo-full","sim-data_n-100_effect-2_sigma-def_corr-0.5"
"subject34",1,0.931,"diablo-full","sim-data_n-100_effect-2_sigma-def_corr-0.5"
"subject37",0,0.049,"diablo-full","sim-data_n-100_effect-2_sigma-def_corr-0.5"
"subject40",1,0.972,"diablo-full","sim-data_n-100_effect-2_sigma-def_corr-0.5"
"subject45",1,0.98,"diablo-full","sim-data_n-100_effect-2_sigma-def_corr-0.5"
"subject54",1,0.978,"diablo-full","sim-data_n-100_effect-2_sigma-def_corr-0.5"
"subject57",1,0.982,"diablo-full","sim-data_n-100_effect-2_sigma-def_corr-0.5"
"subject58",1,0.881,"diablo-full","sim-data_n-100_effect-2_sigma-def_corr-0.5"
"subject64",0,-0.054,"diablo-full","sim-data_n-100_effect-2_sigma-def_corr-0.5"
"subject65",1,1.099,"diablo-full","sim-data_n-100_effect-2_sigma-def_corr-0.5"
"subject67",0,-0.011,"diablo-full","sim-data_n-100_effect-2_sigma-def_corr-0.5"
"subject69",0,-0.046,"diablo-full","sim-data_n-100_effect-2_sigma-def_corr-0.5"
"subject71",1,1.006,"diablo-full","sim-data_n-100_effect-2_sigma-def_corr-0.5"
"subject73",1,0.905,"diablo-full","sim-data_n-100_effect-2_sigma-def_corr-0.5"
"subject77",1,0.914,"diablo-full","sim-data_n-100_effect-2_sigma-def_corr-0.5"
"subject82",1,1.018,"diablo-full","sim-data_n-100_effect-2_sigma-def_corr-0.5"
"subject91",0,0.007,"diablo-full","sim-data_n-100_effect-2_sigma-def_corr-0.5"
"subject92",1,0.932,"diablo-full","sim-data_n-100_effect-2_sigma-def_corr-0.5"
"subject96",1,0.907,"diablo-full","sim-data_n-100_effect-2_sigma-def_corr-0.5"
"subject99",0,0.064,"diablo-full","sim-data_n-100_effect-2_sigma-def_corr-0.5"
"subject100",1,0.927,"diablo-full","sim-data_n-100_effect-2_sigma-def_corr-0.5"
"subject4",1,0.947,"diablo-full","sim-data_n-50_effect-2_sigma-indep_corr-0.5"
"subject5",0,0.064,"diablo-full","sim-data_n-50_effect-2_sigma-indep_corr-0.5"
"subject6",1,0.912,"diablo-full","sim-data_n-50_effect-2_sigma-indep_corr-0.5"
"subject20",1,0.916,"diablo-full","sim-data_n-50_effect-2_sigma-indep_corr-0.5"
"subject21",1,0.96,"diablo-full","sim-data_n-50_effect-2_sigma-indep_corr-0.5"
"subject22",1,0.962,"diablo-full","sim-data_n-50_effect-2_sigma-indep_corr-0.5"
"subject23",0,0.042,"diablo-full","sim-data_n-50_effect-2_sigma-indep_corr-0.5"
"subject29",0,0.017,"diablo-full","sim-data_n-50_effect-2_sigma-indep_corr-0.5"
"subject30",1,0.911,"diablo-full","sim-data_n-50_effect-2_sigma-indep_corr-0.5"
"subject36",0,0.026,"diablo-full","sim-data_n-50_effect-2_sigma-indep_corr-0.5"
"subject39",0,0.099,"diablo-full","sim-data_n-50_effect-2_sigma-indep_corr-0.5"
"subject41",0,0.059,"diablo-full","sim-data_n-50_effect-2_sigma-indep_corr-0.5"
"subject44",1,0.925,"diablo-full","sim-data_n-50_effect-2_sigma-indep_corr-0.5"
"subject48",1,0.965,"diablo-full","sim-data_n-50_effect-2_sigma-indep_corr-0.5"
"subject50",0,0.078,"diablo-full","sim-data_n-50_effect-2_sigma-indep_corr-0.5"
"TCGA.4Z.AA7M",1,0.649,"diablo-full","tcga-blca"
"TCGA.4Z.AA7Q",1,0.73,"diablo-full","tcga-blca"
"TCGA.4Z.AA89",1,0.543,"diablo-full","tcga-blca"
"TCGA.BT.A20W",0,0.666,"diablo-full","tcga-blca"
"TCGA.BT.A3PJ",1,0.731,"diablo-full","tcga-blca"
"TCGA.BT.A3PK",0,0.823,"diablo-full","tcga-blca"
"TCGA.CU.A3KJ",1,0.693,"diablo-full","tcga-blca"
"TCGA.CU.A72E",1,0.689,"diablo-full","tcga-blca"
"TCGA.DK.A1AA",1,0.594,"diablo-full","tcga-blca"
"TCGA.DK.A1AC",1,0.64,"diablo-full","tcga-blca"
"TCGA.DK.A2HX",1,0.794,"diablo-full","tcga-blca"
"TCGA.DK.A3IQ",1,0.867,"diablo-full","tcga-blca"
"TCGA.DK.A3IU",0,0.822,"diablo-full","tcga-blca"
"TCGA.DK.A3X1",1,0.666,"diablo-full","tcga-blca"
"TCGA.DK.A3X2",1,0.557,"diablo-full","tcga-blca"
"TCGA.DK.A6B1",0,0.537,"diablo-full","tcga-blca"
"TCGA.DK.A6B2",1,0.691,"diablo-full","tcga-blca"
"TCGA.DK.A6B5",1,0.663,"diablo-full","tcga-blca"
"TCGA.DK.A6B6",0,0.616,"diablo-full","tcga-blca"
"TCGA.DK.AA6M",0,0.776,"diablo-full","tcga-blca"
"TCGA.DK.AA6S",1,0.808,"diablo-full","tcga-blca"
"TCGA.E7.A7DU",1,0.514,"diablo-full","tcga-blca"
"TCGA.E7.A7DV",1,0.788,"diablo-full","tcga-blca"
"TCGA.FD.A3B6",0,0.741,"diablo-full","tcga-blca"
"TCGA.FD.A3B7",1,0.868,"diablo-full","tcga-blca"
"TCGA.FD.A3SJ",1,0.725,"diablo-full","tcga-blca"
"TCGA.FD.A3SM",1,0.702,"diablo-full","tcga-blca"
"TCGA.FD.A3SQ",1,0.801,"diablo-full","tcga-blca"
"TCGA.FD.A3SR",1,0.705,"diablo-full","tcga-blca"
"TCGA.FD.A43Y",1,0.781,"diablo-full","tcga-blca"
"TCGA.FD.A5BT",1,0.865,"diablo-full","tcga-blca"
"TCGA.FD.A5BX",1,0.843,"diablo-full","tcga-blca"
"TCGA.FD.A5C1",1,0.859,"diablo-full","tcga-blca"
"TCGA.FD.A6TA",1,0.674,"diablo-full","tcga-blca"
"TCGA.FD.A6TD",1,0.784,"diablo-full","tcga-blca"
"TCGA.FD.A6TG",1,0.754,"diablo-full","tcga-blca"
"TCGA.FD.A6TI",1,0.68,"diablo-full","tcga-blca"
"TCGA.FJ.A3ZF",1,0.456,"diablo-full","tcga-blca"
"TCGA.FT.A61P",1,0.806,"diablo-full","tcga-blca"
"TCGA.GC.A3YS",1,0.759,"diablo-full","tcga-blca"
"TCGA.GU.AATP",1,0.658,"diablo-full","tcga-blca"
"TCGA.GV.A6ZA",0,0.562,"diablo-full","tcga-blca"
"TCGA.HQ.A5ND",1,0.678,"diablo-full","tcga-blca"
"TCGA.K4.A3WS",1,0.827,"diablo-full","tcga-blca"
"TCGA.KQ.A41N",1,0.631,"diablo-full","tcga-blca"
"TCGA.KQ.A41Q",1,0.611,"diablo-full","tcga-blca"
"TCGA.UY.A78N",1,0.63,"diablo-full","tcga-blca"
"TCGA.XF.A8HD",1,0.74,"diablo-full","tcga-blca"
"TCGA.XF.A8HE",1,0.782,"diablo-full","tcga-blca"
"TCGA.XF.A8HG",1,0.542,"diablo-full","tcga-blca"
"TCGA.XF.A9SP",1,0.79,"diablo-full","tcga-blca"
"TCGA.XF.A9T0",1,0.624,"diablo-full","tcga-blca"
"TCGA.XF.A9T3",1,0.788,"diablo-full","tcga-blca"
"TCGA.XF.AAMH",1,0.678,"diablo-full","tcga-blca"
"TCGA.XF.AAMJ",1,0.806,"diablo-full","tcga-blca"
"TCGA.XF.AAMZ",1,0.641,"diablo-full","tcga-blca"
"TCGA.XF.AAN2",0,0.694,"diablo-full","tcga-blca"
"TCGA.XF.AAN7",1,0.659,"diablo-full","tcga-blca"
"TCGA.YF.AA3M",0,0.656,"diablo-full","tcga-blca"
"TCGA.ZF.A9R2",0,0.564,"diablo-full","tcga-blca"
"TCGA.ZF.AA53",0,0.818,"diablo-full","tcga-blca"
"TCGA.2F.A9KO",1,0.741,"diablo-full","tcga-blca"
"TCGA.2F.A9KR",1,0.668,"diablo-full","tcga-blca"
"TCGA.4Z.AA7O",0,0.572,"diablo-full","tcga-blca"
"TCGA.4Z.AA7S",1,0.579,"diablo-full","tcga-blca"
"TCGA.4Z.AA7Y",0,0.549,"diablo-full","tcga-blca"
"TCGA.5N.A9KI",1,0.697,"diablo-full","tcga-blca"
"TCGA.BL.A0C8",0,0.628,"diablo-full","tcga-blca"
"TCGA.BL.A13I",1,0.776,"diablo-full","tcga-blca"
"TCGA.BL.A13J",1,0.684,"diablo-full","tcga-blca"
"TCGA.BT.A0S7",1,0.749,"diablo-full","tcga-blca"
"TCGA.BT.A20J",0,0.748,"diablo-full","tcga-blca"
"TCGA.BT.A20O",1,0.849,"diablo-full","tcga-blca"
"TCGA.BT.A20P",1,0.591,"diablo-full","tcga-blca"
"TCGA.BT.A20Q",1,0.688,"diablo-full","tcga-blca"
"TCGA.BT.A20R",1,0.754,"diablo-full","tcga-blca"
"TCGA.BT.A20U",1,0.773,"diablo-full","tcga-blca"
"TCGA.BT.A20V",1,0.698,"diablo-full","tcga-blca"
"TCGA.BT.A42E",1,0.728,"diablo-full","tcga-blca"
"TCGA.C4.A0F6",1,0.611,"diablo-full","tcga-blca"
"TCGA.CF.A1HS",1,0.74,"diablo-full","tcga-blca"
"TCGA.CF.A3MG",0,0.468,"diablo-full","tcga-blca"
"TCGA.CF.A3MH",0,0.533,"diablo-full","tcga-blca"
"TCGA.CF.A3MI",0,0.548,"diablo-full","tcga-blca"
"TCGA.CF.A47T",0,0.525,"diablo-full","tcga-blca"
"TCGA.CF.A47V",0,0.553,"diablo-full","tcga-blca"
"TCGA.CF.A47Y",0,0.568,"diablo-full","tcga-blca"
"TCGA.CF.A5U8",0,0.515,"diablo-full","tcga-blca"
"TCGA.CF.A5UA",0,0.558,"diablo-full","tcga-blca"
"TCGA.CF.A8HY",0,0.531,"diablo-full","tcga-blca"
"TCGA.CF.A9FF",0,0.632,"diablo-full","tcga-blca"
"TCGA.CF.A9FM",0,0.568,"diablo-full","tcga-blca"
"TCGA.CU.A3QU",1,0.475,"diablo-full","tcga-blca"
"TCGA.CU.A3YL",1,0.62,"diablo-full","tcga-blca"
"TCGA.CU.A5W6",1,0.656,"diablo-full","tcga-blca"
"TCGA.DK.A1A3",1,0.744,"diablo-full","tcga-blca"
"TCGA.DK.A1A6",1,0.608,"diablo-full","tcga-blca"
"TCGA.DK.A1AD",1,0.65,"diablo-full","tcga-blca"
"TCGA.DK.A1AE",1,0.679,"diablo-full","tcga-blca"
"TCGA.DK.A1AG",1,0.582,"diablo-full","tcga-blca"
"TCGA.DK.A2I2",1,0.793,"diablo-full","tcga-blca"
"TCGA.DK.A2I4",1,0.802,"diablo-full","tcga-blca"
"TCGA.DK.A3WW",1,0.778,"diablo-full","tcga-blca"
"TCGA.DK.A3WY",1,0.917,"diablo-full","tcga-blca"
"TCGA.E7.A3X6",0,0.664,"diablo-full","tcga-blca"
"TCGA.E7.A3Y1",0,0.578,"diablo-full","tcga-blca"
"TCGA.E7.A519",0,0.613,"diablo-full","tcga-blca"
"TCGA.E7.A5KE",0,0.445,"diablo-full","tcga-blca"
"TCGA.E7.A5KF",0,0.481,"diablo-full","tcga-blca"
"TCGA.E7.A677",0,0.628,"diablo-full","tcga-blca"
"TCGA.E7.A8O7",0,0.6,"diablo-full","tcga-blca"
"TCGA.E7.A8O8",0,0.517,"diablo-full","tcga-blca"
"TCGA.FD.A3B3",1,0.859,"diablo-full","tcga-blca"
"TCGA.FD.A3B4",1,0.849,"diablo-full","tcga-blca"
"TCGA.FD.A3N5",0,0.748,"diablo-full","tcga-blca"
"TCGA.FD.A3N6",0,0.732,"diablo-full","tcga-blca"
"TCGA.FD.A3SP",1,0.902,"diablo-full","tcga-blca"
"TCGA.FD.A43N",1,0.649,"diablo-full","tcga-blca"
"TCGA.FD.A43U",1,0.78,"diablo-full","tcga-blca"
"TCGA.FD.A5BV",1,0.581,"diablo-full","tcga-blca"
"TCGA.FD.A5BZ",1,0.726,"diablo-full","tcga-blca"
"TCGA.FD.A62O",1,0.595,"diablo-full","tcga-blca"
"TCGA.FD.A6TK",1,0.837,"diablo-full","tcga-blca"
"TCGA.FJ.A3ZE",1,0.513,"diablo-full","tcga-blca"
"TCGA.G2.A2EF",0,0.735,"diablo-full","tcga-blca"
"TCGA.G2.A2EK",0,0.74,"diablo-full","tcga-blca"
"TCGA.G2.A2EL",0,0.673,"diablo-full","tcga-blca"
"TCGA.G2.A3IB",0,0.668,"diablo-full","tcga-blca"
"TCGA.G2.A3IE",0,0.57,"diablo-full","tcga-blca"
"TCGA.G2.AA3B",0,0.558,"diablo-full","tcga-blca"
"TCGA.GC.A3I6",1,0.712,"diablo-full","tcga-blca"
"TCGA.GD.A2C5",1,0.675,"diablo-full","tcga-blca"
"TCGA.GD.A3OQ",1,0.643,"diablo-full","tcga-blca"
"TCGA.GD.A3OS",0,0.77,"diablo-full","tcga-blca"
"TCGA.GD.A6C6",1,0.553,"diablo-full","tcga-blca"
"TCGA.GU.A764",0,0.817,"diablo-full","tcga-blca"
"TCGA.GU.A766",0,0.827,"diablo-full","tcga-blca"
"TCGA.GV.A3QI",1,0.55,"diablo-full","tcga-blca"
"TCGA.H4.A2HO",1,0.664,"diablo-full","tcga-blca"
"TCGA.K4.A3WV",0,0.673,"diablo-full","tcga-blca"
"TCGA.K4.A6FZ",1,0.746,"diablo-full","tcga-blca"
"TCGA.K4.A6MB",1,0.607,"diablo-full","tcga-blca"
"TCGA.K4.AAQO",1,0.739,"diablo-full","tcga-blca"
"TCGA.KQ.A41S",1,0.738,"diablo-full","tcga-blca"
"TCGA.LC.A66R",1,0.75,"diablo-full","tcga-blca"
"TCGA.LT.A8JT",0,0.549,"diablo-full","tcga-blca"
"TCGA.UY.A78L",1,0.726,"diablo-full","tcga-blca"
"TCGA.UY.A78M",1,0.659,"diablo-full","tcga-blca"
"TCGA.UY.A78O",0,0.62,"diablo-full","tcga-blca"
"TCGA.UY.A9PD",1,0.634,"diablo-full","tcga-blca"
"TCGA.XF.A8HC",1,0.5,"diablo-full","tcga-blca"
"TCGA.XF.A8HI",1,0.574,"diablo-full","tcga-blca"
"TCGA.XF.A9SH",0,0.628,"diablo-full","tcga-blca"
"TCGA.XF.A9SI",0,0.805,"diablo-full","tcga-blca"
"TCGA.XF.A9SL",1,0.896,"diablo-full","tcga-blca"
"TCGA.XF.A9SZ",1,0.732,"diablo-full","tcga-blca"
"TCGA.XF.AAME",0,0.885,"diablo-full","tcga-blca"
"TCGA.XF.AAMG",1,0.623,"diablo-full","tcga-blca"
"TCGA.XF.AAMT",1,0.801,"diablo-full","tcga-blca"
"TCGA.YC.A89H",0,0.654,"diablo-full","tcga-blca"
"TCGA.YC.A9TC",1,0.713,"diablo-full","tcga-blca"
"TCGA.ZF.A9R1",1,0.676,"diablo-full","tcga-blca"
"TCGA.ZF.A9RD",1,0.799,"diablo-full","tcga-blca"
"TCGA.ZF.AA4V",1,0.698,"diablo-full","tcga-blca"
"TCGA.ZF.AA4W",1,0.785,"diablo-full","tcga-blca"
"TCGA.ZF.AA52",1,0.781,"diablo-full","tcga-blca"
"TCGA.ZF.AA54",1,0.806,"diablo-full","tcga-blca"
"TCGA.GU.AATO",1,0.717,"diablo-full","tcga-blca"
"subject4",0,0.047,"diablo-full","sim-data_n-50_effect-2_sigma-indep_corr-0"
"subject5",1,0.946,"diablo-full","sim-data_n-50_effect-2_sigma-indep_corr-0"
"subject6",0,-0.015,"diablo-full","sim-data_n-50_effect-2_sigma-indep_corr-0"
"subject20",0,0.036,"diablo-full","sim-data_n-50_effect-2_sigma-indep_corr-0"
"subject23",0,0.047,"diablo-full","sim-data_n-50_effect-2_sigma-indep_corr-0"
"subject24",1,0.992,"diablo-full","sim-data_n-50_effect-2_sigma-indep_corr-0"
"subject26",0,0.036,"diablo-full","sim-data_n-50_effect-2_sigma-indep_corr-0"
"subject31",1,1.009,"diablo-full","sim-data_n-50_effect-2_sigma-indep_corr-0"
"subject32",0,0,"diablo-full","sim-data_n-50_effect-2_sigma-indep_corr-0"
"subject34",0,0.086,"diablo-full","sim-data_n-50_effect-2_sigma-indep_corr-0"
"subject36",1,0.978,"diablo-full","sim-data_n-50_effect-2_sigma-indep_corr-0"
"subject40",1,0.964,"diablo-full","sim-data_n-50_effect-2_sigma-indep_corr-0"
"subject42",0,0.056,"diablo-full","sim-data_n-50_effect-2_sigma-indep_corr-0"
"subject46",1,0.96,"diablo-full","sim-data_n-50_effect-2_sigma-indep_corr-0"
"subject49",0,0.071,"diablo-full","sim-data_n-50_effect-2_sigma-indep_corr-0"
"subject4",0,0.084,"diablo-full","sim-data_n-50_effect-2_sigma-def_corr-1"
"subject5",1,0.89,"diablo-full","sim-data_n-50_effect-2_sigma-def_corr-1"
"subject8",0,0.076,"diablo-full","sim-data_n-50_effect-2_sigma-def_corr-1"
"subject17",0,0.053,"diablo-full","sim-data_n-50_effect-2_sigma-def_corr-1"
"subject19",0,0.091,"diablo-full","sim-data_n-50_effect-2_sigma-def_corr-1"
"subject20",1,0.883,"diablo-full","sim-data_n-50_effect-2_sigma-def_corr-1"
"subject24",0,0.092,"diablo-full","sim-data_n-50_effect-2_sigma-def_corr-1"
"subject28",0,0.078,"diablo-full","sim-data_n-50_effect-2_sigma-def_corr-1"
"subject29",1,0.867,"diablo-full","sim-data_n-50_effect-2_sigma-def_corr-1"
"subject35",1,0.876,"diablo-full","sim-data_n-50_effect-2_sigma-def_corr-1"
"subject38",1,0.977,"diablo-full","sim-data_n-50_effect-2_sigma-def_corr-1"
"subject40",1,0.892,"diablo-full","sim-data_n-50_effect-2_sigma-def_corr-1"
"subject42",0,0.142,"diablo-full","sim-data_n-50_effect-2_sigma-def_corr-1"
"subject46",0,0.054,"diablo-full","sim-data_n-50_effect-2_sigma-def_corr-1"
"subject50",0,0.105,"diablo-full","sim-data_n-50_effect-2_sigma-def_corr-1"
"subject1",0,0.032,"diablo-full","sim-data_n-500_effect-2_sigma-indep_corr-0.5"
"subject2",0,0.028,"diablo-full","sim-data_n-500_effect-2_sigma-indep_corr-0.5"
"subject9",1,0.995,"diablo-full","sim-data_n-500_effect-2_sigma-indep_corr-0.5"
"subject12",1,0.971,"diablo-full","sim-data_n-500_effect-2_sigma-indep_corr-0.5"
"subject15",0,-0.043,"diablo-full","sim-data_n-500_effect-2_sigma-indep_corr-0.5"
"subject16",1,0.989,"diablo-full","sim-data_n-500_effect-2_sigma-indep_corr-0.5"
"subject24",0,-0.025,"diablo-full","sim-data_n-500_effect-2_sigma-indep_corr-0.5"
"subject30",1,1.004,"diablo-full","sim-data_n-500_effect-2_sigma-indep_corr-0.5"
"subject31",1,0.976,"diablo-full","sim-data_n-500_effect-2_sigma-indep_corr-0.5"
"subject36",1,1.016,"diablo-full","sim-data_n-500_effect-2_sigma-indep_corr-0.5"
"subject40",1,0.974,"diablo-full","sim-data_n-500_effect-2_sigma-indep_corr-0.5"
"subject44",1,0.992,"diablo-full","sim-data_n-500_effect-2_sigma-indep_corr-0.5"
"subject45",1,1.01,"diablo-full","sim-data_n-500_effect-2_sigma-indep_corr-0.5"
"subject46",0,0.02,"diablo-full","sim-data_n-500_effect-2_sigma-indep_corr-0.5"
"subject47",1,0.986,"diablo-full","sim-data_n-500_effect-2_sigma-indep_corr-0.5"
"subject48",0,0.036,"diablo-full","sim-data_n-500_effect-2_sigma-indep_corr-0.5"
"subject51",1,0.949,"diablo-full","sim-data_n-500_effect-2_sigma-indep_corr-0.5"
"subject52",1,1.007,"diablo-full","sim-data_n-500_effect-2_sigma-indep_corr-0.5"
"subject57",0,0.005,"diablo-full","sim-data_n-500_effect-2_sigma-indep_corr-0.5"
"subject61",1,0.993,"diablo-full","sim-data_n-500_effect-2_sigma-indep_corr-0.5"
"subject73",1,0.974,"diablo-full","sim-data_n-500_effect-2_sigma-indep_corr-0.5"
"subject74",0,0.045,"diablo-full","sim-data_n-500_effect-2_sigma-indep_corr-0.5"
"subject81",1,0.981,"diablo-full","sim-data_n-500_effect-2_sigma-indep_corr-0.5"
"subject83",0,0.008,"diablo-full","sim-data_n-500_effect-2_sigma-indep_corr-0.5"
"subject84",0,-0.025,"diablo-full","sim-data_n-500_effect-2_sigma-indep_corr-0.5"
"subject85",1,0.995,"diablo-full","sim-data_n-500_effect-2_sigma-indep_corr-0.5"
"subject88",1,0.975,"diablo-full","sim-data_n-500_effect-2_sigma-indep_corr-0.5"
"subject93",1,0.999,"diablo-full","sim-data_n-500_effect-2_sigma-indep_corr-0.5"
"subject94",1,0.986,"diablo-full","sim-data_n-500_effect-2_sigma-indep_corr-0.5"
"subject98",1,1.004,"diablo-full","sim-data_n-500_effect-2_sigma-indep_corr-0.5"
"subject99",1,1,"diablo-full","sim-data_n-500_effect-2_sigma-indep_corr-0.5"
"subject102",0,0.025,"diablo-full","sim-data_n-500_effect-2_sigma-indep_corr-0.5"
"subject103",0,0.02,"diablo-full","sim-data_n-500_effect-2_sigma-indep_corr-0.5"
"subject109",0,0,"diablo-full","sim-data_n-500_effect-2_sigma-indep_corr-0.5"
"subject112",0,0.006,"diablo-full","sim-data_n-500_effect-2_sigma-indep_corr-0.5"
"subject114",1,0.991,"diablo-full","sim-data_n-500_effect-2_sigma-indep_corr-0.5"
"subject116",1,0.975,"diablo-full","sim-data_n-500_effect-2_sigma-indep_corr-0.5"
"subject118",0,0.057,"diablo-full","sim-data_n-500_effect-2_sigma-indep_corr-0.5"
"subject121",1,1,"diablo-full","sim-data_n-500_effect-2_sigma-indep_corr-0.5"
"subject122",0,0.012,"diablo-full","sim-data_n-500_effect-2_sigma-indep_corr-0.5"
"subject123",1,0.972,"diablo-full","sim-data_n-500_effect-2_sigma-indep_corr-0.5"
"subject127",1,0.991,"diablo-full","sim-data_n-500_effect-2_sigma-indep_corr-0.5"
"subject132",1,1.007,"diablo-full","sim-data_n-500_effect-2_sigma-indep_corr-0.5"
"subject141",1,0.997,"diablo-full","sim-data_n-500_effect-2_sigma-indep_corr-0.5"
"subject142",0,0.011,"diablo-full","sim-data_n-500_effect-2_sigma-indep_corr-0.5"
"subject143",1,0.97,"diablo-full","sim-data_n-500_effect-2_sigma-indep_corr-0.5"
"subject146",1,0.931,"diablo-full","sim-data_n-500_effect-2_sigma-indep_corr-0.5"
"subject147",0,0.007,"diablo-full","sim-data_n-500_effect-2_sigma-indep_corr-0.5"
"subject148",0,0.007,"diablo-full","sim-data_n-500_effect-2_sigma-indep_corr-0.5"
"subject150",0,0.015,"diablo-full","sim-data_n-500_effect-2_sigma-indep_corr-0.5"
"subject151",1,0.967,"diablo-full","sim-data_n-500_effect-2_sigma-indep_corr-0.5"
"subject156",0,-0.005,"diablo-full","sim-data_n-500_effect-2_sigma-indep_corr-0.5"
"subject159",0,0.003,"diablo-full","sim-data_n-500_effect-2_sigma-indep_corr-0.5"
"subject163",0,-0.006,"diablo-full","sim-data_n-500_effect-2_sigma-indep_corr-0.5"
"subject165",0,0.038,"diablo-full","sim-data_n-500_effect-2_sigma-indep_corr-0.5"
"subject169",1,0.996,"diablo-full","sim-data_n-500_effect-2_sigma-indep_corr-0.5"
"subject171",1,0.974,"diablo-full","sim-data_n-500_effect-2_sigma-indep_corr-0.5"
"subject176",0,0.004,"diablo-full","sim-data_n-500_effect-2_sigma-indep_corr-0.5"
"subject179",1,1.025,"diablo-full","sim-data_n-500_effect-2_sigma-indep_corr-0.5"
"subject180",1,1.019,"diablo-full","sim-data_n-500_effect-2_sigma-indep_corr-0.5"
"subject184",1,1.008,"diablo-full","sim-data_n-500_effect-2_sigma-indep_corr-0.5"
"subject187",0,-0.005,"diablo-full","sim-data_n-500_effect-2_sigma-indep_corr-0.5"
"subject190",0,0.047,"diablo-full","sim-data_n-500_effect-2_sigma-indep_corr-0.5"
"subject196",1,0.989,"diablo-full","sim-data_n-500_effect-2_sigma-indep_corr-0.5"
"subject197",0,0.013,"diablo-full","sim-data_n-500_effect-2_sigma-indep_corr-0.5"
"subject209",0,-0.027,"diablo-full","sim-data_n-500_effect-2_sigma-indep_corr-0.5"
"subject212",0,0.007,"diablo-full","sim-data_n-500_effect-2_sigma-indep_corr-0.5"
"subject215",0,0.012,"diablo-full","sim-data_n-500_effect-2_sigma-indep_corr-0.5"
"subject222",0,0.022,"diablo-full","sim-data_n-500_effect-2_sigma-indep_corr-0.5"
"subject224",1,0.968,"diablo-full","sim-data_n-500_effect-2_sigma-indep_corr-0.5"
"subject230",0,-0.002,"diablo-full","sim-data_n-500_effect-2_sigma-indep_corr-0.5"
"subject236",1,0.992,"diablo-full","sim-data_n-500_effect-2_sigma-indep_corr-0.5"
"subject237",0,-0.009,"diablo-full","sim-data_n-500_effect-2_sigma-indep_corr-0.5"
"subject242",0,-0.014,"diablo-full","sim-data_n-500_effect-2_sigma-indep_corr-0.5"
"subject247",1,0.981,"diablo-full","sim-data_n-500_effect-2_sigma-indep_corr-0.5"
"subject249",0,0.002,"diablo-full","sim-data_n-500_effect-2_sigma-indep_corr-0.5"
"subject250",1,1.009,"diablo-full","sim-data_n-500_effect-2_sigma-indep_corr-0.5"
"subject257",0,-0.003,"diablo-full","sim-data_n-500_effect-2_sigma-indep_corr-0.5"
"subject261",1,1.01,"diablo-full","sim-data_n-500_effect-2_sigma-indep_corr-0.5"
"subject263",0,-0.005,"diablo-full","sim-data_n-500_effect-2_sigma-indep_corr-0.5"
"subject267",0,0.055,"diablo-full","sim-data_n-500_effect-2_sigma-indep_corr-0.5"
"subject269",0,0.004,"diablo-full","sim-data_n-500_effect-2_sigma-indep_corr-0.5"
"subject273",0,0.018,"diablo-full","sim-data_n-500_effect-2_sigma-indep_corr-0.5"
"subject274",0,-0.007,"diablo-full","sim-data_n-500_effect-2_sigma-indep_corr-0.5"
"subject278",0,-0.004,"diablo-full","sim-data_n-500_effect-2_sigma-indep_corr-0.5"
"subject279",1,0.977,"diablo-full","sim-data_n-500_effect-2_sigma-indep_corr-0.5"
"subject280",1,0.96,"diablo-full","sim-data_n-500_effect-2_sigma-indep_corr-0.5"
"subject281",0,0.048,"diablo-full","sim-data_n-500_effect-2_sigma-indep_corr-0.5"
"subject282",0,0.025,"diablo-full","sim-data_n-500_effect-2_sigma-indep_corr-0.5"
"subject284",0,0.01,"diablo-full","sim-data_n-500_effect-2_sigma-indep_corr-0.5"
"subject285",1,0.968,"diablo-full","sim-data_n-500_effect-2_sigma-indep_corr-0.5"
"subject291",1,0.994,"diablo-full","sim-data_n-500_effect-2_sigma-indep_corr-0.5"
"subject297",0,-0.005,"diablo-full","sim-data_n-500_effect-2_sigma-indep_corr-0.5"
"subject298",1,0.994,"diablo-full","sim-data_n-500_effect-2_sigma-indep_corr-0.5"
"subject301",1,0.993,"diablo-full","sim-data_n-500_effect-2_sigma-indep_corr-0.5"
"subject302",0,-0.009,"diablo-full","sim-data_n-500_effect-2_sigma-indep_corr-0.5"
"subject303",1,0.971,"diablo-full","sim-data_n-500_effect-2_sigma-indep_corr-0.5"
"subject304",0,0.009,"diablo-full","sim-data_n-500_effect-2_sigma-indep_corr-0.5"
"subject307",1,0.98,"diablo-full","sim-data_n-500_effect-2_sigma-indep_corr-0.5"
"subject308",0,0.013,"diablo-full","sim-data_n-500_effect-2_sigma-indep_corr-0.5"
"subject310",0,0.042,"diablo-full","sim-data_n-500_effect-2_sigma-indep_corr-0.5"
"subject312",1,1.008,"diablo-full","sim-data_n-500_effect-2_sigma-indep_corr-0.5"
"subject313",0,-0.004,"diablo-full","sim-data_n-500_effect-2_sigma-indep_corr-0.5"
"subject322",1,0.999,"diablo-full","sim-data_n-500_effect-2_sigma-indep_corr-0.5"
"subject324",1,0.976,"diablo-full","sim-data_n-500_effect-2_sigma-indep_corr-0.5"
"subject334",1,0.977,"diablo-full","sim-data_n-500_effect-2_sigma-indep_corr-0.5"
"subject336",0,0.023,"diablo-full","sim-data_n-500_effect-2_sigma-indep_corr-0.5"
"subject343",0,-0.008,"diablo-full","sim-data_n-500_effect-2_sigma-indep_corr-0.5"
"subject347",1,0.989,"diablo-full","sim-data_n-500_effect-2_sigma-indep_corr-0.5"
"subject353",0,-0.017,"diablo-full","sim-data_n-500_effect-2_sigma-indep_corr-0.5"
"subject354",0,0.011,"diablo-full","sim-data_n-500_effect-2_sigma-indep_corr-0.5"
"subject356",0,-0.036,"diablo-full","sim-data_n-500_effect-2_sigma-indep_corr-0.5"
"subject357",1,1.001,"diablo-full","sim-data_n-500_effect-2_sigma-indep_corr-0.5"
"subject358",1,0.991,"diablo-full","sim-data_n-500_effect-2_sigma-indep_corr-0.5"
"subject361",1,1.006,"diablo-full","sim-data_n-500_effect-2_sigma-indep_corr-0.5"
"subject365",0,-0.032,"diablo-full","sim-data_n-500_effect-2_sigma-indep_corr-0.5"
"subject375",0,0.011,"diablo-full","sim-data_n-500_effect-2_sigma-indep_corr-0.5"
"subject377",1,0.993,"diablo-full","sim-data_n-500_effect-2_sigma-indep_corr-0.5"
"subject378",0,0,"diablo-full","sim-data_n-500_effect-2_sigma-indep_corr-0.5"
"subject382",0,-0.008,"diablo-full","sim-data_n-500_effect-2_sigma-indep_corr-0.5"
"subject384",1,1.015,"diablo-full","sim-data_n-500_effect-2_sigma-indep_corr-0.5"
"subject389",1,1.009,"diablo-full","sim-data_n-500_effect-2_sigma-indep_corr-0.5"
"subject393",1,0.982,"diablo-full","sim-data_n-500_effect-2_sigma-indep_corr-0.5"
"subject402",1,1.003,"diablo-full","sim-data_n-500_effect-2_sigma-indep_corr-0.5"
"subject403",1,0.994,"diablo-full","sim-data_n-500_effect-2_sigma-indep_corr-0.5"
"subject408",0,0.007,"diablo-full","sim-data_n-500_effect-2_sigma-indep_corr-0.5"
"subject409",1,0.982,"diablo-full","sim-data_n-500_effect-2_sigma-indep_corr-0.5"
"subject410",1,0.986,"diablo-full","sim-data_n-500_effect-2_sigma-indep_corr-0.5"
"subject411",0,-0.022,"diablo-full","sim-data_n-500_effect-2_sigma-indep_corr-0.5"
"subject413",1,0.947,"diablo-full","sim-data_n-500_effect-2_sigma-indep_corr-0.5"
"subject416",0,0.032,"diablo-full","sim-data_n-500_effect-2_sigma-indep_corr-0.5"
"subject420",0,-0.023,"diablo-full","sim-data_n-500_effect-2_sigma-indep_corr-0.5"
"subject421",0,-0.024,"diablo-full","sim-data_n-500_effect-2_sigma-indep_corr-0.5"
"subject422",0,0.025,"diablo-full","sim-data_n-500_effect-2_sigma-indep_corr-0.5"
"subject424",1,1.005,"diablo-full","sim-data_n-500_effect-2_sigma-indep_corr-0.5"
"subject425",0,-0.012,"diablo-full","sim-data_n-500_effect-2_sigma-indep_corr-0.5"
"subject429",1,1.005,"diablo-full","sim-data_n-500_effect-2_sigma-indep_corr-0.5"
"subject438",0,-0.017,"diablo-full","sim-data_n-500_effect-2_sigma-indep_corr-0.5"
"subject451",0,0.005,"diablo-full","sim-data_n-500_effect-2_sigma-indep_corr-0.5"
"subject454",0,-0.001,"diablo-full","sim-data_n-500_effect-2_sigma-indep_corr-0.5"
"subject461",1,0.983,"diablo-full","sim-data_n-500_effect-2_sigma-indep_corr-0.5"
"subject469",1,1.007,"diablo-full","sim-data_n-500_effect-2_sigma-indep_corr-0.5"
"subject475",1,1.013,"diablo-full","sim-data_n-500_effect-2_sigma-indep_corr-0.5"
"subject478",0,-0.014,"diablo-full","sim-data_n-500_effect-2_sigma-indep_corr-0.5"
"subject486",1,0.945,"diablo-full","sim-data_n-500_effect-2_sigma-indep_corr-0.5"
"subject490",0,0.033,"diablo-full","sim-data_n-500_effect-2_sigma-indep_corr-0.5"
"subject491",1,0.999,"diablo-full","sim-data_n-500_effect-2_sigma-indep_corr-0.5"
"subject492",1,0.973,"diablo-full","sim-data_n-500_effect-2_sigma-indep_corr-0.5"
"subject497",1,0.987,"diablo-full","sim-data_n-500_effect-2_sigma-indep_corr-0.5"
"subject500",0,-0.001,"diablo-full","sim-data_n-500_effect-2_sigma-indep_corr-0.5"
"subject1",0,-0.013,"diablo-full","sim-data_n-500_effect-2_sigma-def_corr-0.5"
"subject2",0,0.026,"diablo-full","sim-data_n-500_effect-2_sigma-def_corr-0.5"
"subject4",1,0.95,"diablo-full","sim-data_n-500_effect-2_sigma-def_corr-0.5"
"subject6",1,0.989,"diablo-full","sim-data_n-500_effect-2_sigma-def_corr-0.5"
"subject7",1,0.938,"diablo-full","sim-data_n-500_effect-2_sigma-def_corr-0.5"
"subject8",1,1.029,"diablo-full","sim-data_n-500_effect-2_sigma-def_corr-0.5"
"subject17",1,0.962,"diablo-full","sim-data_n-500_effect-2_sigma-def_corr-0.5"
"subject22",1,0.942,"diablo-full","sim-data_n-500_effect-2_sigma-def_corr-0.5"
"subject23",1,0.974,"diablo-full","sim-data_n-500_effect-2_sigma-def_corr-0.5"
"subject28",0,0.015,"diablo-full","sim-data_n-500_effect-2_sigma-def_corr-0.5"
"subject32",0,0.055,"diablo-full","sim-data_n-500_effect-2_sigma-def_corr-0.5"
"subject33",0,0.051,"diablo-full","sim-data_n-500_effect-2_sigma-def_corr-0.5"
"subject34",1,0.894,"diablo-full","sim-data_n-500_effect-2_sigma-def_corr-0.5"
"subject36",0,-0.019,"diablo-full","sim-data_n-500_effect-2_sigma-def_corr-0.5"
"subject39",1,0.897,"diablo-full","sim-data_n-500_effect-2_sigma-def_corr-0.5"
"subject41",1,0.946,"diablo-full","sim-data_n-500_effect-2_sigma-def_corr-0.5"
"subject43",0,0.065,"diablo-full","sim-data_n-500_effect-2_sigma-def_corr-0.5"
"subject45",1,0.961,"diablo-full","sim-data_n-500_effect-2_sigma-def_corr-0.5"
"subject54",1,0.981,"diablo-full","sim-data_n-500_effect-2_sigma-def_corr-0.5"
"subject56",1,0.978,"diablo-full","sim-data_n-500_effect-2_sigma-def_corr-0.5"
"subject68",1,1.062,"diablo-full","sim-data_n-500_effect-2_sigma-def_corr-0.5"
"subject69",0,-0.073,"diablo-full","sim-data_n-500_effect-2_sigma-def_corr-0.5"
"subject76",1,0.951,"diablo-full","sim-data_n-500_effect-2_sigma-def_corr-0.5"
"subject78",0,0.044,"diablo-full","sim-data_n-500_effect-2_sigma-def_corr-0.5"
"subject83",0,0.014,"diablo-full","sim-data_n-500_effect-2_sigma-def_corr-0.5"
"subject85",1,0.971,"diablo-full","sim-data_n-500_effect-2_sigma-def_corr-0.5"
"subject88",0,0.019,"diablo-full","sim-data_n-500_effect-2_sigma-def_corr-0.5"
"subject90",1,1.056,"diablo-full","sim-data_n-500_effect-2_sigma-def_corr-0.5"
"subject91",1,0.945,"diablo-full","sim-data_n-500_effect-2_sigma-def_corr-0.5"
"subject96",0,-0.033,"diablo-full","sim-data_n-500_effect-2_sigma-def_corr-0.5"
"subject97",0,0.061,"diablo-full","sim-data_n-500_effect-2_sigma-def_corr-0.5"
"subject101",0,-0.003,"diablo-full","sim-data_n-500_effect-2_sigma-def_corr-0.5"
"subject103",1,1.059,"diablo-full","sim-data_n-500_effect-2_sigma-def_corr-0.5"
"subject109",0,0.045,"diablo-full","sim-data_n-500_effect-2_sigma-def_corr-0.5"
"subject110",1,0.932,"diablo-full","sim-data_n-500_effect-2_sigma-def_corr-0.5"
"subject111",0,0.058,"diablo-full","sim-data_n-500_effect-2_sigma-def_corr-0.5"
"subject113",0,0.031,"diablo-full","sim-data_n-500_effect-2_sigma-def_corr-0.5"
"subject114",1,0.916,"diablo-full","sim-data_n-500_effect-2_sigma-def_corr-0.5"
"subject118",1,0.899,"diablo-full","sim-data_n-500_effect-2_sigma-def_corr-0.5"
"subject120",0,-0.022,"diablo-full","sim-data_n-500_effect-2_sigma-def_corr-0.5"
"subject122",1,0.993,"diablo-full","sim-data_n-500_effect-2_sigma-def_corr-0.5"
"subject128",0,-0.052,"diablo-full","sim-data_n-500_effect-2_sigma-def_corr-0.5"
"subject131",1,0.952,"diablo-full","sim-data_n-500_effect-2_sigma-def_corr-0.5"
"subject141",0,-0.009,"diablo-full","sim-data_n-500_effect-2_sigma-def_corr-0.5"
"subject142",0,0.007,"diablo-full","sim-data_n-500_effect-2_sigma-def_corr-0.5"
"subject143",1,0.906,"diablo-full","sim-data_n-500_effect-2_sigma-def_corr-0.5"
"subject146",0,0.065,"diablo-full","sim-data_n-500_effect-2_sigma-def_corr-0.5"
"subject148",1,1.035,"diablo-full","sim-data_n-500_effect-2_sigma-def_corr-0.5"
"subject149",0,-0.016,"diablo-full","sim-data_n-500_effect-2_sigma-def_corr-0.5"
"subject151",1,0.979,"diablo-full","sim-data_n-500_effect-2_sigma-def_corr-0.5"
"subject153",0,0.039,"diablo-full","sim-data_n-500_effect-2_sigma-def_corr-0.5"
"subject160",1,0.961,"diablo-full","sim-data_n-500_effect-2_sigma-def_corr-0.5"
"subject163",1,0.943,"diablo-full","sim-data_n-500_effect-2_sigma-def_corr-0.5"
"subject167",1,0.954,"diablo-full","sim-data_n-500_effect-2_sigma-def_corr-0.5"
"subject169",0,0.029,"diablo-full","sim-data_n-500_effect-2_sigma-def_corr-0.5"
"subject174",1,0.893,"diablo-full","sim-data_n-500_effect-2_sigma-def_corr-0.5"
"subject177",1,0.958,"diablo-full","sim-data_n-500_effect-2_sigma-def_corr-0.5"
"subject184",1,0.979,"diablo-full","sim-data_n-500_effect-2_sigma-def_corr-0.5"
"subject187",0,0.041,"diablo-full","sim-data_n-500_effect-2_sigma-def_corr-0.5"
"subject189",1,0.907,"diablo-full","sim-data_n-500_effect-2_sigma-def_corr-0.5"
"subject194",1,0.948,"diablo-full","sim-data_n-500_effect-2_sigma-def_corr-0.5"
"subject195",0,-0.005,"diablo-full","sim-data_n-500_effect-2_sigma-def_corr-0.5"
"subject199",0,0.034,"diablo-full","sim-data_n-500_effect-2_sigma-def_corr-0.5"
"subject202",0,-0.013,"diablo-full","sim-data_n-500_effect-2_sigma-def_corr-0.5"
"subject205",0,0.061,"diablo-full","sim-data_n-500_effect-2_sigma-def_corr-0.5"
"subject214",0,0.04,"diablo-full","sim-data_n-500_effect-2_sigma-def_corr-0.5"
"subject219",1,0.965,"diablo-full","sim-data_n-500_effect-2_sigma-def_corr-0.5"
"subject223",1,0.998,"diablo-full","sim-data_n-500_effect-2_sigma-def_corr-0.5"
"subject231",0,-0.01,"diablo-full","sim-data_n-500_effect-2_sigma-def_corr-0.5"
"subject232",1,0.941,"diablo-full","sim-data_n-500_effect-2_sigma-def_corr-0.5"
"subject236",1,0.983,"diablo-full","sim-data_n-500_effect-2_sigma-def_corr-0.5"
"subject246",0,0.007,"diablo-full","sim-data_n-500_effect-2_sigma-def_corr-0.5"
"subject247",1,0.923,"diablo-full","sim-data_n-500_effect-2_sigma-def_corr-0.5"
"subject251",0,0.097,"diablo-full","sim-data_n-500_effect-2_sigma-def_corr-0.5"
"subject254",0,0.024,"diablo-full","sim-data_n-500_effect-2_sigma-def_corr-0.5"
"subject255",1,0.951,"diablo-full","sim-data_n-500_effect-2_sigma-def_corr-0.5"
"subject256",0,0.008,"diablo-full","sim-data_n-500_effect-2_sigma-def_corr-0.5"
"subject260",1,0.937,"diablo-full","sim-data_n-500_effect-2_sigma-def_corr-0.5"
"subject266",1,1.005,"diablo-full","sim-data_n-500_effect-2_sigma-def_corr-0.5"
"subject270",0,0.012,"diablo-full","sim-data_n-500_effect-2_sigma-def_corr-0.5"
"subject276",0,0.055,"diablo-full","sim-data_n-500_effect-2_sigma-def_corr-0.5"
"subject277",1,0.985,"diablo-full","sim-data_n-500_effect-2_sigma-def_corr-0.5"
"subject280",1,1.07,"diablo-full","sim-data_n-500_effect-2_sigma-def_corr-0.5"
"subject281",1,0.95,"diablo-full","sim-data_n-500_effect-2_sigma-def_corr-0.5"
"subject286",0,-0.006,"diablo-full","sim-data_n-500_effect-2_sigma-def_corr-0.5"
"subject288",0,0.019,"diablo-full","sim-data_n-500_effect-2_sigma-def_corr-0.5"
"subject289",0,-0.003,"diablo-full","sim-data_n-500_effect-2_sigma-def_corr-0.5"
"subject290",1,0.961,"diablo-full","sim-data_n-500_effect-2_sigma-def_corr-0.5"
"subject292",1,0.934,"diablo-full","sim-data_n-500_effect-2_sigma-def_corr-0.5"
"subject294",1,0.913,"diablo-full","sim-data_n-500_effect-2_sigma-def_corr-0.5"
"subject295",0,0.047,"diablo-full","sim-data_n-500_effect-2_sigma-def_corr-0.5"
"subject301",1,0.954,"diablo-full","sim-data_n-500_effect-2_sigma-def_corr-0.5"
"subject304",0,0.025,"diablo-full","sim-data_n-500_effect-2_sigma-def_corr-0.5"
"subject306",1,0.895,"diablo-full","sim-data_n-500_effect-2_sigma-def_corr-0.5"
"subject307",0,0.051,"diablo-full","sim-data_n-500_effect-2_sigma-def_corr-0.5"
"subject308",0,0.008,"diablo-full","sim-data_n-500_effect-2_sigma-def_corr-0.5"
"subject309",0,0.037,"diablo-full","sim-data_n-500_effect-2_sigma-def_corr-0.5"
"subject310",1,0.955,"diablo-full","sim-data_n-500_effect-2_sigma-def_corr-0.5"
"subject313",1,0.944,"diablo-full","sim-data_n-500_effect-2_sigma-def_corr-0.5"
"subject314",0,0.008,"diablo-full","sim-data_n-500_effect-2_sigma-def_corr-0.5"
"subject315",1,0.919,"diablo-full","sim-data_n-500_effect-2_sigma-def_corr-0.5"
"subject316",1,0.985,"diablo-full","sim-data_n-500_effect-2_sigma-def_corr-0.5"
"subject318",1,0.997,"diablo-full","sim-data_n-500_effect-2_sigma-def_corr-0.5"
"subject337",1,1.005,"diablo-full","sim-data_n-500_effect-2_sigma-def_corr-0.5"
"subject338",0,0.051,"diablo-full","sim-data_n-500_effect-2_sigma-def_corr-0.5"
"subject344",1,0.987,"diablo-full","sim-data_n-500_effect-2_sigma-def_corr-0.5"
"subject347",1,1.063,"diablo-full","sim-data_n-500_effect-2_sigma-def_corr-0.5"
"subject350",0,0.047,"diablo-full","sim-data_n-500_effect-2_sigma-def_corr-0.5"
"subject351",1,0.911,"diablo-full","sim-data_n-500_effect-2_sigma-def_corr-0.5"
"subject359",1,1.066,"diablo-full","sim-data_n-500_effect-2_sigma-def_corr-0.5"
"subject360",1,0.937,"diablo-full","sim-data_n-500_effect-2_sigma-def_corr-0.5"
"subject363",1,0.907,"diablo-full","sim-data_n-500_effect-2_sigma-def_corr-0.5"
"subject364",0,0.045,"diablo-full","sim-data_n-500_effect-2_sigma-def_corr-0.5"
"subject366",0,0.009,"diablo-full","sim-data_n-500_effect-2_sigma-def_corr-0.5"
"subject370",0,-0.037,"diablo-full","sim-data_n-500_effect-2_sigma-def_corr-0.5"
"subject377",0,0.023,"diablo-full","sim-data_n-500_effect-2_sigma-def_corr-0.5"
"subject384",0,0.031,"diablo-full","sim-data_n-500_effect-2_sigma-def_corr-0.5"
"subject385",1,0.977,"diablo-full","sim-data_n-500_effect-2_sigma-def_corr-0.5"
"subject386",1,0.915,"diablo-full","sim-data_n-500_effect-2_sigma-def_corr-0.5"
"subject393",1,1.017,"diablo-full","sim-data_n-500_effect-2_sigma-def_corr-0.5"
"subject396",0,0.015,"diablo-full","sim-data_n-500_effect-2_sigma-def_corr-0.5"
"subject399",1,0.976,"diablo-full","sim-data_n-500_effect-2_sigma-def_corr-0.5"
"subject400",1,0.994,"diablo-full","sim-data_n-500_effect-2_sigma-def_corr-0.5"
"subject412",0,0.035,"diablo-full","sim-data_n-500_effect-2_sigma-def_corr-0.5"
"subject413",0,0.07,"diablo-full","sim-data_n-500_effect-2_sigma-def_corr-0.5"
"subject417",1,0.967,"diablo-full","sim-data_n-500_effect-2_sigma-def_corr-0.5"
"subject419",1,0.971,"diablo-full","sim-data_n-500_effect-2_sigma-def_corr-0.5"
"subject420",1,1.057,"diablo-full","sim-data_n-500_effect-2_sigma-def_corr-0.5"
"subject422",1,1.012,"diablo-full","sim-data_n-500_effect-2_sigma-def_corr-0.5"
"subject424",1,0.987,"diablo-full","sim-data_n-500_effect-2_sigma-def_corr-0.5"
"subject426",1,0.918,"diablo-full","sim-data_n-500_effect-2_sigma-def_corr-0.5"
"subject429",1,0.971,"diablo-full","sim-data_n-500_effect-2_sigma-def_corr-0.5"
"subject433",1,0.903,"diablo-full","sim-data_n-500_effect-2_sigma-def_corr-0.5"
"subject434",0,-0.037,"diablo-full","sim-data_n-500_effect-2_sigma-def_corr-0.5"
"subject436",1,1.024,"diablo-full","sim-data_n-500_effect-2_sigma-def_corr-0.5"
"subject439",0,0.002,"diablo-full","sim-data_n-500_effect-2_sigma-def_corr-0.5"
"subject442",0,-0.029,"diablo-full","sim-data_n-500_effect-2_sigma-def_corr-0.5"
"subject449",0,-0.027,"diablo-full","sim-data_n-500_effect-2_sigma-def_corr-0.5"
"subject458",0,0.064,"diablo-full","sim-data_n-500_effect-2_sigma-def_corr-0.5"
"subject460",0,0.041,"diablo-full","sim-data_n-500_effect-2_sigma-def_corr-0.5"
"subject466",0,0.059,"diablo-full","sim-data_n-500_effect-2_sigma-def_corr-0.5"
"subject477",0,-0.026,"diablo-full","sim-data_n-500_effect-2_sigma-def_corr-0.5"
"subject481",1,0.966,"diablo-full","sim-data_n-500_effect-2_sigma-def_corr-0.5"
"subject488",0,-0.007,"diablo-full","sim-data_n-500_effect-2_sigma-def_corr-0.5"
"subject490",0,-0.004,"diablo-full","sim-data_n-500_effect-2_sigma-def_corr-0.5"
"subject493",1,0.981,"diablo-full","sim-data_n-500_effect-2_sigma-def_corr-0.5"
"subject494",1,1.002,"diablo-full","sim-data_n-500_effect-2_sigma-def_corr-0.5"
"subject495",1,0.938,"diablo-full","sim-data_n-500_effect-2_sigma-def_corr-0.5"
"subject498",1,0.999,"diablo-full","sim-data_n-500_effect-2_sigma-def_corr-0.5"
"subject500",1,1.028,"diablo-full","sim-data_n-500_effect-2_sigma-def_corr-0.5"
"TCGA.2F.A9KT",0,0.73,"diablo-full","tcga-blca"
"TCGA.4Z.AA84",1,0.73,"diablo-full","tcga-blca"
"TCGA.BT.A20N",1,0.709,"diablo-full","tcga-blca"
"TCGA.BT.A20T",1,0.649,"diablo-full","tcga-blca"
"TCGA.BT.A2LD",1,0.824,"diablo-full","tcga-blca"
"TCGA.BT.A42C",0,0.577,"diablo-full","tcga-blca"
"TCGA.C4.A0EZ",1,0.782,"diablo-full","tcga-blca"
"TCGA.C4.A0F7",1,0.709,"diablo-full","tcga-blca"
"TCGA.CF.A9FL",1,0.57,"diablo-full","tcga-blca"
"TCGA.CU.A0YN",1,0.815,"diablo-full","tcga-blca"
"TCGA.DK.A1A5",0,0.685,"diablo-full","tcga-blca"
"TCGA.DK.A1AB",1,0.728,"diablo-full","tcga-blca"
"TCGA.DK.A3IN",1,0.804,"diablo-full","tcga-blca"
"TCGA.DK.A3IT",1,0.71,"diablo-full","tcga-blca"
"TCGA.DK.A3IV",0,0.666,"diablo-full","tcga-blca"
"TCGA.DK.A6AW",0,0.558,"diablo-full","tcga-blca"
"TCGA.DK.A6B0",0,0.426,"diablo-full","tcga-blca"
"TCGA.DK.AA6L",1,0.703,"diablo-full","tcga-blca"
"TCGA.DK.AA6R",1,0.789,"diablo-full","tcga-blca"
"TCGA.DK.AA74",1,0.819,"diablo-full","tcga-blca"
"TCGA.DK.AA75",1,0.655,"diablo-full","tcga-blca"
"TCGA.DK.AA77",0,0.544,"diablo-full","tcga-blca"
"TCGA.E7.A541",0,0.678,"diablo-full","tcga-blca"
"TCGA.FD.A3NA",0,0.699,"diablo-full","tcga-blca"
"TCGA.FD.A3SL",1,0.71,"diablo-full","tcga-blca"
"TCGA.FD.A3SN",1,0.728,"diablo-full","tcga-blca"
"TCGA.FD.A3SS",1,0.717,"diablo-full","tcga-blca"
"TCGA.FD.A43X",0,0.414,"diablo-full","tcga-blca"
"TCGA.FD.A5BR",0,0.675,"diablo-full","tcga-blca"
"TCGA.FD.A5BS",1,0.824,"diablo-full","tcga-blca"
"TCGA.FD.A5C0",1,0.661,"diablo-full","tcga-blca"
"TCGA.FD.A6TB",1,0.837,"diablo-full","tcga-blca"
"TCGA.FD.A6TE",1,0.605,"diablo-full","tcga-blca"
"TCGA.FD.A6TH",1,0.755,"diablo-full","tcga-blca"
"TCGA.FJ.A3Z7",1,0.704,"diablo-full","tcga-blca"
"TCGA.G2.A2ES",0,0.758,"diablo-full","tcga-blca"
"TCGA.G2.A3VY",0,0.595,"diablo-full","tcga-blca"
"TCGA.GC.A3BM",0,0.543,"diablo-full","tcga-blca"
"TCGA.GC.A3WC",1,0.82,"diablo-full","tcga-blca"
"TCGA.GU.A763",1,0.499,"diablo-full","tcga-blca"
"TCGA.GV.A3JZ",1,0.708,"diablo-full","tcga-blca"
"TCGA.GV.A3QF",1,0.664,"diablo-full","tcga-blca"
"TCGA.GV.A3QG",1,0.803,"diablo-full","tcga-blca"
"TCGA.GV.A3QK",1,0.553,"diablo-full","tcga-blca"
"TCGA.GV.A40E",0,0.798,"diablo-full","tcga-blca"
"TCGA.GV.A40G",0,0.561,"diablo-full","tcga-blca"
"TCGA.K4.A3WU",1,0.701,"diablo-full","tcga-blca"
"TCGA.K4.A4AB",1,0.669,"diablo-full","tcga-blca"
"TCGA.K4.A4AC",0,0.821,"diablo-full","tcga-blca"
"TCGA.K4.A54R",0,0.673,"diablo-full","tcga-blca"
"TCGA.KQ.A41O",1,0.526,"diablo-full","tcga-blca"
"TCGA.KQ.A41P",1,0.695,"diablo-full","tcga-blca"
"TCGA.R3.A69X",1,0.754,"diablo-full","tcga-blca"
"TCGA.S5.A6DX",1,0.656,"diablo-full","tcga-blca"
"TCGA.XF.A8HF",1,0.651,"diablo-full","tcga-blca"
"TCGA.XF.A9SJ",1,0.722,"diablo-full","tcga-blca"
"TCGA.XF.A9SK",1,0.71,"diablo-full","tcga-blca"
"TCGA.XF.A9SM",1,0.818,"diablo-full","tcga-blca"
"TCGA.XF.A9SV",1,0.61,"diablo-full","tcga-blca"
"TCGA.XF.A9SW",1,0.775,"diablo-full","tcga-blca"
"TCGA.XF.A9SY",1,0.909,"diablo-full","tcga-blca"
"TCGA.XF.A9T2",1,0.751,"diablo-full","tcga-blca"
"TCGA.XF.A9T5",1,0.747,"diablo-full","tcga-blca"
"TCGA.XF.A9T6",1,0.713,"diablo-full","tcga-blca"
"TCGA.XF.A9T8",1,0.794,"diablo-full","tcga-blca"
"TCGA.XF.AAML",0,0.63,"diablo-full","tcga-blca"
"TCGA.XF.AAMQ",0,0.62,"diablo-full","tcga-blca"
"TCGA.XF.AAMY",1,0.707,"diablo-full","tcga-blca"
"TCGA.XF.AAN3",1,0.721,"diablo-full","tcga-blca"
"TCGA.XF.AAN8",1,0.855,"diablo-full","tcga-blca"
"TCGA.YC.A8S6",0,0.697,"diablo-full","tcga-blca"
"TCGA.ZF.AA4T",1,0.707,"diablo-full","tcga-blca"
"TCGA.ZF.AA5P",1,0.806,"diablo-full","tcga-blca"
"TCGA.2F.A9KQ",1,0.49,"diablo-full","tcga-blca"
"TCGA.4Z.AA7R",1,0.666,"diablo-full","tcga-blca"
"TCGA.4Z.AA7W",0,0.752,"diablo-full","tcga-blca"
"TCGA.4Z.AA80",0,0.678,"diablo-full","tcga-blca"
"TCGA.4Z.AA81",0,0.696,"diablo-full","tcga-blca"
"TCGA.4Z.AA82",1,0.75,"diablo-full","tcga-blca"
"TCGA.4Z.AA83",0,0.504,"diablo-full","tcga-blca"
"TCGA.4Z.AA86",1,0.821,"diablo-full","tcga-blca"
"TCGA.4Z.AA87",1,0.713,"diablo-full","tcga-blca"
"TCGA.BL.A3JM",1,0.77,"diablo-full","tcga-blca"
"TCGA.BT.A0YX",1,0.722,"diablo-full","tcga-blca"
"TCGA.BT.A20X",1,0.813,"diablo-full","tcga-blca"
"TCGA.BT.A2LA",1,0.828,"diablo-full","tcga-blca"
"TCGA.BT.A2LB",1,0.66,"diablo-full","tcga-blca"
"TCGA.BT.A3PH",1,0.634,"diablo-full","tcga-blca"
"TCGA.C4.A0F0",0,0.859,"diablo-full","tcga-blca"
"TCGA.C4.A0F1",1,0.779,"diablo-full","tcga-blca"
"TCGA.CF.A1HR",1,0.636,"diablo-full","tcga-blca"
"TCGA.CF.A27C",1,0.375,"diablo-full","tcga-blca"
"TCGA.CF.A3MF",1,0.384,"diablo-full","tcga-blca"
"TCGA.CF.A47S",0,0.397,"diablo-full","tcga-blca"
"TCGA.CF.A47W",0,0.443,"diablo-full","tcga-blca"
"TCGA.CF.A8HX",0,0.48,"diablo-full","tcga-blca"
"TCGA.CF.A9FH",0,0.414,"diablo-full","tcga-blca"
"TCGA.DK.A1AF",1,0.769,"diablo-full","tcga-blca"
"TCGA.DK.A2I1",0,0.669,"diablo-full","tcga-blca"
"TCGA.DK.A3IK",1,0.675,"diablo-full","tcga-blca"
"TCGA.DK.A3IL",1,0.628,"diablo-full","tcga-blca"
"TCGA.DK.A3IM",1,0.795,"diablo-full","tcga-blca"
"TCGA.DK.A3WX",1,0.871,"diablo-full","tcga-blca"
"TCGA.DK.AA6P",0,0.576,"diablo-full","tcga-blca"
"TCGA.DK.AA6Q",1,0.734,"diablo-full","tcga-blca"
"TCGA.DK.AA76",0,0.607,"diablo-full","tcga-blca"
"TCGA.E5.A2PC",1,0.671,"diablo-full","tcga-blca"
"TCGA.E5.A4U1",0,0.563,"diablo-full","tcga-blca"
"TCGA.E7.A4XJ",0,0.55,"diablo-full","tcga-blca"
"TCGA.E7.A678",1,0.412,"diablo-full","tcga-blca"
"TCGA.E7.A6MD",1,0.734,"diablo-full","tcga-blca"
"TCGA.E7.A6ME",0,0.715,"diablo-full","tcga-blca"
"TCGA.E7.A6MF",0,0.51,"diablo-full","tcga-blca"
"TCGA.E7.A7PW",1,0.564,"diablo-full","tcga-blca"
"TCGA.E7.A7XN",1,0.804,"diablo-full","tcga-blca"
"TCGA.E7.A85H",1,0.675,"diablo-full","tcga-blca"
"TCGA.E7.A97P",0,0.77,"diablo-full","tcga-blca"
"TCGA.FD.A3B5",1,0.753,"diablo-full","tcga-blca"
"TCGA.FD.A3B8",0,0.864,"diablo-full","tcga-blca"
"TCGA.FD.A3SO",1,0.796,"diablo-full","tcga-blca"
"TCGA.FD.A43S",1,0.72,"diablo-full","tcga-blca"
"TCGA.FD.A62N",1,0.806,"diablo-full","tcga-blca"
"TCGA.FD.A62S",1,0.809,"diablo-full","tcga-blca"
"TCGA.FD.A6TF",1,0.769,"diablo-full","tcga-blca"
"TCGA.G2.A2EC",0,0.685,"diablo-full","tcga-blca"
"TCGA.G2.A2EJ",0,0.757,"diablo-full","tcga-blca"
"TCGA.G2.A2EO",1,0.718,"diablo-full","tcga-blca"
"TCGA.GD.A3OP",1,0.649,"diablo-full","tcga-blca"
"TCGA.GD.A76B",0,0.669,"diablo-full","tcga-blca"
"TCGA.GU.A42R",1,0.591,"diablo-full","tcga-blca"
"TCGA.GU.A762",1,0.808,"diablo-full","tcga-blca"
"TCGA.GU.AATQ",1,0.699,"diablo-full","tcga-blca"
"TCGA.GV.A3JV",1,0.653,"diablo-full","tcga-blca"
"TCGA.GV.A3JW",0,0.586,"diablo-full","tcga-blca"
"TCGA.GV.A3QH",0,0.624,"diablo-full","tcga-blca"
"TCGA.H4.A2HQ",1,0.639,"diablo-full","tcga-blca"
"TCGA.HQ.A2OF",1,0.598,"diablo-full","tcga-blca"
"TCGA.HQ.A5NE",1,0.744,"diablo-full","tcga-blca"
"TCGA.K4.A5RH",1,0.808,"diablo-full","tcga-blca"
"TCGA.K4.A5RI",1,0.717,"diablo-full","tcga-blca"
"TCGA.K4.A5RJ",0,0.808,"diablo-full","tcga-blca"
"TCGA.K4.A83P",1,0.775,"diablo-full","tcga-blca"
"TCGA.KQ.A41R",0,0.562,"diablo-full","tcga-blca"
"TCGA.LT.A5Z6",0,0.605,"diablo-full","tcga-blca"
"TCGA.MV.A51V",1,0.581,"diablo-full","tcga-blca"
"TCGA.PQ.A6FI",0,0.784,"diablo-full","tcga-blca"
"TCGA.S5.AA26",1,0.497,"diablo-full","tcga-blca"
"TCGA.UY.A78K",1,0.684,"diablo-full","tcga-blca"
"TCGA.UY.A8OB",1,0.796,"diablo-full","tcga-blca"
"TCGA.UY.A8OC",1,0.757,"diablo-full","tcga-blca"
"TCGA.UY.A8OD",0,0.719,"diablo-full","tcga-blca"
"TCGA.XF.A8HB",0,0.57,"diablo-full","tcga-blca"
"TCGA.XF.A8HH",1,0.681,"diablo-full","tcga-blca"
"TCGA.XF.A9SX",1,0.771,"diablo-full","tcga-blca"
"TCGA.XF.A9T4",1,0.669,"diablo-full","tcga-blca"
"TCGA.XF.AAMW",1,0.729,"diablo-full","tcga-blca"
"TCGA.XF.AAMX",1,0.63,"diablo-full","tcga-blca"
"TCGA.XF.AAN0",1,0.706,"diablo-full","tcga-blca"
"TCGA.XF.AAN4",1,0.846,"diablo-full","tcga-blca"
"TCGA.XF.AAN5",1,0.784,"diablo-full","tcga-blca"
"TCGA.ZF.A9R0",1,0.624,"diablo-full","tcga-blca"
"TCGA.ZF.A9R9",1,0.611,"diablo-full","tcga-blca"
"TCGA.ZF.A9RM",0,0.512,"diablo-full","tcga-blca"
"TCGA.ZF.A9RN",1,0.761,"diablo-full","tcga-blca"
"TCGA.ZF.AA4N",0,0.792,"diablo-full","tcga-blca"
"TCGA.ZF.AA51",0,0.678,"diablo-full","tcga-blca"
"TCGA.ZF.AA56",1,0.735,"diablo-full","tcga-blca"
"TCGA.ZF.AA58",1,0.865,"diablo-full","tcga-blca"
"subject1",1,0.945,"diablo-full","sim-data_n-500_effect-2_sigma-def_corr-0"
"subject2",1,0.917,"diablo-full","sim-data_n-500_effect-2_sigma-def_corr-0"
"subject9",0,0.013,"diablo-full","sim-data_n-500_effect-2_sigma-def_corr-0"
"subject10",0,-0.018,"diablo-full","sim-data_n-500_effect-2_sigma-def_corr-0"
"subject12",1,1.034,"diablo-full","sim-data_n-500_effect-2_sigma-def_corr-0"
"subject13",1,1.03,"diablo-full","sim-data_n-500_effect-2_sigma-def_corr-0"
"subject21",0,-0.024,"diablo-full","sim-data_n-500_effect-2_sigma-def_corr-0"
"subject27",1,0.941,"diablo-full","sim-data_n-500_effect-2_sigma-def_corr-0"
"subject29",1,0.956,"diablo-full","sim-data_n-500_effect-2_sigma-def_corr-0"
"subject41",1,0.956,"diablo-full","sim-data_n-500_effect-2_sigma-def_corr-0"
"subject43",0,0.032,"diablo-full","sim-data_n-500_effect-2_sigma-def_corr-0"
"subject46",0,0.027,"diablo-full","sim-data_n-500_effect-2_sigma-def_corr-0"
"subject47",1,0.969,"diablo-full","sim-data_n-500_effect-2_sigma-def_corr-0"
"subject48",0,0.061,"diablo-full","sim-data_n-500_effect-2_sigma-def_corr-0"
"subject53",0,-0.059,"diablo-full","sim-data_n-500_effect-2_sigma-def_corr-0"
"subject54",1,0.954,"diablo-full","sim-data_n-500_effect-2_sigma-def_corr-0"
"subject56",1,0.922,"diablo-full","sim-data_n-500_effect-2_sigma-def_corr-0"
"subject57",0,0.047,"diablo-full","sim-data_n-500_effect-2_sigma-def_corr-0"
"subject63",0,0.053,"diablo-full","sim-data_n-500_effect-2_sigma-def_corr-0"
"subject66",0,0.04,"diablo-full","sim-data_n-500_effect-2_sigma-def_corr-0"
"subject77",1,0.933,"diablo-full","sim-data_n-500_effect-2_sigma-def_corr-0"
"subject79",0,0.008,"diablo-full","sim-data_n-500_effect-2_sigma-def_corr-0"
"subject83",0,0.045,"diablo-full","sim-data_n-500_effect-2_sigma-def_corr-0"
"subject86",1,0.982,"diablo-full","sim-data_n-500_effect-2_sigma-def_corr-0"
"subject88",0,-0.06,"diablo-full","sim-data_n-500_effect-2_sigma-def_corr-0"
"subject89",1,0.953,"diablo-full","sim-data_n-500_effect-2_sigma-def_corr-0"
"subject94",0,0.013,"diablo-full","sim-data_n-500_effect-2_sigma-def_corr-0"
"subject96",1,0.88,"diablo-full","sim-data_n-500_effect-2_sigma-def_corr-0"
"subject100",1,0.939,"diablo-full","sim-data_n-500_effect-2_sigma-def_corr-0"
"subject104",1,0.995,"diablo-full","sim-data_n-500_effect-2_sigma-def_corr-0"
"subject105",1,1.043,"diablo-full","sim-data_n-500_effect-2_sigma-def_corr-0"
"subject109",0,0.068,"diablo-full","sim-data_n-500_effect-2_sigma-def_corr-0"
"subject110",0,-0.038,"diablo-full","sim-data_n-500_effect-2_sigma-def_corr-0"
"subject118",0,0.054,"diablo-full","sim-data_n-500_effect-2_sigma-def_corr-0"
"subject121",1,1.037,"diablo-full","sim-data_n-500_effect-2_sigma-def_corr-0"
"subject122",0,0.043,"diablo-full","sim-data_n-500_effect-2_sigma-def_corr-0"
"subject124",1,0.968,"diablo-full","sim-data_n-500_effect-2_sigma-def_corr-0"
"subject127",0,0.074,"diablo-full","sim-data_n-500_effect-2_sigma-def_corr-0"
"subject130",1,0.971,"diablo-full","sim-data_n-500_effect-2_sigma-def_corr-0"
"subject131",1,1.066,"diablo-full","sim-data_n-500_effect-2_sigma-def_corr-0"
"subject133",1,0.967,"diablo-full","sim-data_n-500_effect-2_sigma-def_corr-0"
"subject135",0,0.039,"diablo-full","sim-data_n-500_effect-2_sigma-def_corr-0"
"subject139",1,0.968,"diablo-full","sim-data_n-500_effect-2_sigma-def_corr-0"
"subject143",1,0.956,"diablo-full","sim-data_n-500_effect-2_sigma-def_corr-0"
"subject145",1,1.042,"diablo-full","sim-data_n-500_effect-2_sigma-def_corr-0"
"subject146",0,0.013,"diablo-full","sim-data_n-500_effect-2_sigma-def_corr-0"
"subject148",0,-0.061,"diablo-full","sim-data_n-500_effect-2_sigma-def_corr-0"
"subject149",1,1.005,"diablo-full","sim-data_n-500_effect-2_sigma-def_corr-0"
"subject150",1,0.973,"diablo-full","sim-data_n-500_effect-2_sigma-def_corr-0"
"subject151",1,0.991,"diablo-full","sim-data_n-500_effect-2_sigma-def_corr-0"
"subject154",1,0.921,"diablo-full","sim-data_n-500_effect-2_sigma-def_corr-0"
"subject162",0,0.038,"diablo-full","sim-data_n-500_effect-2_sigma-def_corr-0"
"subject164",1,0.888,"diablo-full","sim-data_n-500_effect-2_sigma-def_corr-0"
"subject165",0,0.055,"diablo-full","sim-data_n-500_effect-2_sigma-def_corr-0"
"subject167",1,0.942,"diablo-full","sim-data_n-500_effect-2_sigma-def_corr-0"
"subject169",1,0.971,"diablo-full","sim-data_n-500_effect-2_sigma-def_corr-0"
"subject172",0,0.053,"diablo-full","sim-data_n-500_effect-2_sigma-def_corr-0"
"subject179",1,1.01,"diablo-full","sim-data_n-500_effect-2_sigma-def_corr-0"
"subject181",0,0.004,"diablo-full","sim-data_n-500_effect-2_sigma-def_corr-0"
"subject183",1,0.951,"diablo-full","sim-data_n-500_effect-2_sigma-def_corr-0"
"subject190",0,0.048,"diablo-full","sim-data_n-500_effect-2_sigma-def_corr-0"
"subject192",1,1.079,"diablo-full","sim-data_n-500_effect-2_sigma-def_corr-0"
"subject197",0,-0.094,"diablo-full","sim-data_n-500_effect-2_sigma-def_corr-0"
"subject203",1,0.974,"diablo-full","sim-data_n-500_effect-2_sigma-def_corr-0"
"subject205",1,1.008,"diablo-full","sim-data_n-500_effect-2_sigma-def_corr-0"
"subject217",1,0.905,"diablo-full","sim-data_n-500_effect-2_sigma-def_corr-0"
"subject223",0,0.012,"diablo-full","sim-data_n-500_effect-2_sigma-def_corr-0"
"subject225",0,0.057,"diablo-full","sim-data_n-500_effect-2_sigma-def_corr-0"
"subject233",1,1.019,"diablo-full","sim-data_n-500_effect-2_sigma-def_corr-0"
"subject234",0,0.004,"diablo-full","sim-data_n-500_effect-2_sigma-def_corr-0"
"subject236",0,0.065,"diablo-full","sim-data_n-500_effect-2_sigma-def_corr-0"
"subject241",1,0.981,"diablo-full","sim-data_n-500_effect-2_sigma-def_corr-0"
"subject244",0,0.086,"diablo-full","sim-data_n-500_effect-2_sigma-def_corr-0"
"subject248",1,0.953,"diablo-full","sim-data_n-500_effect-2_sigma-def_corr-0"
"subject255",0,-0.026,"diablo-full","sim-data_n-500_effect-2_sigma-def_corr-0"
"subject256",0,0.065,"diablo-full","sim-data_n-500_effect-2_sigma-def_corr-0"
"subject257",0,-0.039,"diablo-full","sim-data_n-500_effect-2_sigma-def_corr-0"
"subject263",1,0.964,"diablo-full","sim-data_n-500_effect-2_sigma-def_corr-0"
"subject271",0,-0.044,"diablo-full","sim-data_n-500_effect-2_sigma-def_corr-0"
"subject275",1,0.951,"diablo-full","sim-data_n-500_effect-2_sigma-def_corr-0"
"subject278",0,-0.005,"diablo-full","sim-data_n-500_effect-2_sigma-def_corr-0"
"subject279",0,0.062,"diablo-full","sim-data_n-500_effect-2_sigma-def_corr-0"
"subject282",1,1.017,"diablo-full","sim-data_n-500_effect-2_sigma-def_corr-0"
"subject283",0,-0.02,"diablo-full","sim-data_n-500_effect-2_sigma-def_corr-0"
"subject287",1,1.015,"diablo-full","sim-data_n-500_effect-2_sigma-def_corr-0"
"subject288",0,0.128,"diablo-full","sim-data_n-500_effect-2_sigma-def_corr-0"
"subject291",1,1.026,"diablo-full","sim-data_n-500_effect-2_sigma-def_corr-0"
"subject292",1,0.98,"diablo-full","sim-data_n-500_effect-2_sigma-def_corr-0"
"subject293",0,0.073,"diablo-full","sim-data_n-500_effect-2_sigma-def_corr-0"
"subject294",0,0.059,"diablo-full","sim-data_n-500_effect-2_sigma-def_corr-0"
"subject298",0,0,"diablo-full","sim-data_n-500_effect-2_sigma-def_corr-0"
"subject306",0,0.044,"diablo-full","sim-data_n-500_effect-2_sigma-def_corr-0"
"subject309",0,0.036,"diablo-full","sim-data_n-500_effect-2_sigma-def_corr-0"
"subject310",1,0.953,"diablo-full","sim-data_n-500_effect-2_sigma-def_corr-0"
"subject311",0,0.06,"diablo-full","sim-data_n-500_effect-2_sigma-def_corr-0"
"subject312",1,0.978,"diablo-full","sim-data_n-500_effect-2_sigma-def_corr-0"
"subject313",0,0.055,"diablo-full","sim-data_n-500_effect-2_sigma-def_corr-0"
"subject314",0,0.069,"diablo-full","sim-data_n-500_effect-2_sigma-def_corr-0"
"subject320",0,0.011,"diablo-full","sim-data_n-500_effect-2_sigma-def_corr-0"
"subject322",1,0.913,"diablo-full","sim-data_n-500_effect-2_sigma-def_corr-0"
"subject323",0,0.005,"diablo-full","sim-data_n-500_effect-2_sigma-def_corr-0"
"subject328",1,0.935,"diablo-full","sim-data_n-500_effect-2_sigma-def_corr-0"
"subject329",1,0.982,"diablo-full","sim-data_n-500_effect-2_sigma-def_corr-0"
"subject335",0,0.042,"diablo-full","sim-data_n-500_effect-2_sigma-def_corr-0"
"subject336",1,0.962,"diablo-full","sim-data_n-500_effect-2_sigma-def_corr-0"
"subject343",0,0.061,"diablo-full","sim-data_n-500_effect-2_sigma-def_corr-0"
"subject345",1,0.906,"diablo-full","sim-data_n-500_effect-2_sigma-def_corr-0"
"subject350",0,0.016,"diablo-full","sim-data_n-500_effect-2_sigma-def_corr-0"
"subject352",0,-0.034,"diablo-full","sim-data_n-500_effect-2_sigma-def_corr-0"
"subject366",0,-0.112,"diablo-full","sim-data_n-500_effect-2_sigma-def_corr-0"
"subject367",0,0.037,"diablo-full","sim-data_n-500_effect-2_sigma-def_corr-0"
"subject372",1,0.982,"diablo-full","sim-data_n-500_effect-2_sigma-def_corr-0"
"subject373",1,1.016,"diablo-full","sim-data_n-500_effect-2_sigma-def_corr-0"
"subject375",0,0.023,"diablo-full","sim-data_n-500_effect-2_sigma-def_corr-0"
"subject379",0,0.094,"diablo-full","sim-data_n-500_effect-2_sigma-def_corr-0"
"subject382",0,0.079,"diablo-full","sim-data_n-500_effect-2_sigma-def_corr-0"
"subject387",1,0.945,"diablo-full","sim-data_n-500_effect-2_sigma-def_corr-0"
"subject388",0,-0.01,"diablo-full","sim-data_n-500_effect-2_sigma-def_corr-0"
"subject389",0,0.009,"diablo-full","sim-data_n-500_effect-2_sigma-def_corr-0"
"subject394",1,0.98,"diablo-full","sim-data_n-500_effect-2_sigma-def_corr-0"
"subject397",0,0,"diablo-full","sim-data_n-500_effect-2_sigma-def_corr-0"
"subject400",0,0.049,"diablo-full","sim-data_n-500_effect-2_sigma-def_corr-0"
"subject404",1,0.933,"diablo-full","sim-data_n-500_effect-2_sigma-def_corr-0"
"subject408",0,0.022,"diablo-full","sim-data_n-500_effect-2_sigma-def_corr-0"
"subject410",0,-0.012,"diablo-full","sim-data_n-500_effect-2_sigma-def_corr-0"
"subject415",1,0.973,"diablo-full","sim-data_n-500_effect-2_sigma-def_corr-0"
"subject417",0,-0.047,"diablo-full","sim-data_n-500_effect-2_sigma-def_corr-0"
"subject418",1,0.988,"diablo-full","sim-data_n-500_effect-2_sigma-def_corr-0"
"subject421",1,1.084,"diablo-full","sim-data_n-500_effect-2_sigma-def_corr-0"
"subject425",0,0.065,"diablo-full","sim-data_n-500_effect-2_sigma-def_corr-0"
"subject427",0,0.076,"diablo-full","sim-data_n-500_effect-2_sigma-def_corr-0"
"subject430",1,1.02,"diablo-full","sim-data_n-500_effect-2_sigma-def_corr-0"
"subject432",0,0.057,"diablo-full","sim-data_n-500_effect-2_sigma-def_corr-0"
"subject434",1,0.955,"diablo-full","sim-data_n-500_effect-2_sigma-def_corr-0"
"subject436",1,0.975,"diablo-full","sim-data_n-500_effect-2_sigma-def_corr-0"
"subject440",1,1.031,"diablo-full","sim-data_n-500_effect-2_sigma-def_corr-0"
"subject444",1,0.964,"diablo-full","sim-data_n-500_effect-2_sigma-def_corr-0"
"subject448",1,0.941,"diablo-full","sim-data_n-500_effect-2_sigma-def_corr-0"
"subject458",0,-0.093,"diablo-full","sim-data_n-500_effect-2_sigma-def_corr-0"
"subject462",1,1.021,"diablo-full","sim-data_n-500_effect-2_sigma-def_corr-0"
"subject466",0,0.044,"diablo-full","sim-data_n-500_effect-2_sigma-def_corr-0"
"subject472",1,0.964,"diablo-full","sim-data_n-500_effect-2_sigma-def_corr-0"
"subject476",0,-0.015,"diablo-full","sim-data_n-500_effect-2_sigma-def_corr-0"
"subject483",0,0.011,"diablo-full","sim-data_n-500_effect-2_sigma-def_corr-0"
"subject485",0,0.015,"diablo-full","sim-data_n-500_effect-2_sigma-def_corr-0"
"subject488",1,1.022,"diablo-full","sim-data_n-500_effect-2_sigma-def_corr-0"
"subject489",1,0.953,"diablo-full","sim-data_n-500_effect-2_sigma-def_corr-0"
"subject492",0,0.057,"diablo-full","sim-data_n-500_effect-2_sigma-def_corr-0"
"subject496",0,0.036,"diablo-full","sim-data_n-500_effect-2_sigma-def_corr-0"
"subject500",0,0.028,"diablo-full","sim-data_n-500_effect-2_sigma-def_corr-0"
"TCGA.BJ.A290",1,0.395,"diablo-full","tcga-thca"
"TCGA.BJ.A291",0,0.192,"diablo-full","tcga-thca"
"TCGA.CE.A13K",0,0.313,"diablo-full","tcga-thca"
"TCGA.E3.A3E5",1,0.368,"diablo-full","tcga-thca"
"TCGA.EL.A3CS",1,0.376,"diablo-full","tcga-thca"
"TCGA.EL.A3CY",0,0.268,"diablo-full","tcga-thca"
"TCGA.EL.A3D0",1,0.439,"diablo-full","tcga-thca"
"TCGA.EL.A3GQ",0,0.381,"diablo-full","tcga-thca"
"TCGA.BJ.A0Z3",0,0.317,"diablo-full","tcga-thca"
"TCGA.BJ.A0Z9",1,0.427,"diablo-full","tcga-thca"
"TCGA.BJ.A0ZA",0,0.178,"diablo-full","tcga-thca"
"TCGA.BJ.A0ZB",1,0.452,"diablo-full","tcga-thca"
"TCGA.BJ.A0ZC",0,0.137,"diablo-full","tcga-thca"
"TCGA.BJ.A0ZG",0,0.112,"diablo-full","tcga-thca"
"TCGA.BJ.A0ZJ",0,0.24,"diablo-full","tcga-thca"
"TCGA.BJ.A3EZ",1,0.489,"diablo-full","tcga-thca"
"TCGA.BJ.A3F0",0,0.082,"diablo-full","tcga-thca"
"TCGA.CE.A3MD",0,0.289,"diablo-full","tcga-thca"
"TCGA.CE.A3ME",0,0.385,"diablo-full","tcga-thca"
"TCGA.DE.A0Y2",0,0.453,"diablo-full","tcga-thca"
"TCGA.DE.A3KN",1,0.307,"diablo-full","tcga-thca"
"TCGA.DJ.A13R",1,0.204,"diablo-full","tcga-thca"
"TCGA.DJ.A13S",0,0.259,"diablo-full","tcga-thca"
"TCGA.DJ.A1QF",0,0.414,"diablo-full","tcga-thca"
"TCGA.DJ.A1QI",0,0.395,"diablo-full","tcga-thca"
"TCGA.DJ.A1QM",0,0.269,"diablo-full","tcga-thca"
"TCGA.DJ.A1QN",0,0.324,"diablo-full","tcga-thca"
"TCGA.DJ.A2PN",0,0.404,"diablo-full","tcga-thca"
"TCGA.DJ.A2PO",0,0.314,"diablo-full","tcga-thca"
"TCGA.DJ.A2PS",0,0.319,"diablo-full","tcga-thca"
"TCGA.DJ.A2PU",0,0.386,"diablo-full","tcga-thca"
"TCGA.DJ.A2PV",0,0.364,"diablo-full","tcga-thca"
"TCGA.DJ.A2Q2",1,0.232,"diablo-full","tcga-thca"
"TCGA.DJ.A2Q4",1,0.408,"diablo-full","tcga-thca"
"TCGA.DJ.A2Q5",1,0.343,"diablo-full","tcga-thca"
"TCGA.DJ.A2Q7",1,0.319,"diablo-full","tcga-thca"
"TCGA.DJ.A2QA",1,0.234,"diablo-full","tcga-thca"
"TCGA.DJ.A2QC",0,0.293,"diablo-full","tcga-thca"
"TCGA.DO.A1JZ",0,0.366,"diablo-full","tcga-thca"
"TCGA.DO.A1K0",0,0.462,"diablo-full","tcga-thca"
"TCGA.E3.A3DY",0,0.442,"diablo-full","tcga-thca"
"TCGA.E3.A3DZ",1,0.197,"diablo-full","tcga-thca"
"TCGA.E3.A3E0",0,0.332,"diablo-full","tcga-thca"
"TCGA.E3.A3E1",0,0.405,"diablo-full","tcga-thca"
"TCGA.E3.A3E3",0,0.454,"diablo-full","tcga-thca"
"TCGA.EL.A3CL",0,0.423,"diablo-full","tcga-thca"
"TCGA.EL.A3CN",0,0.369,"diablo-full","tcga-thca"
"TCGA.EL.A3CO",1,0.226,"diablo-full","tcga-thca"
"TCGA.EL.A3CT",1,0.472,"diablo-full","tcga-thca"
"TCGA.EL.A3CU",1,0.384,"diablo-full","tcga-thca"
"TCGA.EL.A3CW",1,0.234,"diablo-full","tcga-thca"
"TCGA.EL.A3CZ",0,0.223,"diablo-full","tcga-thca"
"TCGA.EL.A3D1",0,0.372,"diablo-full","tcga-thca"
"TCGA.EL.A3D4",1,0.282,"diablo-full","tcga-thca"
"TCGA.EL.A3GP",1,0.349,"diablo-full","tcga-thca"
"TCGA.EL.A3GU",1,0.48,"diablo-full","tcga-thca"
"TCGA.EL.A3GY",0,0.444,"diablo-full","tcga-thca"
"TCGA.EL.A3GZ",0,0.391,"diablo-full","tcga-thca"
"TCGA.EL.A3H1",0,0.152,"diablo-full","tcga-thca"
"TCGA.EL.A3H5",1,0.435,"diablo-full","tcga-thca"
"TCGA.EL.A3MW",0,0.422,"diablo-full","tcga-thca"
"TCGA.EL.A3MX",1,0.41,"diablo-full","tcga-thca"
"TCGA.EL.A3MZ",1,0.462,"diablo-full","tcga-thca"
"TCGA.EL.A3N2",0,0.443,"diablo-full","tcga-thca"
"TCGA.EM.A1CV",0,0.375,"diablo-full","tcga-thca"
"TCGA.EM.A1YA",0,0.238,"diablo-full","tcga-thca"
"TCGA.EM.A1YC",1,0.206,"diablo-full","tcga-thca"
"TCGA.EM.A1YD",0,0.132,"diablo-full","tcga-thca"
"TCGA.EM.A22I",1,0.461,"diablo-full","tcga-thca"
"TCGA.EM.A22L",0,0.188,"diablo-full","tcga-thca"
"TCGA.EM.A22Q",0,0.11,"diablo-full","tcga-thca"
"TCGA.EM.A2CN",1,0.209,"diablo-full","tcga-thca"
"TCGA.EM.A2CO",0,0.217,"diablo-full","tcga-thca"
"TCGA.EM.A2OV",0,0.22,"diablo-full","tcga-thca"
"TCGA.EM.A2OY",0,0.231,"diablo-full","tcga-thca"
"TCGA.EM.A2P1",0,0.359,"diablo-full","tcga-thca"
"TCGA.EM.A3AJ",0,0.217,"diablo-full","tcga-thca"
"TCGA.EM.A3AL",0,0.117,"diablo-full","tcga-thca"
"TCGA.EM.A3AO",1,0.305,"diablo-full","tcga-thca"
"TCGA.EM.A3AP",0,0.229,"diablo-full","tcga-thca"
"TCGA.EM.A3FL",0,0.207,"diablo-full","tcga-thca"
"TCGA.EM.A3FP",0,0.161,"diablo-full","tcga-thca"
"TCGA.ET.A25L",1,0.481,"diablo-full","tcga-thca"
"TCGA.ET.A25M",0,0.429,"diablo-full","tcga-thca"
"TCGA.ET.A25O",0,0.478,"diablo-full","tcga-thca"
"TCGA.ET.A2MY",0,0.443,"diablo-full","tcga-thca"
"TCGA.ET.A2MZ",0,0.339,"diablo-full","tcga-thca"
"TCGA.ET.A2N0",1,0.346,"diablo-full","tcga-thca"
"TCGA.ET.A2N4",1,0.341,"diablo-full","tcga-thca"
"TCGA.ET.A39I",0,0.248,"diablo-full","tcga-thca"
"TCGA.ET.A39N",0,0.197,"diablo-full","tcga-thca"
"TCGA.ET.A39T",1,0.44,"diablo-full","tcga-thca"
"TCGA.ET.A3BN",0,0.452,"diablo-full","tcga-thca"
"TCGA.ET.A3BP",0,0.309,"diablo-full","tcga-thca"
"TCGA.ET.A3BW",0,0.395,"diablo-full","tcga-thca"
"TCGA.ET.A3DO",0,0.377,"diablo-full","tcga-thca"
"TCGA.ET.A3DP",0,0.366,"diablo-full","tcga-thca"
"TCGA.ET.A3DT",0,0.328,"diablo-full","tcga-thca"
"TCGA.ET.A3DV",0,0.143,"diablo-full","tcga-thca"
"TCGA.FE.A231",1,0.481,"diablo-full","tcga-thca"
"TCGA.FE.A234",0,0.476,"diablo-full","tcga-thca"
"TCGA.FE.A235",0,0.344,"diablo-full","tcga-thca"
"TCGA.FE.A236",0,0.371,"diablo-full","tcga-thca"
"TCGA.FE.A239",1,0.1,"diablo-full","tcga-thca"
"TCGA.FY.A3ON",0,0.393,"diablo-full","tcga-thca"
"TCGA.H2.A2K9",0,0.272,"diablo-full","tcga-thca"
"TCGA.IM.A3EB",0,0.414,"diablo-full","tcga-thca"
"TCGA.IM.A3ED",0,0.39,"diablo-full","tcga-thca"
"TCGA.J8.A3O0",0,0.228,"diablo-full","tcga-thca"
"subject3",1,0.9,"diablo-full","sim-data_n-50_effect-2_sigma-def_corr-0.5"
"subject4",1,0.929,"diablo-full","sim-data_n-50_effect-2_sigma-def_corr-0.5"
"subject5",0,0.012,"diablo-full","sim-data_n-50_effect-2_sigma-def_corr-0.5"
"subject16",1,0.907,"diablo-full","sim-data_n-50_effect-2_sigma-def_corr-0.5"
"subject17",0,0.028,"diablo-full","sim-data_n-50_effect-2_sigma-def_corr-0.5"
"subject18",0,0.116,"diablo-full","sim-data_n-50_effect-2_sigma-def_corr-0.5"
"subject26",1,0.92,"diablo-full","sim-data_n-50_effect-2_sigma-def_corr-0.5"
"subject32",1,0.899,"diablo-full","sim-data_n-50_effect-2_sigma-def_corr-0.5"
"subject33",0,0.104,"diablo-full","sim-data_n-50_effect-2_sigma-def_corr-0.5"
"subject36",1,0.99,"diablo-full","sim-data_n-50_effect-2_sigma-def_corr-0.5"
"subject38",1,0.944,"diablo-full","sim-data_n-50_effect-2_sigma-def_corr-0.5"
"subject40",1,0.914,"diablo-full","sim-data_n-50_effect-2_sigma-def_corr-0.5"
"subject43",0,0.067,"diablo-full","sim-data_n-50_effect-2_sigma-def_corr-0.5"
"subject46",0,0.036,"diablo-full","sim-data_n-50_effect-2_sigma-def_corr-0.5"
"subject50",1,0.875,"diablo-full","sim-data_n-50_effect-2_sigma-def_corr-0.5"
"subject2",0,0.053,"diablo-full","sim-data_n-100_effect-2_sigma-indep_corr-0"
"subject3",1,0.963,"diablo-full","sim-data_n-100_effect-2_sigma-indep_corr-0"
"subject5",0,0.026,"diablo-full","sim-data_n-100_effect-2_sigma-indep_corr-0"
"subject9",0,0.003,"diablo-full","sim-data_n-100_effect-2_sigma-indep_corr-0"
"subject13",0,0.016,"diablo-full","sim-data_n-100_effect-2_sigma-indep_corr-0"
"subject14",0,0.018,"diablo-full","sim-data_n-100_effect-2_sigma-indep_corr-0"
"subject18",1,0.966,"diablo-full","sim-data_n-100_effect-2_sigma-indep_corr-0"
"subject20",0,0.028,"diablo-full","sim-data_n-100_effect-2_sigma-indep_corr-0"
"subject22",1,0.93,"diablo-full","sim-data_n-100_effect-2_sigma-indep_corr-0"
"subject29",0,0.066,"diablo-full","sim-data_n-100_effect-2_sigma-indep_corr-0"
"subject35",1,0.947,"diablo-full","sim-data_n-100_effect-2_sigma-indep_corr-0"
"subject36",1,0.963,"diablo-full","sim-data_n-100_effect-2_sigma-indep_corr-0"
"subject39",1,0.964,"diablo-full","sim-data_n-100_effect-2_sigma-indep_corr-0"
"subject44",1,0.971,"diablo-full","sim-data_n-100_effect-2_sigma-indep_corr-0"
"subject48",1,0.971,"diablo-full","sim-data_n-100_effect-2_sigma-indep_corr-0"
"subject57",1,0.967,"diablo-full","sim-data_n-100_effect-2_sigma-indep_corr-0"
"subject58",1,0.966,"diablo-full","sim-data_n-100_effect-2_sigma-indep_corr-0"
"subject61",0,0.025,"diablo-full","sim-data_n-100_effect-2_sigma-indep_corr-0"
"subject63",0,0.057,"diablo-full","sim-data_n-100_effect-2_sigma-indep_corr-0"
"subject64",1,0.984,"diablo-full","sim-data_n-100_effect-2_sigma-indep_corr-0"
"subject65",1,0.979,"diablo-full","sim-data_n-100_effect-2_sigma-indep_corr-0"
"subject66",0,0,"diablo-full","sim-data_n-100_effect-2_sigma-indep_corr-0"
"subject69",1,1.002,"diablo-full","sim-data_n-100_effect-2_sigma-indep_corr-0"
"subject73",1,0.955,"diablo-full","sim-data_n-100_effect-2_sigma-indep_corr-0"
"subject76",1,0.926,"diablo-full","sim-data_n-100_effect-2_sigma-indep_corr-0"
"subject83",0,0,"diablo-full","sim-data_n-100_effect-2_sigma-indep_corr-0"
"subject85",1,0.98,"diablo-full","sim-data_n-100_effect-2_sigma-indep_corr-0"
"subject87",0,0.026,"diablo-full","sim-data_n-100_effect-2_sigma-indep_corr-0"
"subject93",0,0.007,"diablo-full","sim-data_n-100_effect-2_sigma-indep_corr-0"
"subject97",0,0.069,"diablo-full","sim-data_n-100_effect-2_sigma-indep_corr-0"
"subject2",1,0.94,"diablo-full","sim-data_n-100_effect-2_sigma-def_corr-1"
"subject7",0,-0.007,"diablo-full","sim-data_n-100_effect-2_sigma-def_corr-1"
"subject8",1,0.97,"diablo-full","sim-data_n-100_effect-2_sigma-def_corr-1"
"subject10",0,0.062,"diablo-full","sim-data_n-100_effect-2_sigma-def_corr-1"
"subject14",0,-0.017,"diablo-full","sim-data_n-100_effect-2_sigma-def_corr-1"
"subject17",1,1.019,"diablo-full","sim-data_n-100_effect-2_sigma-def_corr-1"
"subject19",1,0.989,"diablo-full","sim-data_n-100_effect-2_sigma-def_corr-1"
"subject23",1,1.016,"diablo-full","sim-data_n-100_effect-2_sigma-def_corr-1"
"subject24",1,1.047,"diablo-full","sim-data_n-100_effect-2_sigma-def_corr-1"
"subject25",0,-0.064,"diablo-full","sim-data_n-100_effect-2_sigma-def_corr-1"
"subject27",0,0.101,"diablo-full","sim-data_n-100_effect-2_sigma-def_corr-1"
"subject31",1,0.981,"diablo-full","sim-data_n-100_effect-2_sigma-def_corr-1"
"subject34",1,1.014,"diablo-full","sim-data_n-100_effect-2_sigma-def_corr-1"
"subject36",0,0.053,"diablo-full","sim-data_n-100_effect-2_sigma-def_corr-1"
"subject38",1,1.002,"diablo-full","sim-data_n-100_effect-2_sigma-def_corr-1"
"subject40",0,0.072,"diablo-full","sim-data_n-100_effect-2_sigma-def_corr-1"
"subject41",1,0.951,"diablo-full","sim-data_n-100_effect-2_sigma-def_corr-1"
"subject43",1,1.016,"diablo-full","sim-data_n-100_effect-2_sigma-def_corr-1"
"subject45",1,0.921,"diablo-full","sim-data_n-100_effect-2_sigma-def_corr-1"
"subject52",1,0.895,"diablo-full","sim-data_n-100_effect-2_sigma-def_corr-1"
"subject55",0,0.019,"diablo-full","sim-data_n-100_effect-2_sigma-def_corr-1"
"subject63",1,0.99,"diablo-full","sim-data_n-100_effect-2_sigma-def_corr-1"
"subject68",0,-0.074,"diablo-full","sim-data_n-100_effect-2_sigma-def_corr-1"
"subject69",0,0.093,"diablo-full","sim-data_n-100_effect-2_sigma-def_corr-1"
"subject73",0,-0.064,"diablo-full","sim-data_n-100_effect-2_sigma-def_corr-1"
"subject75",1,0.926,"diablo-full","sim-data_n-100_effect-2_sigma-def_corr-1"
"subject76",1,1.004,"diablo-full","sim-data_n-100_effect-2_sigma-def_corr-1"
"subject84",0,0.077,"diablo-full","sim-data_n-100_effect-2_sigma-def_corr-1"
"subject91",0,-0.03,"diablo-full","sim-data_n-100_effect-2_sigma-def_corr-1"
"subject93",1,0.93,"diablo-full","sim-data_n-100_effect-2_sigma-def_corr-1"
"TCGA.A1.A0SK",0,0.486,"diablo-full","tcga-brca"
"TCGA.A2.A0CT",0,0.398,"diablo-full","tcga-brca"
"TCGA.A2.A0EU",0,0.332,"diablo-full","tcga-brca"
"TCGA.A2.A0SU",0,0.349,"diablo-full","tcga-brca"
"TCGA.A2.A0SW",1,0.405,"diablo-full","tcga-brca"
"TCGA.A2.A0T0",0,0.448,"diablo-full","tcga-brca"
"TCGA.A2.A0T1",1,0.357,"diablo-full","tcga-brca"
"TCGA.A2.A0T4",0,0.274,"diablo-full","tcga-brca"
"TCGA.A2.A0T5",0,0.393,"diablo-full","tcga-brca"
"TCGA.A2.A0YC",0,0.316,"diablo-full","tcga-brca"
"TCGA.A2.A0YD",0,0.329,"diablo-full","tcga-brca"
"TCGA.A2.A0YH",1,0.433,"diablo-full","tcga-brca"
"TCGA.A2.A0YK",0,0.302,"diablo-full","tcga-brca"
"TCGA.A2.A0YM",0,0.409,"diablo-full","tcga-brca"
"TCGA.A2.A0YT",1,0.393,"diablo-full","tcga-brca"
"TCGA.A8.A075",0,0.402,"diablo-full","tcga-brca"
"TCGA.AN.A0XN",1,0.32,"diablo-full","tcga-brca"
"TCGA.AN.A0XS",1,0.337,"diablo-full","tcga-brca"
"TCGA.AN.A0XU",0,0.43,"diablo-full","tcga-brca"
"TCGA.AO.A03L",1,0.352,"diablo-full","tcga-brca"
"TCGA.AO.A03M",0,0.355,"diablo-full","tcga-brca"
"TCGA.AO.A03N",0,0.392,"diablo-full","tcga-brca"
"TCGA.AO.A03U",0,0.298,"diablo-full","tcga-brca"
"TCGA.AO.A0JC",0,0.315,"diablo-full","tcga-brca"
"TCGA.AO.A0JF",0,0.292,"diablo-full","tcga-brca"
"TCGA.AO.A0JJ",0,0.314,"diablo-full","tcga-brca"
"TCGA.AO.A0JM",0,0.32,"diablo-full","tcga-brca"
"TCGA.AO.A12E",0,0.358,"diablo-full","tcga-brca"
"TCGA.AQ.A04L",0,0.32,"diablo-full","tcga-brca"
"TCGA.AR.A0TP",0,0.461,"diablo-full","tcga-brca"
"TCGA.AR.A0TQ",1,0.327,"diablo-full","tcga-brca"
"TCGA.AR.A0TZ",1,0.303,"diablo-full","tcga-brca"
"TCGA.AR.A0U2",1,0.357,"diablo-full","tcga-brca"
"TCGA.B6.A0RG",0,0.42,"diablo-full","tcga-brca"
"TCGA.B6.A0RO",1,0.359,"diablo-full","tcga-brca"
"TCGA.B6.A0RT",1,0.308,"diablo-full","tcga-brca"
"TCGA.B6.A0RU",0,0.448,"diablo-full","tcga-brca"
"TCGA.B6.A0RV",1,0.356,"diablo-full","tcga-brca"
"TCGA.BH.A0B3",0,0.404,"diablo-full","tcga-brca"
"TCGA.BH.A0B9",0,0.407,"diablo-full","tcga-brca"
"TCGA.BH.A0BA",1,0.329,"diablo-full","tcga-brca"
"TCGA.BH.A0DH",0,0.321,"diablo-full","tcga-brca"
"TCGA.BH.A0DS",1,0.347,"diablo-full","tcga-brca"
"TCGA.BH.A0E0",1,0.454,"diablo-full","tcga-brca"
"TCGA.BH.A0E1",0,0.331,"diablo-full","tcga-brca"
"TCGA.BH.A0H6",0,0.312,"diablo-full","tcga-brca"
"TCGA.BH.A0H7",1,0.356,"diablo-full","tcga-brca"
"TCGA.BH.A0H9",0,0.396,"diablo-full","tcga-brca"
"TCGA.BH.A0HP",1,0.296,"diablo-full","tcga-brca"
"TCGA.BH.A0HX",0,0.377,"diablo-full","tcga-brca"
"TCGA.BH.A0W5",0,0.333,"diablo-full","tcga-brca"
"TCGA.E2.A108",1,0.257,"diablo-full","tcga-brca"
"TCGA.E2.A109",0,0.43,"diablo-full","tcga-brca"
"TCGA.E2.A10B",0,0.365,"diablo-full","tcga-brca"
"subject3",0,0.06,"diablo-full","sim-data_n-100_effect-2_sigma-def_corr-1"
"subject4",1,0.893,"diablo-full","sim-data_n-100_effect-2_sigma-def_corr-1"
"subject5",0,0.062,"diablo-full","sim-data_n-100_effect-2_sigma-def_corr-1"
"subject9",0,-0.002,"diablo-full","sim-data_n-100_effect-2_sigma-def_corr-1"
"subject11",0,0.091,"diablo-full","sim-data_n-100_effect-2_sigma-def_corr-1"
"subject13",0,0.084,"diablo-full","sim-data_n-100_effect-2_sigma-def_corr-1"
"subject15",1,0.983,"diablo-full","sim-data_n-100_effect-2_sigma-def_corr-1"
"subject16",1,0.96,"diablo-full","sim-data_n-100_effect-2_sigma-def_corr-1"
"subject18",1,0.961,"diablo-full","sim-data_n-100_effect-2_sigma-def_corr-1"
"subject26",0,0.011,"diablo-full","sim-data_n-100_effect-2_sigma-def_corr-1"
"subject28",0,0.055,"diablo-full","sim-data_n-100_effect-2_sigma-def_corr-1"
"subject30",0,0.084,"diablo-full","sim-data_n-100_effect-2_sigma-def_corr-1"
"subject32",0,0.103,"diablo-full","sim-data_n-100_effect-2_sigma-def_corr-1"
"subject37",0,-0.032,"diablo-full","sim-data_n-100_effect-2_sigma-def_corr-1"
"subject42",1,0.879,"diablo-full","sim-data_n-100_effect-2_sigma-def_corr-1"
"subject47",0,0.033,"diablo-full","sim-data_n-100_effect-2_sigma-def_corr-1"
"subject51",1,0.941,"diablo-full","sim-data_n-100_effect-2_sigma-def_corr-1"
"subject56",1,0.994,"diablo-full","sim-data_n-100_effect-2_sigma-def_corr-1"
"subject57",1,0.917,"diablo-full","sim-data_n-100_effect-2_sigma-def_corr-1"
"subject58",1,0.97,"diablo-full","sim-data_n-100_effect-2_sigma-def_corr-1"
"subject59",0,0.036,"diablo-full","sim-data_n-100_effect-2_sigma-def_corr-1"
"subject62",1,0.959,"diablo-full","sim-data_n-100_effect-2_sigma-def_corr-1"
"subject67",1,0.923,"diablo-full","sim-data_n-100_effect-2_sigma-def_corr-1"
"subject72",0,0.045,"diablo-full","sim-data_n-100_effect-2_sigma-def_corr-1"
"subject74",0,0.026,"diablo-full","sim-data_n-100_effect-2_sigma-def_corr-1"
"subject85",0,0.002,"diablo-full","sim-data_n-100_effect-2_sigma-def_corr-1"
"subject87",1,0.95,"diablo-full","sim-data_n-100_effect-2_sigma-def_corr-1"
"subject89",0,-0.007,"diablo-full","sim-data_n-100_effect-2_sigma-def_corr-1"
"subject94",0,0.09,"diablo-full","sim-data_n-100_effect-2_sigma-def_corr-1"
"subject95",1,1.041,"diablo-full","sim-data_n-100_effect-2_sigma-def_corr-1"
"TCGA.AO.A0JI",0,0.407,"diablo-full","tcga-brca"
"TCGA.A1.A0SH",0,0.362,"diablo-full","tcga-brca"
"TCGA.A1.A0SJ",1,0.368,"diablo-full","tcga-brca"
"TCGA.A1.A0SO",0,0.252,"diablo-full","tcga-brca"
"TCGA.A2.A0ST",0,0.371,"diablo-full","tcga-brca"
"TCGA.A2.A0SV",1,0.343,"diablo-full","tcga-brca"
"TCGA.A2.A0SX",0,0.3,"diablo-full","tcga-brca"
"TCGA.A2.A0T2",1,0.27,"diablo-full","tcga-brca"
"TCGA.A2.A0T6",0,0.399,"diablo-full","tcga-brca"
"TCGA.A2.A0T7",0,0.354,"diablo-full","tcga-brca"
"TCGA.A2.A0YF",0,0.406,"diablo-full","tcga-brca"
"TCGA.A2.A0YG",1,0.349,"diablo-full","tcga-brca"
"TCGA.A2.A0YI",0,0.409,"diablo-full","tcga-brca"
"TCGA.A2.A0YL",1,0.361,"diablo-full","tcga-brca"
"TCGA.A7.A0D9",0,0.366,"diablo-full","tcga-brca"
"TCGA.A8.A08O",1,0.351,"diablo-full","tcga-brca"
"TCGA.AN.A0XO",1,0.358,"diablo-full","tcga-brca"
"TCGA.AN.A0XP",1,0.385,"diablo-full","tcga-brca"
"TCGA.AN.A0XT",1,0.346,"diablo-full","tcga-brca"
"TCGA.AN.A0XW",1,0.354,"diablo-full","tcga-brca"
"TCGA.AO.A0JB",1,0.31,"diablo-full","tcga-brca"
"TCGA.AO.A0JD",1,0.336,"diablo-full","tcga-brca"
"TCGA.AO.A0JE",1,0.366,"diablo-full","tcga-brca"
"TCGA.AO.A0JG",1,0.381,"diablo-full","tcga-brca"
"TCGA.AO.A0JL",1,0.276,"diablo-full","tcga-brca"
"TCGA.AO.A124",0,0.229,"diablo-full","tcga-brca"
"TCGA.AO.A126",0,0.381,"diablo-full","tcga-brca"
"TCGA.AO.A128",0,0.347,"diablo-full","tcga-brca"
"TCGA.AO.A129",0,0.313,"diablo-full","tcga-brca"
"TCGA.AO.A12C",0,0.387,"diablo-full","tcga-brca"
"TCGA.AO.A12G",0,0.364,"diablo-full","tcga-brca"
"TCGA.AR.A0TR",0,0.359,"diablo-full","tcga-brca"
"TCGA.AR.A0TT",1,0.358,"diablo-full","tcga-brca"
"TCGA.AR.A0TV",0,0.355,"diablo-full","tcga-brca"
"TCGA.AR.A0TX",0,0.359,"diablo-full","tcga-brca"
"TCGA.AR.A0U3",0,0.352,"diablo-full","tcga-brca"
"TCGA.AR.A0U4",0,0.321,"diablo-full","tcga-brca"
"TCGA.B6.A0IK",1,0.359,"diablo-full","tcga-brca"
"TCGA.B6.A0RL",0,0.361,"diablo-full","tcga-brca"
"TCGA.B6.A0RN",0,0.378,"diablo-full","tcga-brca"
"TCGA.B6.A0WX",1,0.345,"diablo-full","tcga-brca"
"TCGA.BH.A0BC",1,0.379,"diablo-full","tcga-brca"
"TCGA.BH.A0BJ",0,0.373,"diablo-full","tcga-brca"
"TCGA.BH.A0BM",0,0.383,"diablo-full","tcga-brca"
"TCGA.BH.A0C0",0,0.362,"diablo-full","tcga-brca"
"TCGA.BH.A0DK",0,0.383,"diablo-full","tcga-brca"
"TCGA.BH.A0DP",0,0.406,"diablo-full","tcga-brca"
"TCGA.BH.A0GY",0,0.339,"diablo-full","tcga-brca"
"TCGA.BH.A0HK",0,0.367,"diablo-full","tcga-brca"
"TCGA.BH.A0HY",0,0.367,"diablo-full","tcga-brca"
"TCGA.BH.A0RX",0,0.371,"diablo-full","tcga-brca"
"TCGA.BH.A0W4",0,0.369,"diablo-full","tcga-brca"
"TCGA.E2.A107",1,0.391,"diablo-full","tcga-brca"
"TCGA.E2.A10C",0,0.37,"diablo-full","tcga-brca"
"TCGA.E2.A10E",0,0.381,"diablo-full","tcga-brca"
"subject6",0,0.06,"diablo-full","sim-data_n-50_effect-2_sigma-indep_corr-1"
"subject7",1,0.9,"diablo-full","sim-data_n-50_effect-2_sigma-indep_corr-1"
"subject11",1,0.928,"diablo-full","sim-data_n-50_effect-2_sigma-indep_corr-1"
"subject22",0,0.047,"diablo-full","sim-data_n-50_effect-2_sigma-indep_corr-1"
"subject23",1,0.939,"diablo-full","sim-data_n-50_effect-2_sigma-indep_corr-1"
"subject26",1,0.871,"diablo-full","sim-data_n-50_effect-2_sigma-indep_corr-1"
"subject27",1,0.929,"diablo-full","sim-data_n-50_effect-2_sigma-indep_corr-1"
"subject30",1,0.949,"diablo-full","sim-data_n-50_effect-2_sigma-indep_corr-1"
"subject31",1,0.953,"diablo-full","sim-data_n-50_effect-2_sigma-indep_corr-1"
"subject35",1,0.921,"diablo-full","sim-data_n-50_effect-2_sigma-indep_corr-1"
"subject40",0,0.034,"diablo-full","sim-data_n-50_effect-2_sigma-indep_corr-1"
"subject42",0,0.035,"diablo-full","sim-data_n-50_effect-2_sigma-indep_corr-1"
"subject44",0,0.053,"diablo-full","sim-data_n-50_effect-2_sigma-indep_corr-1"
"subject46",0,0.061,"diablo-full","sim-data_n-50_effect-2_sigma-indep_corr-1"
"subject48",1,0.924,"diablo-full","sim-data_n-50_effect-2_sigma-indep_corr-1"
"subject1",0,0.027,"diablo-full","sim-data_n-50_effect-2_sigma-indep_corr-1"
"subject5",1,0.941,"diablo-full","sim-data_n-50_effect-2_sigma-indep_corr-1"
"subject12",1,0.973,"diablo-full","sim-data_n-50_effect-2_sigma-indep_corr-1"
"subject13",0,0.048,"diablo-full","sim-data_n-50_effect-2_sigma-indep_corr-1"
"subject15",0,0.018,"diablo-full","sim-data_n-50_effect-2_sigma-indep_corr-1"
"subject16",0,0.07,"diablo-full","sim-data_n-50_effect-2_sigma-indep_corr-1"
"subject20",0,0.014,"diablo-full","sim-data_n-50_effect-2_sigma-indep_corr-1"
"subject28",1,0.96,"diablo-full","sim-data_n-50_effect-2_sigma-indep_corr-1"
"subject29",0,0.049,"diablo-full","sim-data_n-50_effect-2_sigma-indep_corr-1"
"subject33",1,0.971,"diablo-full","sim-data_n-50_effect-2_sigma-indep_corr-1"
"subject37",1,0.904,"diablo-full","sim-data_n-50_effect-2_sigma-indep_corr-1"
"subject41",0,0.061,"diablo-full","sim-data_n-50_effect-2_sigma-indep_corr-1"
"subject43",0,0.08,"diablo-full","sim-data_n-50_effect-2_sigma-indep_corr-1"
"subject45",0,0.092,"diablo-full","sim-data_n-50_effect-2_sigma-indep_corr-1"
"subject47",1,0.98,"diablo-full","sim-data_n-50_effect-2_sigma-indep_corr-1"
"subject2",1,0.947,"diablo-full","sim-data_n-100_effect-2_sigma-indep_corr-0.5"
"subject12",1,0.948,"diablo-full","sim-data_n-100_effect-2_sigma-indep_corr-0.5"
"subject14",0,0.01,"diablo-full","sim-data_n-100_effect-2_sigma-indep_corr-0.5"
"subject16",0,0.016,"diablo-full","sim-data_n-100_effect-2_sigma-indep_corr-0.5"
"subject21",0,0.023,"diablo-full","sim-data_n-100_effect-2_sigma-indep_corr-0.5"
"subject25",1,1.002,"diablo-full","sim-data_n-100_effect-2_sigma-indep_corr-0.5"
"subject27",1,0.976,"diablo-full","sim-data_n-100_effect-2_sigma-indep_corr-0.5"
"subject28",1,0.989,"diablo-full","sim-data_n-100_effect-2_sigma-indep_corr-0.5"
"subject32",0,0.03,"diablo-full","sim-data_n-100_effect-2_sigma-indep_corr-0.5"
"subject33",0,0.038,"diablo-full","sim-data_n-100_effect-2_sigma-indep_corr-0.5"
"subject35",0,0.022,"diablo-full","sim-data_n-100_effect-2_sigma-indep_corr-0.5"
"subject41",1,0.991,"diablo-full","sim-data_n-100_effect-2_sigma-indep_corr-0.5"
"subject45",0,0.013,"diablo-full","sim-data_n-100_effect-2_sigma-indep_corr-0.5"
"subject47",1,0.976,"diablo-full","sim-data_n-100_effect-2_sigma-indep_corr-0.5"
"subject50",0,0.064,"diablo-full","sim-data_n-100_effect-2_sigma-indep_corr-0.5"
"subject51",1,0.946,"diablo-full","sim-data_n-100_effect-2_sigma-indep_corr-0.5"
"subject52",0,0.037,"diablo-full","sim-data_n-100_effect-2_sigma-indep_corr-0.5"
"subject55",0,0.037,"diablo-full","sim-data_n-100_effect-2_sigma-indep_corr-0.5"
"subject57",0,0.066,"diablo-full","sim-data_n-100_effect-2_sigma-indep_corr-0.5"
"subject62",1,1.019,"diablo-full","sim-data_n-100_effect-2_sigma-indep_corr-0.5"
"subject63",1,0.955,"diablo-full","sim-data_n-100_effect-2_sigma-indep_corr-0.5"
"subject74",0,-0.01,"diablo-full","sim-data_n-100_effect-2_sigma-indep_corr-0.5"
"subject78",1,0.986,"diablo-full","sim-data_n-100_effect-2_sigma-indep_corr-0.5"
"subject79",0,0.053,"diablo-full","sim-data_n-100_effect-2_sigma-indep_corr-0.5"
"subject81",0,0.041,"diablo-full","sim-data_n-100_effect-2_sigma-indep_corr-0.5"
"subject83",1,0.963,"diablo-full","sim-data_n-100_effect-2_sigma-indep_corr-0.5"
"subject86",0,0.058,"diablo-full","sim-data_n-100_effect-2_sigma-indep_corr-0.5"
"subject90",0,0.053,"diablo-full","sim-data_n-100_effect-2_sigma-indep_corr-0.5"
"subject95",0,0.044,"diablo-full","sim-data_n-100_effect-2_sigma-indep_corr-0.5"
"subject96",0,0.031,"diablo-full","sim-data_n-100_effect-2_sigma-indep_corr-0.5"
"patient-1",0,0.6,"diablo-full","rosmap"
"patient-2",1,0.68,"diablo-full","rosmap"
"patient-3",1,0.545,"diablo-full","rosmap"
"patient-7",1,0.775,"diablo-full","rosmap"
"patient-8",0,0.36,"diablo-full","rosmap"
"patient-9",0,0.314,"diablo-full","rosmap"
"patient-10",1,0.565,"diablo-full","rosmap"
"patient-12",0,0.485,"diablo-full","rosmap"
"patient-13",1,0.482,"diablo-full","rosmap"
"patient-14",1,0.65,"diablo-full","rosmap"
"patient-16",1,0.487,"diablo-full","rosmap"
"patient-19",1,0.739,"diablo-full","rosmap"
"patient-21",0,0.575,"diablo-full","rosmap"
"patient-23",1,0.684,"diablo-full","rosmap"
"patient-25",1,0.676,"diablo-full","rosmap"
"patient-26",1,0.731,"diablo-full","rosmap"
"patient-27",1,0.753,"diablo-full","rosmap"
"patient-31",0,0.441,"diablo-full","rosmap"
"patient-32",1,0.721,"diablo-full","rosmap"
"patient-33",0,0.422,"diablo-full","rosmap"
"patient-35",1,0.347,"diablo-full","rosmap"
"patient-39",1,0.328,"diablo-full","rosmap"
"patient-40",0,0.508,"diablo-full","rosmap"
"patient-42",1,0.684,"diablo-full","rosmap"
"patient-43",1,0.66,"diablo-full","rosmap"
"patient-45",0,0.24,"diablo-full","rosmap"
"patient-49",0,0.327,"diablo-full","rosmap"
"patient-50",0,0.39,"diablo-full","rosmap"
"patient-52",1,0.369,"diablo-full","rosmap"
"patient-54",0,0.606,"diablo-full","rosmap"
"patient-56",0,0.345,"diablo-full","rosmap"
"patient-57",0,0.392,"diablo-full","rosmap"
"patient-59",1,0.713,"diablo-full","rosmap"
"patient-60",1,0.702,"diablo-full","rosmap"
"patient-65",0,0.356,"diablo-full","rosmap"
"patient-66",0,0.453,"diablo-full","rosmap"
"patient-68",0,0.363,"diablo-full","rosmap"
"patient-70",1,0.498,"diablo-full","rosmap"
"patient-72",1,0.613,"diablo-full","rosmap"
"patient-77",0,0.499,"diablo-full","rosmap"
"patient-79",0,0.413,"diablo-full","rosmap"
"patient-84",1,0.422,"diablo-full","rosmap"
"patient-85",0,0.517,"diablo-full","rosmap"
"patient-86",1,0.473,"diablo-full","rosmap"
"patient-87",0,0.482,"diablo-full","rosmap"
"patient-89",0,0.566,"diablo-full","rosmap"
"patient-90",0,0.34,"diablo-full","rosmap"
"patient-91",0,0.406,"diablo-full","rosmap"
"patient-92",1,0.353,"diablo-full","rosmap"
"patient-95",0,0.423,"diablo-full","rosmap"
"patient-96",0,0.38,"diablo-full","rosmap"
"patient-97",1,0.52,"diablo-full","rosmap"
"patient-100",1,0.713,"diablo-full","rosmap"
"patient-104",1,0.507,"diablo-full","rosmap"
"patient-105",1,0.527,"diablo-full","rosmap"
"patient-107",0,0.357,"diablo-full","rosmap"
"patient-108",0,0.375,"diablo-full","rosmap"
"patient-111",0,0.409,"diablo-full","rosmap"
"patient-113",0,0.361,"diablo-full","rosmap"
"patient-114",0,0.504,"diablo-full","rosmap"
"patient-115",0,0.442,"diablo-full","rosmap"
"patient-116",1,0.628,"diablo-full","rosmap"
"patient-117",1,0.585,"diablo-full","rosmap"
"patient-118",1,0.37,"diablo-full","rosmap"
"patient-119",0,0.535,"diablo-full","rosmap"
"patient-121",0,0.287,"diablo-full","rosmap"
"patient-122",1,0.438,"diablo-full","rosmap"
"patient-123",1,0.68,"diablo-full","rosmap"
"patient-127",1,0.423,"diablo-full","rosmap"
"patient-130",0,0.444,"diablo-full","rosmap"
"patient-132",1,0.476,"diablo-full","rosmap"
"patient-133",1,0.725,"diablo-full","rosmap"
"patient-137",0,0.564,"diablo-full","rosmap"
"patient-138",0,0.515,"diablo-full","rosmap"
"patient-139",1,0.545,"diablo-full","rosmap"
"patient-142",0,0.28,"diablo-full","rosmap"
"patient-146",1,0.547,"diablo-full","rosmap"
"patient-147",0,0.395,"diablo-full","rosmap"
"patient-148",0,0.383,"diablo-full","rosmap"
"patient-149",1,0.396,"diablo-full","rosmap"
"patient-154",1,0.491,"diablo-full","rosmap"
"patient-156",1,0.485,"diablo-full","rosmap"
"patient-158",0,0.525,"diablo-full","rosmap"
"patient-161",0,0.561,"diablo-full","rosmap"
"patient-162",1,0.478,"diablo-full","rosmap"
"patient-168",1,0.647,"diablo-full","rosmap"
"patient-171",1,0.57,"diablo-full","rosmap"
"patient-172",1,0.523,"diablo-full","rosmap"
"patient-175",0,0.515,"diablo-full","rosmap"
"patient-176",0,0.62,"diablo-full","rosmap"
"patient-177",1,0.686,"diablo-full","rosmap"
"patient-178",1,0.485,"diablo-full","rosmap"
"patient-180",1,0.635,"diablo-full","rosmap"
"patient-181",0,0.441,"diablo-full","rosmap"
"patient-183",1,0.445,"diablo-full","rosmap"
"patient-185",1,0.739,"diablo-full","rosmap"
"patient-188",1,0.329,"diablo-full","rosmap"
"patient-190",0,0.597,"diablo-full","rosmap"
"patient-191",1,0.496,"diablo-full","rosmap"
"patient-193",0,0.364,"diablo-full","rosmap"
"patient-194",1,0.421,"diablo-full","rosmap"
"patient-195",1,0.618,"diablo-full","rosmap"
"patient-199",1,0.416,"diablo-full","rosmap"
"patient-201",1,0.703,"diablo-full","rosmap"
"patient-202",1,0.756,"diablo-full","rosmap"
"patient-203",0,0.412,"diablo-full","rosmap"
"patient-205",0,0.33,"diablo-full","rosmap"
"patient-210",1,0.655,"diablo-full","rosmap"
"patient-211",1,0.328,"diablo-full","rosmap"
"patient-212",1,0.414,"diablo-full","rosmap"
"patient-214",1,0.753,"diablo-full","rosmap"
"patient-216",1,0.66,"diablo-full","rosmap"
"patient-218",0,0.448,"diablo-full","rosmap"
"patient-219",0,0.184,"diablo-full","rosmap"
"patient-220",1,0.937,"diablo-full","rosmap"
"patient-221",1,0.802,"diablo-full","rosmap"
"patient-224",1,0.303,"diablo-full","rosmap"
"patient-225",0,0.281,"diablo-full","rosmap"
"patient-228",1,0.499,"diablo-full","rosmap"
"patient-229",0,0.495,"diablo-full","rosmap"
"patient-231",1,0.523,"diablo-full","rosmap"
"patient-232",1,0.676,"diablo-full","rosmap"
"patient-236",0,0.421,"diablo-full","rosmap"
"patient-238",1,0.313,"diablo-full","rosmap"
"patient-239",0,0.269,"diablo-full","rosmap"
"patient-240",0,0.392,"diablo-full","rosmap"
"patient-241",0,0.411,"diablo-full","rosmap"
"patient-242",1,0.392,"diablo-full","rosmap"
"patient-243",0,0.472,"diablo-full","rosmap"
"patient-244",1,0.421,"diablo-full","rosmap"
"patient-245",1,0.522,"diablo-full","rosmap"
"patient-248",0,0.31,"diablo-full","rosmap"
"patient-249",0,0.589,"diablo-full","rosmap"
"patient-256",0,0.489,"diablo-full","rosmap"
"patient-257",1,0.53,"diablo-full","rosmap"
"patient-260",0,0.542,"diablo-full","rosmap"
"patient-264",1,0.977,"diablo-full","rosmap"
"patient-266",0,0.328,"diablo-full","rosmap"
"patient-267",1,0.712,"diablo-full","rosmap"
"patient-270",1,0.589,"diablo-full","rosmap"
"patient-273",0,0.467,"diablo-full","rosmap"
"patient-275",0,0.526,"diablo-full","rosmap"
"patient-276",1,0.671,"diablo-full","rosmap"
"patient-280",1,0.394,"diablo-full","rosmap"
"patient-281",1,0.468,"diablo-full","rosmap"
"patient-283",1,0.717,"diablo-full","rosmap"
"patient-288",0,0.529,"diablo-full","rosmap"
"patient-290",0,0.463,"diablo-full","rosmap"
"patient-291",0,0.463,"diablo-full","rosmap"
"patient-292",0,0.461,"diablo-full","rosmap"
"patient-293",0,0.512,"diablo-full","rosmap"
"patient-298",0,0.376,"diablo-full","rosmap"
"patient-300",0,0.352,"diablo-full","rosmap"
"patient-301",0,0.282,"diablo-full","rosmap"
"patient-305",1,0.346,"diablo-full","rosmap"
"patient-310",0,0.473,"diablo-full","rosmap"
"patient-312",0,0.18,"diablo-full","rosmap"
"patient-313",1,0.413,"diablo-full","rosmap"
"patient-316",1,0.372,"diablo-full","rosmap"
"patient-317",1,0.769,"diablo-full","rosmap"
"patient-320",0,0.515,"diablo-full","rosmap"
"patient-321",1,0.564,"diablo-full","rosmap"
"patient-324",0,0.428,"diablo-full","rosmap"
"patient-325",1,0.615,"diablo-full","rosmap"
"patient-326",0,0.317,"diablo-full","rosmap"
"patient-333",1,0.417,"diablo-full","rosmap"
"patient-335",0,0.442,"diablo-full","rosmap"
"patient-338",0,0.632,"diablo-full","rosmap"
"patient-339",0,0.53,"diablo-full","rosmap"
"patient-341",1,0.387,"diablo-full","rosmap"
"patient-342",0,0.388,"diablo-full","rosmap"
"patient-344",1,0.715,"diablo-full","rosmap"
"patient-348",0,0.326,"diablo-full","rosmap"
"patient-349",0,0.271,"diablo-full","rosmap"
"patient-351",1,0.577,"diablo-full","rosmap"
"TCGA.DJ.A2PR",0,0.348,"diablo-full","tcga-thca"
"TCGA.EL.A3CR",1,0.389,"diablo-full","tcga-thca"
"TCGA.EL.A3D5",0,0.249,"diablo-full","tcga-thca"
"TCGA.EL.A3H2",0,0.221,"diablo-full","tcga-thca"
"TCGA.EL.A3H8",0,0.343,"diablo-full","tcga-thca"
"TCGA.EL.A3MY",1,0.45,"diablo-full","tcga-thca"
"TCGA.EL.A3N3",0,0.413,"diablo-full","tcga-thca"
"TCGA.ET.A3BV",1,0.472,"diablo-full","tcga-thca"
"TCGA.J8.A3NZ",1,0.371,"diablo-full","tcga-thca"
"TCGA.BJ.A0YZ",0,0.248,"diablo-full","tcga-thca"
"TCGA.BJ.A0Z0",0,0.175,"diablo-full","tcga-thca"
"TCGA.BJ.A0Z2",1,0.208,"diablo-full","tcga-thca"
"TCGA.BJ.A0Z5",1,0.326,"diablo-full","tcga-thca"
"TCGA.BJ.A0ZE",1,0.218,"diablo-full","tcga-thca"
"TCGA.BJ.A18Y",0,0.234,"diablo-full","tcga-thca"
"TCGA.BJ.A18Z",1,0.422,"diablo-full","tcga-thca"
"TCGA.BJ.A190",0,0.198,"diablo-full","tcga-thca"
"TCGA.BJ.A191",0,0.288,"diablo-full","tcga-thca"
"TCGA.BJ.A192",1,0.283,"diablo-full","tcga-thca"
"TCGA.BJ.A28R",0,0.375,"diablo-full","tcga-thca"
"TCGA.BJ.A28S",0,0.219,"diablo-full","tcga-thca"
"TCGA.BJ.A28T",0,0.372,"diablo-full","tcga-thca"
"TCGA.BJ.A28V",1,0.158,"diablo-full","tcga-thca"
"TCGA.BJ.A28W",0,0.387,"diablo-full","tcga-thca"
"TCGA.BJ.A28Z",1,0.423,"diablo-full","tcga-thca"
"TCGA.BJ.A2N7",0,0.261,"diablo-full","tcga-thca"
"TCGA.BJ.A2N9",0,0.213,"diablo-full","tcga-thca"
"TCGA.BJ.A2NA",1,0.376,"diablo-full","tcga-thca"
"TCGA.BJ.A2P4",0,0.216,"diablo-full","tcga-thca"
"TCGA.CE.A27D",0,0.325,"diablo-full","tcga-thca"
"TCGA.DE.A2OL",0,0.151,"diablo-full","tcga-thca"
"TCGA.DJ.A13M",0,0.207,"diablo-full","tcga-thca"
"TCGA.DJ.A13O",0,0.357,"diablo-full","tcga-thca"
"TCGA.DJ.A13W",0,0.175,"diablo-full","tcga-thca"
"TCGA.DJ.A13X",1,0.316,"diablo-full","tcga-thca"
"TCGA.DJ.A1QD",0,0.384,"diablo-full","tcga-thca"
"TCGA.DJ.A1QE",1,0.406,"diablo-full","tcga-thca"
"TCGA.DJ.A1QG",0,0.302,"diablo-full","tcga-thca"
"TCGA.DJ.A1QL",0,0.174,"diablo-full","tcga-thca"
"TCGA.DJ.A1QO",1,0.399,"diablo-full","tcga-thca"
"TCGA.DJ.A2PP",0,0.24,"diablo-full","tcga-thca"
"TCGA.DJ.A2PQ",0,0.33,"diablo-full","tcga-thca"
"TCGA.DJ.A2PW",1,0.372,"diablo-full","tcga-thca"
"TCGA.DJ.A2PY",1,0.418,"diablo-full","tcga-thca"
"TCGA.DJ.A2PZ",1,0.35,"diablo-full","tcga-thca"
"TCGA.DJ.A2Q0",0,0.272,"diablo-full","tcga-thca"
"TCGA.DJ.A2Q1",0,0.423,"diablo-full","tcga-thca"
"TCGA.DJ.A2Q6",0,0.369,"diablo-full","tcga-thca"
"TCGA.DJ.A2Q9",1,0.42,"diablo-full","tcga-thca"
"TCGA.DJ.A2QB",1,0.269,"diablo-full","tcga-thca"
"TCGA.E8.A2EA",0,0.395,"diablo-full","tcga-thca"
"TCGA.E8.A2JQ",0,0.432,"diablo-full","tcga-thca"
"TCGA.EL.A3CM",1,0.426,"diablo-full","tcga-thca"
"TCGA.EL.A3CV",0,0.426,"diablo-full","tcga-thca"
"TCGA.EL.A3CX",0,0.302,"diablo-full","tcga-thca"
"TCGA.EL.A3D6",1,0.433,"diablo-full","tcga-thca"
"TCGA.EL.A3GO",0,0.233,"diablo-full","tcga-thca"
"TCGA.EL.A3GR",0,0.373,"diablo-full","tcga-thca"
"TCGA.EL.A3GS",0,0.353,"diablo-full","tcga-thca"
"TCGA.EL.A3GV",1,0.354,"diablo-full","tcga-thca"
"TCGA.EL.A3GW",0,0.254,"diablo-full","tcga-thca"
"TCGA.EL.A3GX",0,0.397,"diablo-full","tcga-thca"
"TCGA.EL.A3H3",0,0.376,"diablo-full","tcga-thca"
"TCGA.EL.A3H4",1,0.354,"diablo-full","tcga-thca"
"TCGA.EL.A3H7",0,0.425,"diablo-full","tcga-thca"
"TCGA.EM.A1CT",1,0.349,"diablo-full","tcga-thca"
"TCGA.EM.A1CU",0,0.369,"diablo-full","tcga-thca"
"TCGA.EM.A1CW",0,0.273,"diablo-full","tcga-thca"
"TCGA.EM.A1YB",0,0.262,"diablo-full","tcga-thca"
"TCGA.EM.A1YE",0,0.212,"diablo-full","tcga-thca"
"TCGA.EM.A22J",0,0.236,"diablo-full","tcga-thca"
"TCGA.EM.A22M",0,0.389,"diablo-full","tcga-thca"
"TCGA.EM.A22O",1,0.35,"diablo-full","tcga-thca"
"TCGA.EM.A2CJ",0,0.207,"diablo-full","tcga-thca"
"TCGA.EM.A2CK",0,0.195,"diablo-full","tcga-thca"
"TCGA.EM.A2CL",0,0.159,"diablo-full","tcga-thca"
"TCGA.EM.A2CP",0,0.309,"diablo-full","tcga-thca"
"TCGA.EM.A2CQ",0,0.229,"diablo-full","tcga-thca"
"TCGA.EM.A2CR",0,0.292,"diablo-full","tcga-thca"
"TCGA.EM.A2CS",1,0.348,"diablo-full","tcga-thca"
"TCGA.EM.A2CU",1,0.324,"diablo-full","tcga-thca"
"TCGA.EM.A3AI",0,0.202,"diablo-full","tcga-thca"
"TCGA.EM.A3AN",0,0.327,"diablo-full","tcga-thca"
"TCGA.EM.A3FJ",0,0.342,"diablo-full","tcga-thca"
"TCGA.EM.A3FN",0,0.195,"diablo-full","tcga-thca"
"TCGA.EM.A3FO",0,0.351,"diablo-full","tcga-thca"
"TCGA.ET.A25G",1,0.402,"diablo-full","tcga-thca"
"TCGA.ET.A2N5",1,0.215,"diablo-full","tcga-thca"
"TCGA.ET.A39J",0,0.326,"diablo-full","tcga-thca"
"TCGA.ET.A39L",0,0.281,"diablo-full","tcga-thca"
"TCGA.ET.A39M",0,0.382,"diablo-full","tcga-thca"
"TCGA.ET.A39P",1,0.363,"diablo-full","tcga-thca"
"TCGA.ET.A39R",0,0.362,"diablo-full","tcga-thca"
"TCGA.ET.A3BS",0,0.387,"diablo-full","tcga-thca"
"TCGA.ET.A3BT",1,0.396,"diablo-full","tcga-thca"
"TCGA.ET.A3BU",0,0.34,"diablo-full","tcga-thca"
"TCGA.ET.A3BX",0,0.387,"diablo-full","tcga-thca"
"TCGA.ET.A3DS",0,0.265,"diablo-full","tcga-thca"
"TCGA.ET.A3DW",1,0.373,"diablo-full","tcga-thca"
"TCGA.FE.A22Z",1,0.433,"diablo-full","tcga-thca"
"TCGA.FE.A230",0,0.375,"diablo-full","tcga-thca"
"TCGA.FE.A232",0,0.344,"diablo-full","tcga-thca"
"TCGA.FE.A233",0,0.36,"diablo-full","tcga-thca"
"TCGA.FE.A237",0,0.392,"diablo-full","tcga-thca"
"TCGA.FE.A23A",0,0.398,"diablo-full","tcga-thca"
"TCGA.FY.A3BL",0,0.344,"diablo-full","tcga-thca"
"TCGA.GE.A2C6",0,0.404,"diablo-full","tcga-thca"
"TCGA.J8.A3O1",0,0.356,"diablo-full","tcga-thca"
"subject1",1,0.939,"diablo-full","sim-data_n-100_effect-2_sigma-indep_corr-0"
"subject7",1,0.956,"diablo-full","sim-data_n-100_effect-2_sigma-indep_corr-0"
"subject8",0,0.036,"diablo-full","sim-data_n-100_effect-2_sigma-indep_corr-0"
"subject12",1,0.973,"diablo-full","sim-data_n-100_effect-2_sigma-indep_corr-0"
"subject16",1,0.982,"diablo-full","sim-data_n-100_effect-2_sigma-indep_corr-0"
"subject21",0,-0.002,"diablo-full","sim-data_n-100_effect-2_sigma-indep_corr-0"
"subject24",0,0.034,"diablo-full","sim-data_n-100_effect-2_sigma-indep_corr-0"
"subject25",1,0.962,"diablo-full","sim-data_n-100_effect-2_sigma-indep_corr-0"
"subject27",0,0.04,"diablo-full","sim-data_n-100_effect-2_sigma-indep_corr-0"
"subject28",0,0.068,"diablo-full","sim-data_n-100_effect-2_sigma-indep_corr-0"
"subject32",0,0.04,"diablo-full","sim-data_n-100_effect-2_sigma-indep_corr-0"
"subject38",0,0.033,"diablo-full","sim-data_n-100_effect-2_sigma-indep_corr-0"
"subject40",0,0.058,"diablo-full","sim-data_n-100_effect-2_sigma-indep_corr-0"
"subject43",0,0.026,"diablo-full","sim-data_n-100_effect-2_sigma-indep_corr-0"
"subject45",0,0.017,"diablo-full","sim-data_n-100_effect-2_sigma-indep_corr-0"
"subject46",1,0.941,"diablo-full","sim-data_n-100_effect-2_sigma-indep_corr-0"
"subject47",1,0.963,"diablo-full","sim-data_n-100_effect-2_sigma-indep_corr-0"
"subject51",0,0.072,"diablo-full","sim-data_n-100_effect-2_sigma-indep_corr-0"
"subject55",0,0.066,"diablo-full","sim-data_n-100_effect-2_sigma-indep_corr-0"
"subject59",1,0.967,"diablo-full","sim-data_n-100_effect-2_sigma-indep_corr-0"
"subject60",0,0.027,"diablo-full","sim-data_n-100_effect-2_sigma-indep_corr-0"
"subject68",1,0.94,"diablo-full","sim-data_n-100_effect-2_sigma-indep_corr-0"
"subject71",0,0.016,"diablo-full","sim-data_n-100_effect-2_sigma-indep_corr-0"
"subject72",1,0.936,"diablo-full","sim-data_n-100_effect-2_sigma-indep_corr-0"
"subject75",0,0.057,"diablo-full","sim-data_n-100_effect-2_sigma-indep_corr-0"
"subject79",0,0.021,"diablo-full","sim-data_n-100_effect-2_sigma-indep_corr-0"
"subject81",1,0.976,"diablo-full","sim-data_n-100_effect-2_sigma-indep_corr-0"
"subject82",1,0.945,"diablo-full","sim-data_n-100_effect-2_sigma-indep_corr-0"
"subject88",1,0.947,"diablo-full","sim-data_n-100_effect-2_sigma-indep_corr-0"
"subject91",1,0.928,"diablo-full","sim-data_n-100_effect-2_sigma-indep_corr-0"
"subject3",0,0.017,"diablo-full","sim-data_n-100_effect-2_sigma-indep_corr-1"
"subject4",0,0.059,"diablo-full","sim-data_n-100_effect-2_sigma-indep_corr-1"
"subject5",1,0.962,"diablo-full","sim-data_n-100_effect-2_sigma-indep_corr-1"
"subject9",1,0.927,"diablo-full","sim-data_n-100_effect-2_sigma-indep_corr-1"
"subject16",1,0.947,"diablo-full","sim-data_n-100_effect-2_sigma-indep_corr-1"
"subject19",0,0.012,"diablo-full","sim-data_n-100_effect-2_sigma-indep_corr-1"
"subject22",1,0.952,"diablo-full","sim-data_n-100_effect-2_sigma-indep_corr-1"
"subject23",1,0.923,"diablo-full","sim-data_n-100_effect-2_sigma-indep_corr-1"
"subject26",0,0.031,"diablo-full","sim-data_n-100_effect-2_sigma-indep_corr-1"
"subject34",1,0.982,"diablo-full","sim-data_n-100_effect-2_sigma-indep_corr-1"
"subject37",1,0.936,"diablo-full","sim-data_n-100_effect-2_sigma-indep_corr-1"
"subject38",0,0.019,"diablo-full","sim-data_n-100_effect-2_sigma-indep_corr-1"
"subject41",0,0.049,"diablo-full","sim-data_n-100_effect-2_sigma-indep_corr-1"
"subject45",0,0.048,"diablo-full","sim-data_n-100_effect-2_sigma-indep_corr-1"
"subject50",0,0.026,"diablo-full","sim-data_n-100_effect-2_sigma-indep_corr-1"
"subject53",0,0.042,"diablo-full","sim-data_n-100_effect-2_sigma-indep_corr-1"
"subject54",1,0.913,"diablo-full","sim-data_n-100_effect-2_sigma-indep_corr-1"
"subject67",1,0.968,"diablo-full","sim-data_n-100_effect-2_sigma-indep_corr-1"
"subject68",0,0.007,"diablo-full","sim-data_n-100_effect-2_sigma-indep_corr-1"
"subject71",1,0.923,"diablo-full","sim-data_n-100_effect-2_sigma-indep_corr-1"
"subject72",0,0.038,"diablo-full","sim-data_n-100_effect-2_sigma-indep_corr-1"
"subject74",0,0.033,"diablo-full","sim-data_n-100_effect-2_sigma-indep_corr-1"
"subject76",1,0.95,"diablo-full","sim-data_n-100_effect-2_sigma-indep_corr-1"
"subject81",1,0.902,"diablo-full","sim-data_n-100_effect-2_sigma-indep_corr-1"
"subject85",1,0.94,"diablo-full","sim-data_n-100_effect-2_sigma-indep_corr-1"
"subject89",0,-0.012,"diablo-full","sim-data_n-100_effect-2_sigma-indep_corr-1"
"subject91",1,0.935,"diablo-full","sim-data_n-100_effect-2_sigma-indep_corr-1"
"subject92",0,0.008,"diablo-full","sim-data_n-100_effect-2_sigma-indep_corr-1"
"subject99",1,0.95,"diablo-full","sim-data_n-100_effect-2_sigma-indep_corr-1"
"subject100",1,0.967,"diablo-full","sim-data_n-100_effect-2_sigma-indep_corr-1"
"10094010",1,0.63,"diablo-full","GSE71669"
"30110214",0,1731263643236.81,"diablo-full","GSE71669"
"30109911",1,0.528,"diablo-full","GSE71669"
"30106619",0,2586863858025.2,"diablo-full","GSE71669"
"10093210",1,-15902871959900,"diablo-full","GSE71669"
"30106712",0,0.744,"diablo-full","GSE71669"
"10094410",0,-0.144,"diablo-full","GSE71669"
"10094910",1,0.433,"diablo-full","GSE71669"
"10093310",1,0.517,"diablo-full","GSE71669"
"10090210",1,0.614,"diablo-full","GSE71669"
"10090910",0,0.383,"diablo-full","GSE71669"
"30107610",0,0.32,"diablo-full","GSE71669"
"10090110",0,0.544,"diablo-full","GSE71669"
"10093010",0,0.45,"diablo-full","GSE71669"
"10093710",0,0.048,"diablo-full","GSE71669"
"10090510",0,-10752810372618,"diablo-full","GSE71669"
"30108817",1,-4.346,"diablo-full","GSE71669"
"subject5",0,0.065,"diablo-full","sim-data_n-50_effect-2_sigma-def_corr-0"
"subject7",1,0.949,"diablo-full","sim-data_n-50_effect-2_sigma-def_corr-0"
"subject13",0,0.08,"diablo-full","sim-data_n-50_effect-2_sigma-def_corr-0"
"subject22",1,0.94,"diablo-full","sim-data_n-50_effect-2_sigma-def_corr-0"
"subject23",1,0.882,"diablo-full","sim-data_n-50_effect-2_sigma-def_corr-0"
"subject24",1,0.872,"diablo-full","sim-data_n-50_effect-2_sigma-def_corr-0"
"subject26",0,0.013,"diablo-full","sim-data_n-50_effect-2_sigma-def_corr-0"
"subject31",1,0.838,"diablo-full","sim-data_n-50_effect-2_sigma-def_corr-0"
"subject32",0,0.067,"diablo-full","sim-data_n-50_effect-2_sigma-def_corr-0"
"subject36",1,0.888,"diablo-full","sim-data_n-50_effect-2_sigma-def_corr-0"
"subject38",1,0.891,"diablo-full","sim-data_n-50_effect-2_sigma-def_corr-0"
"subject40",1,0.978,"diablo-full","sim-data_n-50_effect-2_sigma-def_corr-0"
"subject44",0,0.102,"diablo-full","sim-data_n-50_effect-2_sigma-def_corr-0"
"subject47",0,0.075,"diablo-full","sim-data_n-50_effect-2_sigma-def_corr-0"
"subject49",1,1.005,"diablo-full","sim-data_n-50_effect-2_sigma-def_corr-0"
"subject1",1,0.965,"diablo-full","sim-data_n-100_effect-2_sigma-indep_corr-1"
"subject6",0,0.06,"diablo-full","sim-data_n-100_effect-2_sigma-indep_corr-1"
"subject7",1,0.96,"diablo-full","sim-data_n-100_effect-2_sigma-indep_corr-1"
"subject14",1,0.949,"diablo-full","sim-data_n-100_effect-2_sigma-indep_corr-1"
"subject21",1,0.961,"diablo-full","sim-data_n-100_effect-2_sigma-indep_corr-1"
"subject25",1,1,"diablo-full","sim-data_n-100_effect-2_sigma-indep_corr-1"
"subject28",0,0.026,"diablo-full","sim-data_n-100_effect-2_sigma-indep_corr-1"
"subject29",1,0.996,"diablo-full","sim-data_n-100_effect-2_sigma-indep_corr-1"
"subject30",0,0.042,"diablo-full","sim-data_n-100_effect-2_sigma-indep_corr-1"
"subject32",0,0.051,"diablo-full","sim-data_n-100_effect-2_sigma-indep_corr-1"
"subject35",0,0.04,"diablo-full","sim-data_n-100_effect-2_sigma-indep_corr-1"
"subject39",1,0.978,"diablo-full","sim-data_n-100_effect-2_sigma-indep_corr-1"
"subject43",0,0.036,"diablo-full","sim-data_n-100_effect-2_sigma-indep_corr-1"
"subject44",1,0.96,"diablo-full","sim-data_n-100_effect-2_sigma-indep_corr-1"
"subject46",1,1.016,"diablo-full","sim-data_n-100_effect-2_sigma-indep_corr-1"
"subject47",1,0.999,"diablo-full","sim-data_n-100_effect-2_sigma-indep_corr-1"
"subject49",0,0.041,"diablo-full","sim-data_n-100_effect-2_sigma-indep_corr-1"
"subject51",0,0.025,"diablo-full","sim-data_n-100_effect-2_sigma-indep_corr-1"
"subject52",0,0.05,"diablo-full","sim-data_n-100_effect-2_sigma-indep_corr-1"
"subject59",1,0.989,"diablo-full","sim-data_n-100_effect-2_sigma-indep_corr-1"
"subject63",1,0.96,"diablo-full","sim-data_n-100_effect-2_sigma-indep_corr-1"
"subject75",0,0.069,"diablo-full","sim-data_n-100_effect-2_sigma-indep_corr-1"
"subject77",0,0.043,"diablo-full","sim-data_n-100_effect-2_sigma-indep_corr-1"
"subject80",0,0.032,"diablo-full","sim-data_n-100_effect-2_sigma-indep_corr-1"
"subject83",0,0.013,"diablo-full","sim-data_n-100_effect-2_sigma-indep_corr-1"
"subject86",0,0.045,"diablo-full","sim-data_n-100_effect-2_sigma-indep_corr-1"
"subject87",0,0.021,"diablo-full","sim-data_n-100_effect-2_sigma-indep_corr-1"
"subject88",0,0.026,"diablo-full","sim-data_n-100_effect-2_sigma-indep_corr-1"
"subject93",1,0.973,"diablo-full","sim-data_n-100_effect-2_sigma-indep_corr-1"
"subject96",1,0.923,"diablo-full","sim-data_n-100_effect-2_sigma-indep_corr-1"
"subject1",1,1.029,"diablo-full","sim-data_n-500_effect-2_sigma-indep_corr-0"
"subject2",0,-0.016,"diablo-full","sim-data_n-500_effect-2_sigma-indep_corr-0"
"subject5",1,0.944,"diablo-full","sim-data_n-500_effect-2_sigma-indep_corr-0"
"subject7",1,1,"diablo-full","sim-data_n-500_effect-2_sigma-indep_corr-0"
"subject8",1,0.992,"diablo-full","sim-data_n-500_effect-2_sigma-indep_corr-0"
"subject10",1,0.994,"diablo-full","sim-data_n-500_effect-2_sigma-indep_corr-0"
"subject22",1,1.017,"diablo-full","sim-data_n-500_effect-2_sigma-indep_corr-0"
"subject26",0,0.004,"diablo-full","sim-data_n-500_effect-2_sigma-indep_corr-0"
"subject27",1,0.973,"diablo-full","sim-data_n-500_effect-2_sigma-indep_corr-0"
"subject31",0,0.008,"diablo-full","sim-data_n-500_effect-2_sigma-indep_corr-0"
"subject32",0,0.028,"diablo-full","sim-data_n-500_effect-2_sigma-indep_corr-0"
"subject33",1,1.032,"diablo-full","sim-data_n-500_effect-2_sigma-indep_corr-0"
"subject34",1,0.991,"diablo-full","sim-data_n-500_effect-2_sigma-indep_corr-0"
"subject36",1,0.964,"diablo-full","sim-data_n-500_effect-2_sigma-indep_corr-0"
"subject37",1,0.967,"diablo-full","sim-data_n-500_effect-2_sigma-indep_corr-0"
"subject40",0,-0.011,"diablo-full","sim-data_n-500_effect-2_sigma-indep_corr-0"
"subject42",1,1.016,"diablo-full","sim-data_n-500_effect-2_sigma-indep_corr-0"
"subject44",0,-0.006,"diablo-full","sim-data_n-500_effect-2_sigma-indep_corr-0"
"subject47",1,0.998,"diablo-full","sim-data_n-500_effect-2_sigma-indep_corr-0"
"subject52",0,0.006,"diablo-full","sim-data_n-500_effect-2_sigma-indep_corr-0"
"subject68",1,1.011,"diablo-full","sim-data_n-500_effect-2_sigma-indep_corr-0"
"subject69",0,0.01,"diablo-full","sim-data_n-500_effect-2_sigma-indep_corr-0"
"subject76",1,0.981,"diablo-full","sim-data_n-500_effect-2_sigma-indep_corr-0"
"subject80",0,0.011,"diablo-full","sim-data_n-500_effect-2_sigma-indep_corr-0"
"subject81",1,0.987,"diablo-full","sim-data_n-500_effect-2_sigma-indep_corr-0"
"subject83",1,0.968,"diablo-full","sim-data_n-500_effect-2_sigma-indep_corr-0"
"subject85",1,0.983,"diablo-full","sim-data_n-500_effect-2_sigma-indep_corr-0"
"subject87",1,1.015,"diablo-full","sim-data_n-500_effect-2_sigma-indep_corr-0"
"subject88",0,0.017,"diablo-full","sim-data_n-500_effect-2_sigma-indep_corr-0"
"subject96",1,0.987,"diablo-full","sim-data_n-500_effect-2_sigma-indep_corr-0"
"subject97",1,1.002,"diablo-full","sim-data_n-500_effect-2_sigma-indep_corr-0"
"subject101",1,0.993,"diablo-full","sim-data_n-500_effect-2_sigma-indep_corr-0"
"subject102",0,0.029,"diablo-full","sim-data_n-500_effect-2_sigma-indep_corr-0"
"subject112",1,0.98,"diablo-full","sim-data_n-500_effect-2_sigma-indep_corr-0"
"subject115",0,-0.024,"diablo-full","sim-data_n-500_effect-2_sigma-indep_corr-0"
"subject116",1,1.008,"diablo-full","sim-data_n-500_effect-2_sigma-indep_corr-0"
"subject120",1,1.007,"diablo-full","sim-data_n-500_effect-2_sigma-indep_corr-0"
"subject122",0,-0.01,"diablo-full","sim-data_n-500_effect-2_sigma-indep_corr-0"
"subject124",1,1.011,"diablo-full","sim-data_n-500_effect-2_sigma-indep_corr-0"
"subject125",0,0.032,"diablo-full","sim-data_n-500_effect-2_sigma-indep_corr-0"
"subject127",0,-0.033,"diablo-full","sim-data_n-500_effect-2_sigma-indep_corr-0"
"subject132",0,-0.002,"diablo-full","sim-data_n-500_effect-2_sigma-indep_corr-0"
"subject136",0,0.035,"diablo-full","sim-data_n-500_effect-2_sigma-indep_corr-0"
"subject141",1,1.015,"diablo-full","sim-data_n-500_effect-2_sigma-indep_corr-0"
"subject142",0,0,"diablo-full","sim-data_n-500_effect-2_sigma-indep_corr-0"
"subject143",1,0.973,"diablo-full","sim-data_n-500_effect-2_sigma-indep_corr-0"
"subject152",1,1.001,"diablo-full","sim-data_n-500_effect-2_sigma-indep_corr-0"
"subject154",0,0.033,"diablo-full","sim-data_n-500_effect-2_sigma-indep_corr-0"
"subject155",1,0.949,"diablo-full","sim-data_n-500_effect-2_sigma-indep_corr-0"
"subject158",0,0.02,"diablo-full","sim-data_n-500_effect-2_sigma-indep_corr-0"
"subject160",1,0.957,"diablo-full","sim-data_n-500_effect-2_sigma-indep_corr-0"
"subject167",1,1.002,"diablo-full","sim-data_n-500_effect-2_sigma-indep_corr-0"
"subject170",0,0,"diablo-full","sim-data_n-500_effect-2_sigma-indep_corr-0"
"subject171",1,0.974,"diablo-full","sim-data_n-500_effect-2_sigma-indep_corr-0"
"subject174",1,0.998,"diablo-full","sim-data_n-500_effect-2_sigma-indep_corr-0"
"subject176",0,-0.001,"diablo-full","sim-data_n-500_effect-2_sigma-indep_corr-0"
"subject178",0,0.051,"diablo-full","sim-data_n-500_effect-2_sigma-indep_corr-0"
"subject183",1,1,"diablo-full","sim-data_n-500_effect-2_sigma-indep_corr-0"
"subject186",1,1.011,"diablo-full","sim-data_n-500_effect-2_sigma-indep_corr-0"
"subject187",0,0.006,"diablo-full","sim-data_n-500_effect-2_sigma-indep_corr-0"
"subject193",0,0.013,"diablo-full","sim-data_n-500_effect-2_sigma-indep_corr-0"
"subject195",0,0.072,"diablo-full","sim-data_n-500_effect-2_sigma-indep_corr-0"
"subject199",0,-0.05,"diablo-full","sim-data_n-500_effect-2_sigma-indep_corr-0"
"subject202",0,0.029,"diablo-full","sim-data_n-500_effect-2_sigma-indep_corr-0"
"subject206",1,0.958,"diablo-full","sim-data_n-500_effect-2_sigma-indep_corr-0"
"subject215",0,-0.01,"diablo-full","sim-data_n-500_effect-2_sigma-indep_corr-0"
"subject218",0,0.019,"diablo-full","sim-data_n-500_effect-2_sigma-indep_corr-0"
"subject219",0,0.034,"diablo-full","sim-data_n-500_effect-2_sigma-indep_corr-0"
"subject227",0,0.001,"diablo-full","sim-data_n-500_effect-2_sigma-indep_corr-0"
"subject230",1,1.018,"diablo-full","sim-data_n-500_effect-2_sigma-indep_corr-0"
"subject233",1,0.998,"diablo-full","sim-data_n-500_effect-2_sigma-indep_corr-0"
"subject240",1,0.978,"diablo-full","sim-data_n-500_effect-2_sigma-indep_corr-0"
"subject243",0,0.05,"diablo-full","sim-data_n-500_effect-2_sigma-indep_corr-0"
"subject248",0,0.008,"diablo-full","sim-data_n-500_effect-2_sigma-indep_corr-0"
"subject252",0,0.041,"diablo-full","sim-data_n-500_effect-2_sigma-indep_corr-0"
"subject254",0,0.003,"diablo-full","sim-data_n-500_effect-2_sigma-indep_corr-0"
"subject256",1,1.04,"diablo-full","sim-data_n-500_effect-2_sigma-indep_corr-0"
"subject262",0,0.045,"diablo-full","sim-data_n-500_effect-2_sigma-indep_corr-0"
"subject271",0,-0.015,"diablo-full","sim-data_n-500_effect-2_sigma-indep_corr-0"
"subject273",0,-0.003,"diablo-full","sim-data_n-500_effect-2_sigma-indep_corr-0"
"subject276",0,0.03,"diablo-full","sim-data_n-500_effect-2_sigma-indep_corr-0"
"subject277",1,1.009,"diablo-full","sim-data_n-500_effect-2_sigma-indep_corr-0"
"subject279",0,0.035,"diablo-full","sim-data_n-500_effect-2_sigma-indep_corr-0"
"subject281",0,0.03,"diablo-full","sim-data_n-500_effect-2_sigma-indep_corr-0"
"subject289",0,-0.012,"diablo-full","sim-data_n-500_effect-2_sigma-indep_corr-0"
"subject292",1,0.961,"diablo-full","sim-data_n-500_effect-2_sigma-indep_corr-0"
"subject294",1,0.96,"diablo-full","sim-data_n-500_effect-2_sigma-indep_corr-0"
"subject295",0,0.002,"diablo-full","sim-data_n-500_effect-2_sigma-indep_corr-0"
"subject296",1,0.961,"diablo-full","sim-data_n-500_effect-2_sigma-indep_corr-0"
"subject297",1,0.978,"diablo-full","sim-data_n-500_effect-2_sigma-indep_corr-0"
"subject299",0,-0.043,"diablo-full","sim-data_n-500_effect-2_sigma-indep_corr-0"
"subject305",0,0.022,"diablo-full","sim-data_n-500_effect-2_sigma-indep_corr-0"
"subject310",1,1.035,"diablo-full","sim-data_n-500_effect-2_sigma-indep_corr-0"
"subject312",1,0.977,"diablo-full","sim-data_n-500_effect-2_sigma-indep_corr-0"
"subject314",1,1.008,"diablo-full","sim-data_n-500_effect-2_sigma-indep_corr-0"
"subject315",0,0.006,"diablo-full","sim-data_n-500_effect-2_sigma-indep_corr-0"
"subject316",0,-0.01,"diablo-full","sim-data_n-500_effect-2_sigma-indep_corr-0"
"subject317",1,1.005,"diablo-full","sim-data_n-500_effect-2_sigma-indep_corr-0"
"subject322",0,0.022,"diablo-full","sim-data_n-500_effect-2_sigma-indep_corr-0"
"subject323",1,0.981,"diablo-full","sim-data_n-500_effect-2_sigma-indep_corr-0"
"subject324",0,0.053,"diablo-full","sim-data_n-500_effect-2_sigma-indep_corr-0"
"subject325",1,1.03,"diablo-full","sim-data_n-500_effect-2_sigma-indep_corr-0"
"subject328",0,-0.002,"diablo-full","sim-data_n-500_effect-2_sigma-indep_corr-0"
"subject337",1,1.025,"diablo-full","sim-data_n-500_effect-2_sigma-indep_corr-0"
"subject339",0,0.015,"diablo-full","sim-data_n-500_effect-2_sigma-indep_corr-0"
"subject346",1,0.988,"diablo-full","sim-data_n-500_effect-2_sigma-indep_corr-0"
"subject348",0,-0.016,"diablo-full","sim-data_n-500_effect-2_sigma-indep_corr-0"
"subject351",1,1.007,"diablo-full","sim-data_n-500_effect-2_sigma-indep_corr-0"
"subject352",1,0.968,"diablo-full","sim-data_n-500_effect-2_sigma-indep_corr-0"
"subject363",0,-0.002,"diablo-full","sim-data_n-500_effect-2_sigma-indep_corr-0"
"subject365",1,0.999,"diablo-full","sim-data_n-500_effect-2_sigma-indep_corr-0"
"subject368",1,1.029,"diablo-full","sim-data_n-500_effect-2_sigma-indep_corr-0"
"subject371",1,0.947,"diablo-full","sim-data_n-500_effect-2_sigma-indep_corr-0"
"subject372",1,1.044,"diablo-full","sim-data_n-500_effect-2_sigma-indep_corr-0"
"subject379",0,-0.026,"diablo-full","sim-data_n-500_effect-2_sigma-indep_corr-0"
"subject385",0,-0.009,"diablo-full","sim-data_n-500_effect-2_sigma-indep_corr-0"
"subject392",1,0.969,"diablo-full","sim-data_n-500_effect-2_sigma-indep_corr-0"
"subject393",0,0.029,"diablo-full","sim-data_n-500_effect-2_sigma-indep_corr-0"
"subject394",0,0.004,"diablo-full","sim-data_n-500_effect-2_sigma-indep_corr-0"
"subject399",0,-0.035,"diablo-full","sim-data_n-500_effect-2_sigma-indep_corr-0"
"subject401",1,1.048,"diablo-full","sim-data_n-500_effect-2_sigma-indep_corr-0"
"subject404",0,-0.016,"diablo-full","sim-data_n-500_effect-2_sigma-indep_corr-0"
"subject405",1,0.942,"diablo-full","sim-data_n-500_effect-2_sigma-indep_corr-0"
"subject413",1,0.99,"diablo-full","sim-data_n-500_effect-2_sigma-indep_corr-0"
"subject414",1,0.967,"diablo-full","sim-data_n-500_effect-2_sigma-indep_corr-0"
"subject420",0,0.014,"diablo-full","sim-data_n-500_effect-2_sigma-indep_corr-0"
"subject423",0,0.019,"diablo-full","sim-data_n-500_effect-2_sigma-indep_corr-0"
"subject425",0,0.031,"diablo-full","sim-data_n-500_effect-2_sigma-indep_corr-0"
"subject427",1,0.976,"diablo-full","sim-data_n-500_effect-2_sigma-indep_corr-0"
"subject429",1,0.98,"diablo-full","sim-data_n-500_effect-2_sigma-indep_corr-0"
"subject431",1,1.007,"diablo-full","sim-data_n-500_effect-2_sigma-indep_corr-0"
"subject435",0,-0.033,"diablo-full","sim-data_n-500_effect-2_sigma-indep_corr-0"
"subject438",1,1.008,"diablo-full","sim-data_n-500_effect-2_sigma-indep_corr-0"
"subject439",1,0.984,"diablo-full","sim-data_n-500_effect-2_sigma-indep_corr-0"
"subject441",0,-0.017,"diablo-full","sim-data_n-500_effect-2_sigma-indep_corr-0"
"subject443",0,0.002,"diablo-full","sim-data_n-500_effect-2_sigma-indep_corr-0"
"subject450",1,0.967,"diablo-full","sim-data_n-500_effect-2_sigma-indep_corr-0"
"subject456",0,0.028,"diablo-full","sim-data_n-500_effect-2_sigma-indep_corr-0"
"subject467",0,0.049,"diablo-full","sim-data_n-500_effect-2_sigma-indep_corr-0"
"subject469",0,-0.01,"diablo-full","sim-data_n-500_effect-2_sigma-indep_corr-0"
"subject472",0,0.025,"diablo-full","sim-data_n-500_effect-2_sigma-indep_corr-0"
"subject478",1,1.005,"diablo-full","sim-data_n-500_effect-2_sigma-indep_corr-0"
"subject482",0,-0.017,"diablo-full","sim-data_n-500_effect-2_sigma-indep_corr-0"
"subject486",0,0.005,"diablo-full","sim-data_n-500_effect-2_sigma-indep_corr-0"
"subject488",0,-0.002,"diablo-full","sim-data_n-500_effect-2_sigma-indep_corr-0"
"subject490",1,0.987,"diablo-full","sim-data_n-500_effect-2_sigma-indep_corr-0"
"subject491",0,0.036,"diablo-full","sim-data_n-500_effect-2_sigma-indep_corr-0"
"subject492",1,0.988,"diablo-full","sim-data_n-500_effect-2_sigma-indep_corr-0"
"subject496",0,-0.014,"diablo-full","sim-data_n-500_effect-2_sigma-indep_corr-0"
"subject500",0,0.004,"diablo-full","sim-data_n-500_effect-2_sigma-indep_corr-0"
"subject1",0,0.067,"diablo-full","sim-data_n-50_effect-2_sigma-indep_corr-0.5"
"subject3",1,0.875,"diablo-full","sim-data_n-50_effect-2_sigma-indep_corr-0.5"
"subject7",0,0.066,"diablo-full","sim-data_n-50_effect-2_sigma-indep_corr-0.5"
"subject9",0,0.076,"diablo-full","sim-data_n-50_effect-2_sigma-indep_corr-0.5"
"subject14",1,0.963,"diablo-full","sim-data_n-50_effect-2_sigma-indep_corr-0.5"
"subject15",1,0.951,"diablo-full","sim-data_n-50_effect-2_sigma-indep_corr-0.5"
"subject17",1,0.961,"diablo-full","sim-data_n-50_effect-2_sigma-indep_corr-0.5"
"subject24",1,0.953,"diablo-full","sim-data_n-50_effect-2_sigma-indep_corr-0.5"
"subject26",0,0.108,"diablo-full","sim-data_n-50_effect-2_sigma-indep_corr-0.5"
"subject34",0,0.061,"diablo-full","sim-data_n-50_effect-2_sigma-indep_corr-0.5"
"subject37",1,0.969,"diablo-full","sim-data_n-50_effect-2_sigma-indep_corr-0.5"
"subject40",1,0.961,"diablo-full","sim-data_n-50_effect-2_sigma-indep_corr-0.5"
"subject42",0,0.08,"diablo-full","sim-data_n-50_effect-2_sigma-indep_corr-0.5"
"subject45",0,0.055,"diablo-full","sim-data_n-50_effect-2_sigma-indep_corr-0.5"
"subject49",0,0.065,"diablo-full","sim-data_n-50_effect-2_sigma-indep_corr-0.5"
"subject6",0,0.024,"diablo-full","sim-data_n-500_effect-2_sigma-def_corr-1"
"subject17",0,0.01,"diablo-full","sim-data_n-500_effect-2_sigma-def_corr-1"
"subject18",0,-0.092,"diablo-full","sim-data_n-500_effect-2_sigma-def_corr-1"
"subject19",1,0.98,"diablo-full","sim-data_n-500_effect-2_sigma-def_corr-1"
"subject20",0,0.045,"diablo-full","sim-data_n-500_effect-2_sigma-def_corr-1"
"subject24",0,0.01,"diablo-full","sim-data_n-500_effect-2_sigma-def_corr-1"
"subject25",0,0.074,"diablo-full","sim-data_n-500_effect-2_sigma-def_corr-1"
"subject27",1,0.939,"diablo-full","sim-data_n-500_effect-2_sigma-def_corr-1"
"subject34",0,0.077,"diablo-full","sim-data_n-500_effect-2_sigma-def_corr-1"
"subject35",0,0.112,"diablo-full","sim-data_n-500_effect-2_sigma-def_corr-1"
"subject53",1,0.915,"diablo-full","sim-data_n-500_effect-2_sigma-def_corr-1"
"subject56",0,0.065,"diablo-full","sim-data_n-500_effect-2_sigma-def_corr-1"
"subject58",1,0.98,"diablo-full","sim-data_n-500_effect-2_sigma-def_corr-1"
"subject63",0,-0.027,"diablo-full","sim-data_n-500_effect-2_sigma-def_corr-1"
"subject66",1,0.922,"diablo-full","sim-data_n-500_effect-2_sigma-def_corr-1"
"subject68",1,1.026,"diablo-full","sim-data_n-500_effect-2_sigma-def_corr-1"
"subject70",1,1.054,"diablo-full","sim-data_n-500_effect-2_sigma-def_corr-1"
"subject71",1,0.942,"diablo-full","sim-data_n-500_effect-2_sigma-def_corr-1"
"subject73",1,1.008,"diablo-full","sim-data_n-500_effect-2_sigma-def_corr-1"
"subject74",1,0.899,"diablo-full","sim-data_n-500_effect-2_sigma-def_corr-1"
"subject75",0,-0.066,"diablo-full","sim-data_n-500_effect-2_sigma-def_corr-1"
"subject81",1,0.948,"diablo-full","sim-data_n-500_effect-2_sigma-def_corr-1"
"subject83",1,0.942,"diablo-full","sim-data_n-500_effect-2_sigma-def_corr-1"
"subject86",1,1.009,"diablo-full","sim-data_n-500_effect-2_sigma-def_corr-1"
"subject89",1,0.881,"diablo-full","sim-data_n-500_effect-2_sigma-def_corr-1"
"subject95",0,-0.028,"diablo-full","sim-data_n-500_effect-2_sigma-def_corr-1"
"subject97",1,0.972,"diablo-full","sim-data_n-500_effect-2_sigma-def_corr-1"
"subject106",1,0.952,"diablo-full","sim-data_n-500_effect-2_sigma-def_corr-1"
"subject109",0,0.049,"diablo-full","sim-data_n-500_effect-2_sigma-def_corr-1"
"subject114",0,0.009,"diablo-full","sim-data_n-500_effect-2_sigma-def_corr-1"
"subject122",0,0.057,"diablo-full","sim-data_n-500_effect-2_sigma-def_corr-1"
"subject123",1,0.977,"diablo-full","sim-data_n-500_effect-2_sigma-def_corr-1"
"subject125",0,-0.056,"diablo-full","sim-data_n-500_effect-2_sigma-def_corr-1"
"subject130",0,-0.015,"diablo-full","sim-data_n-500_effect-2_sigma-def_corr-1"
"subject134",0,0.107,"diablo-full","sim-data_n-500_effect-2_sigma-def_corr-1"
"subject138",0,0.028,"diablo-full","sim-data_n-500_effect-2_sigma-def_corr-1"
"subject142",0,-0.005,"diablo-full","sim-data_n-500_effect-2_sigma-def_corr-1"
"subject146",0,0.009,"diablo-full","sim-data_n-500_effect-2_sigma-def_corr-1"
"subject147",1,0.962,"diablo-full","sim-data_n-500_effect-2_sigma-def_corr-1"
"subject148",0,-0.032,"diablo-full","sim-data_n-500_effect-2_sigma-def_corr-1"
"subject153",0,0.006,"diablo-full","sim-data_n-500_effect-2_sigma-def_corr-1"
"subject163",0,0.005,"diablo-full","sim-data_n-500_effect-2_sigma-def_corr-1"
"subject165",1,0.958,"diablo-full","sim-data_n-500_effect-2_sigma-def_corr-1"
"subject166",1,1.024,"diablo-full","sim-data_n-500_effect-2_sigma-def_corr-1"
"subject168",1,0.927,"diablo-full","sim-data_n-500_effect-2_sigma-def_corr-1"
"subject172",0,-0.019,"diablo-full","sim-data_n-500_effect-2_sigma-def_corr-1"
"subject174",1,0.981,"diablo-full","sim-data_n-500_effect-2_sigma-def_corr-1"
"subject176",1,0.93,"diablo-full","sim-data_n-500_effect-2_sigma-def_corr-1"
"subject180",0,0.023,"diablo-full","sim-data_n-500_effect-2_sigma-def_corr-1"
"subject181",1,0.959,"diablo-full","sim-data_n-500_effect-2_sigma-def_corr-1"
"subject182",0,0.027,"diablo-full","sim-data_n-500_effect-2_sigma-def_corr-1"
"subject184",1,0.948,"diablo-full","sim-data_n-500_effect-2_sigma-def_corr-1"
"subject190",1,0.932,"diablo-full","sim-data_n-500_effect-2_sigma-def_corr-1"
"subject192",0,0.044,"diablo-full","sim-data_n-500_effect-2_sigma-def_corr-1"
"subject198",1,0.91,"diablo-full","sim-data_n-500_effect-2_sigma-def_corr-1"
"subject201",1,1.001,"diablo-full","sim-data_n-500_effect-2_sigma-def_corr-1"
"subject205",1,1.002,"diablo-full","sim-data_n-500_effect-2_sigma-def_corr-1"
"subject208",0,0.006,"diablo-full","sim-data_n-500_effect-2_sigma-def_corr-1"
"subject212",0,-0.052,"diablo-full","sim-data_n-500_effect-2_sigma-def_corr-1"
"subject214",0,-0.014,"diablo-full","sim-data_n-500_effect-2_sigma-def_corr-1"
"subject215",0,0.012,"diablo-full","sim-data_n-500_effect-2_sigma-def_corr-1"
"subject216",1,0.987,"diablo-full","sim-data_n-500_effect-2_sigma-def_corr-1"
"subject217",1,0.902,"diablo-full","sim-data_n-500_effect-2_sigma-def_corr-1"
"subject220",0,-0.071,"diablo-full","sim-data_n-500_effect-2_sigma-def_corr-1"
"subject221",0,0.04,"diablo-full","sim-data_n-500_effect-2_sigma-def_corr-1"
"subject224",1,1.033,"diablo-full","sim-data_n-500_effect-2_sigma-def_corr-1"
"subject226",0,0.065,"diablo-full","sim-data_n-500_effect-2_sigma-def_corr-1"
"subject227",1,0.893,"diablo-full","sim-data_n-500_effect-2_sigma-def_corr-1"
"subject231",0,0.021,"diablo-full","sim-data_n-500_effect-2_sigma-def_corr-1"
"subject233",0,0.028,"diablo-full","sim-data_n-500_effect-2_sigma-def_corr-1"
"subject234",1,0.915,"diablo-full","sim-data_n-500_effect-2_sigma-def_corr-1"
"subject237",1,0.913,"diablo-full","sim-data_n-500_effect-2_sigma-def_corr-1"
"subject243",1,0.993,"diablo-full","sim-data_n-500_effect-2_sigma-def_corr-1"
"subject245",0,0.058,"diablo-full","sim-data_n-500_effect-2_sigma-def_corr-1"
"subject248",1,0.969,"diablo-full","sim-data_n-500_effect-2_sigma-def_corr-1"
"subject259",0,-0.001,"diablo-full","sim-data_n-500_effect-2_sigma-def_corr-1"
"subject260",1,0.964,"diablo-full","sim-data_n-500_effect-2_sigma-def_corr-1"
"subject265",1,0.99,"diablo-full","sim-data_n-500_effect-2_sigma-def_corr-1"
"subject266",1,0.92,"diablo-full","sim-data_n-500_effect-2_sigma-def_corr-1"
"subject270",0,-0.022,"diablo-full","sim-data_n-500_effect-2_sigma-def_corr-1"
"subject271",0,0.053,"diablo-full","sim-data_n-500_effect-2_sigma-def_corr-1"
"subject273",0,-0.042,"diablo-full","sim-data_n-500_effect-2_sigma-def_corr-1"
"subject278",1,0.931,"diablo-full","sim-data_n-500_effect-2_sigma-def_corr-1"
"subject281",0,-0.051,"diablo-full","sim-data_n-500_effect-2_sigma-def_corr-1"
"subject286",1,0.975,"diablo-full","sim-data_n-500_effect-2_sigma-def_corr-1"
"subject288",1,1,"diablo-full","sim-data_n-500_effect-2_sigma-def_corr-1"
"subject297",0,0.008,"diablo-full","sim-data_n-500_effect-2_sigma-def_corr-1"
"subject299",1,0.966,"diablo-full","sim-data_n-500_effect-2_sigma-def_corr-1"
"subject300",0,0.053,"diablo-full","sim-data_n-500_effect-2_sigma-def_corr-1"
"subject302",0,-0.019,"diablo-full","sim-data_n-500_effect-2_sigma-def_corr-1"
"subject311",0,0.009,"diablo-full","sim-data_n-500_effect-2_sigma-def_corr-1"
"subject312",0,0.037,"diablo-full","sim-data_n-500_effect-2_sigma-def_corr-1"
"subject319",1,1.001,"diablo-full","sim-data_n-500_effect-2_sigma-def_corr-1"
"subject320",0,-0.017,"diablo-full","sim-data_n-500_effect-2_sigma-def_corr-1"
"subject323",0,0.054,"diablo-full","sim-data_n-500_effect-2_sigma-def_corr-1"
"subject326",1,0.999,"diablo-full","sim-data_n-500_effect-2_sigma-def_corr-1"
"subject331",1,0.98,"diablo-full","sim-data_n-500_effect-2_sigma-def_corr-1"
"subject334",1,1.064,"diablo-full","sim-data_n-500_effect-2_sigma-def_corr-1"
"subject335",1,0.995,"diablo-full","sim-data_n-500_effect-2_sigma-def_corr-1"
"subject338",1,0.935,"diablo-full","sim-data_n-500_effect-2_sigma-def_corr-1"
"subject343",1,0.974,"diablo-full","sim-data_n-500_effect-2_sigma-def_corr-1"
"subject344",0,-0.009,"diablo-full","sim-data_n-500_effect-2_sigma-def_corr-1"
"subject347",0,0.006,"diablo-full","sim-data_n-500_effect-2_sigma-def_corr-1"
"subject349",1,0.957,"diablo-full","sim-data_n-500_effect-2_sigma-def_corr-1"
"subject351",1,0.921,"diablo-full","sim-data_n-500_effect-2_sigma-def_corr-1"
"subject352",0,0.059,"diablo-full","sim-data_n-500_effect-2_sigma-def_corr-1"
"subject353",0,0.073,"diablo-full","sim-data_n-500_effect-2_sigma-def_corr-1"
"subject356",0,0.018,"diablo-full","sim-data_n-500_effect-2_sigma-def_corr-1"
"subject362",0,0.04,"diablo-full","sim-data_n-500_effect-2_sigma-def_corr-1"
"subject364",0,0.067,"diablo-full","sim-data_n-500_effect-2_sigma-def_corr-1"
"subject368",1,0.966,"diablo-full","sim-data_n-500_effect-2_sigma-def_corr-1"
"subject376",1,0.965,"diablo-full","sim-data_n-500_effect-2_sigma-def_corr-1"
"subject377",0,0.005,"diablo-full","sim-data_n-500_effect-2_sigma-def_corr-1"
"subject378",1,0.932,"diablo-full","sim-data_n-500_effect-2_sigma-def_corr-1"
"subject379",1,0.948,"diablo-full","sim-data_n-500_effect-2_sigma-def_corr-1"
"subject389",1,0.904,"diablo-full","sim-data_n-500_effect-2_sigma-def_corr-1"
"subject392",0,0.003,"diablo-full","sim-data_n-500_effect-2_sigma-def_corr-1"
"subject395",1,0.965,"diablo-full","sim-data_n-500_effect-2_sigma-def_corr-1"
"subject403",0,0.044,"diablo-full","sim-data_n-500_effect-2_sigma-def_corr-1"
"subject404",0,0.013,"diablo-full","sim-data_n-500_effect-2_sigma-def_corr-1"
"subject405",1,0.968,"diablo-full","sim-data_n-500_effect-2_sigma-def_corr-1"
"subject408",0,-0.027,"diablo-full","sim-data_n-500_effect-2_sigma-def_corr-1"
"subject410",0,-0.009,"diablo-full","sim-data_n-500_effect-2_sigma-def_corr-1"
"subject418",1,0.981,"diablo-full","sim-data_n-500_effect-2_sigma-def_corr-1"
"subject422",0,-0.015,"diablo-full","sim-data_n-500_effect-2_sigma-def_corr-1"
"subject430",0,0.068,"diablo-full","sim-data_n-500_effect-2_sigma-def_corr-1"
"subject435",0,0.016,"diablo-full","sim-data_n-500_effect-2_sigma-def_corr-1"
"subject437",1,0.92,"diablo-full","sim-data_n-500_effect-2_sigma-def_corr-1"
"subject440",1,1.031,"diablo-full","sim-data_n-500_effect-2_sigma-def_corr-1"
"subject445",1,0.959,"diablo-full","sim-data_n-500_effect-2_sigma-def_corr-1"
"subject447",0,0.031,"diablo-full","sim-data_n-500_effect-2_sigma-def_corr-1"
"subject449",1,0.989,"diablo-full","sim-data_n-500_effect-2_sigma-def_corr-1"
"subject450",1,1.024,"diablo-full","sim-data_n-500_effect-2_sigma-def_corr-1"
"subject453",0,0.003,"diablo-full","sim-data_n-500_effect-2_sigma-def_corr-1"
"subject459",0,0.056,"diablo-full","sim-data_n-500_effect-2_sigma-def_corr-1"
"subject466",1,1.039,"diablo-full","sim-data_n-500_effect-2_sigma-def_corr-1"
"subject467",1,0.987,"diablo-full","sim-data_n-500_effect-2_sigma-def_corr-1"
"subject471",0,0,"diablo-full","sim-data_n-500_effect-2_sigma-def_corr-1"
"subject472",1,0.923,"diablo-full","sim-data_n-500_effect-2_sigma-def_corr-1"
"subject473",1,1.001,"diablo-full","sim-data_n-500_effect-2_sigma-def_corr-1"
"subject476",0,0.036,"diablo-full","sim-data_n-500_effect-2_sigma-def_corr-1"
"subject478",0,-0.054,"diablo-full","sim-data_n-500_effect-2_sigma-def_corr-1"
"subject479",1,0.946,"diablo-full","sim-data_n-500_effect-2_sigma-def_corr-1"
"subject482",1,0.994,"diablo-full","sim-data_n-500_effect-2_sigma-def_corr-1"
"subject483",1,0.906,"diablo-full","sim-data_n-500_effect-2_sigma-def_corr-1"
"subject485",0,0.031,"diablo-full","sim-data_n-500_effect-2_sigma-def_corr-1"
"subject489",0,0.065,"diablo-full","sim-data_n-500_effect-2_sigma-def_corr-1"
"subject495",1,1.008,"diablo-full","sim-data_n-500_effect-2_sigma-def_corr-1"
"subject496",1,0.914,"diablo-full","sim-data_n-500_effect-2_sigma-def_corr-1"
"subject499",1,1.052,"diablo-full","sim-data_n-500_effect-2_sigma-def_corr-1"
